1175776367;11.102;-12.2;1012.478;-5.978;17.202;1029.802;0;
1175786519;11.102;-12.2;1012.356;-5.978;17.202;1029.6801;0;
1175796667;11.102;-12.078;1012.356;-5.978;17.202;1029.802;0;
1175805968;11.102;-12.078;1012.478;-5.978;17.324;1029.802;0;
1175816115;11.224;-12.078;1012.356;-5.978;17.324;1029.802;0;
1175826261;11.224;-12.078;1012.356;-5.978;17.324;1029.802;0;
1175836408;11.224;-12.2;1012.356;-5.856;17.324;1029.802;0;
1175846251;11.102;-12.2;1012.356;-5.856;17.324;1029.802;0;
1175856438;11.102;-12.078;1012.356;-5.856;17.324;1029.802;0;
1175864836;11.102;-12.2;1012.356;-5.856;17.324;1029.802;0;
1175869842;11.102;-12.2;1012.356;-5.856;17.324;1029.802;0;
1175876567;11.102;-12.2;1012.356;-5.856;17.324;1029.802;0;
1175884954;11.102;-12.2;1012.356;-5.856;17.324;1029.802;0;
1175889957;11.102;-12.2;1012.356;-5.856;17.324;1029.802;0;
1175896681;11.102;-12.2;1012.356;-5.856;17.324;1029.802;0;
1175904690;11.102;-12.322;1012.356;-5.856;17.324;1029.802;0;
1175909728;11.102;-12.322;1012.356;-5.856;17.324;1029.802;0;
1175916439;11.102;-12.322;1012.356;-5.856;17.202;1029.802;0;
1175924823;11.224;-12.2;1012.356;-5.856;17.202;1029.802;0;
1175929828;11.224;-12.2;1012.356;-5.856;17.202;1029.6801;0;
1175936547;11.224;-12.2;1012.356;-5.856;17.202;1029.6801;0;
1175944933;11.224;-12.322;1012.356;-5.856;17.202;1029.6801;0;
1175949937;11.224;-12.322;1012.356;-5.856;17.202;1029.558;0;
1175957973;11.224;-12.2;1012.356;-5.856;17.324;1029.558;0;
1175964702;11.224;-12.2;1012.356;-5.856;17.324;1029.558;0;
1175969709;11.224;-12.2;1012.356;-5.856;17.324;1029.6801;0;
1175975515;11.224;-12.322;1012.356;-5.856;17.324;1029.6801;0;
1175981338;11.224;-12.322;1012.356;-5.856;17.324;1029.6801;0;
1175988057;11.224;-12.322;1012.356;-5.856;17.324;1029.6801;0;
1175994748;11.224;-12.322;1012.356;-5.856;17.324;1029.6801;0;
1176001064;11.224;-12.322;1012.356;-5.856;17.324;1029.802;0;
1176006097;11.224;-12.322;1012.356;-5.856;17.324;1029.802;0;
1176011910;11.224;-12.322;1012.356;-5.856;17.324;1029.802;0;
1176018626;11.224;-12.322;1012.356;-5.856;17.324;1029.6801;0;
1176024468;11.224;-12.2;1012.356;-5.856;17.324;1029.6801;0;
1176029474;11.224;-12.2;1012.356;-5.856;17.324;1029.6801;0;
1176035284;11.224;-12.2;1012.356;-5.856;17.324;1029.6801;0;
1176041102;11.224;-12.2;1012.356;-5.856;17.324;1029.6801;0;
1176049142;11.224;-12.2;1012.356;-5.856;17.324;1029.6801;0;
1176055021;11.224;-12.2;1012.356;-5.856;17.324;1029.6801;0;
1176060035;11.224;-12.2;1012.356;-5.856;17.324;1029.6801;0;
1176065840;11.224;-12.2;1012.356;-5.856;17.324;1029.6801;0;
1176071660;11.224;-12.2;1012.356;-5.856;17.324;1029.6801;0;
1176078384;11.224;-12.2;1012.356;-5.856;17.324;1029.6801;0;
1176084225;11.224;-12.2;1012.356;-5.856;17.324;1029.6801;0;
1176089231;11.224;-12.2;1012.356;-5.856;17.446;1029.6801;0;
1176096358;11.224;-12.322;1012.356;-5.856;17.446;1029.6801;0;
1176101396;11.224;-12.322;1012.356;-5.856;17.446;1029.6801;0;
1176108109;11.224;-12.2;1012.356;-5.856;17.446;1029.6801;0;
1176114803;11.224;-12.2;1012.356;-5.856;17.446;1029.6801;0;
1176119827;11.224;-12.2;1012.356;-5.856;17.446;1029.6801;0;
1176125632;11.224;-12.2;1012.356;-5.856;17.446;1029.6801;0;
1176131456;11.224;-12.2;1012.356;-5.856;17.324;1029.802;0;
1176138178;11.102;-12.2;1012.356;-5.856;17.324;1029.802;0;
1176144505;11.102;-12.322;1012.356;-5.856;17.324;1029.802;0;
1176149539;11.102;-12.322;1012.356;-5.856;17.324;1029.6801;0;
1176155347;11.102;-12.322;1012.356;-5.856;17.324;1029.6801;0;
1176161169;11.102;-12.322;1012.356;-5.856;17.324;1029.6801;0;
1176166977;11.224;-12.322;1012.478;-5.856;17.324;1029.6801;0;
1176172796;11.224;-12.322;1012.478;-5.978;17.324;1029.802;0;
1176179516;11.102;-12.2;1012.478;-5.978;17.324;1029.802;0;
1176185829;11.102;-12.2;1012.478;-5.978;17.324;1029.802;0;
1176190870;11.102;-12.2;1012.478;-5.978;17.324;1029.802;0;
1176196669;11.102;-12.2;1012.478;-5.978;17.324;1029.802;0;
1176202495;11.102;-12.2;1012.478;-5.978;17.324;1029.802;0;
1176209215;11.102;-12.2;1012.356;-5.978;17.324;1029.802;0;
1176214213;11.102;-12.078;1012.356;-5.978;17.324;1029.802;0;
1176220036;11.102;-12.078;1012.356;-5.978;17.324;1029.802;0;
1176225847;11.102;-12.078;1012.356;-5.978;17.324;1029.802;0;
1176233054;11.102;-12.078;1012.356;-5.978;17.446;1029.802;0;
1176238994;11.102;-12.2;1012.356;-5.978;17.324;1029.802;0;
1176243999;11.102;-12.2;1012.356;-5.978;17.324;1029.802;0;
1176249823;11.102;-12.2;1012.356;-5.978;17.324;1029.802;0;
1176255629;11.102;-12.2;1012.356;-5.978;17.324;1029.802;0;
1176261451;11.102;-12.2;1012.356;-5.978;17.324;1029.802;0;
1176267260;11.102;-12.2;1012.356;-5.978;17.324;1029.802;0;
1176273084;11.102;-12.2;1012.356;-5.978;17.446;1029.802;0;
1176281120;11.102;-12.2;1012.356;-5.978;17.324;1029.802;0;
1176286153;11.224;-12.2;1012.356;-5.978;17.324;1029.802;0;
1176291970;11.224;-12.2;1012.356;-5.978;17.324;1029.802;0;
1176297781;11.224;-12.2;1012.356;-5.978;17.324;1029.802;0;
1176303597;11.224;-12.2;1012.356;-5.978;17.324;1029.802;0;
1176310321;11.224;-12.2;1012.356;-5.978;17.324;1029.802;0;
1176315323;11.224;-12.2;1012.356;-5.978;17.324;1029.802;0;
1176321144;11.224;-12.2;1012.356;-5.978;17.324;1029.6801;0;
1176328267;11.224;-12.2;1012.356;-5.978;17.324;1029.6801;0;
1176333307;11.224;-12.2;1012.356;-6.1;17.202;1029.6801;0;
1176340025;11.224;-12.2;1012.356;-6.1;17.202;1029.6801;0;
1176345020;11.224;-12.2;1012.234;-6.1;17.202;1029.6801;0;
1176350840;11.224;-12.2;1012.234;-6.1;17.202;1029.558;0;
1176356652;11.224;-12.2;1012.234;-6.1;17.202;1029.558;0;
1176362471;11.224;-12.2;1012.234;-6.1;17.324;1029.558;0;
1176370506;11.224;-12.078;1012.356;-6.1;17.324;1029.558;0;
1176375542;11.224;-12.078;1012.356;-6.1;17.324;1029.558;0;
1176381356;11.224;-12.078;1012.356;-5.978;17.324;1029.558;0;
1176387163;11.224;-12.078;1012.356;-5.978;17.324;1029.558;0;
1176392985;11.224;-12.078;1012.356;-5.978;17.324;1029.558;0;
1176398795;11.224;-12.078;1012.356;-5.978;17.324;1029.558;0;
1176405524;11.224;-12.2;1012.356;-5.978;17.324;1029.558;0;
1176410531;11.224;-12.2;1012.356;-5.978;17.324;1029.558;0;
1176417654;11.224;-12.2;1012.356;-5.978;17.324;1029.558;0;
1176422708;11.224;-12.2;1012.356;-5.978;17.324;1029.558;0;
1176428513;11.224;-12.2;1012.234;-5.978;17.324;1029.558;0;
1176435240;11.224;-12.2;1012.234;-5.978;17.324;1029.558;0;
1176440241;11.224;-12.2;1012.234;-5.978;17.324;1029.6801;0;
1176446047;11.346;-12.078;1012.234;-5.978;17.324;1029.6801;0;
1176451871;11.346;-12.078;1012.234;-5.978;17.324;1029.6801;0;
1176457679;11.346;-12.078;1012.234;-5.978;17.324;1029.6801;0;
1176465726;11.346;-12.078;1012.234;-5.856;17.324;1029.6801;0;
1176470763;11.346;-12.078;1012.234;-5.856;17.324;1029.6801;0;
1176476568;11.346;-12.078;1012.234;-5.856;17.324;1029.6801;0;
1176482388;11.346;-12.078;1012.234;-5.856;17.324;1029.558;0;
1176488196;11.346;-12.078;1012.234;-5.856;17.324;1029.558;0;
1176494925;11.346;-12.078;1012.234;-5.856;17.324;1029.558;0;
1176500782;11.346;-12.078;1012.234;-5.856;17.324;1029.558;0;
1176505782;11.224;-12.2;1012.234;-5.856;17.324;1029.558;0;
1176512798;11.224;-12.2;1012.234;-5.856;17.324;1029.558;0;
1176517821;11.224;-12.2;1012.234;-5.856;17.324;1029.558;0;
1176524548;11.346;-12.2;1012.234;-5.856;17.324;1029.558;0;
1176531246;11.346;-12.2;1012.234;-5.856;17.324;1029.558;0;
1176536239;11.346;-12.2;1012.234;-5.856;17.324;1029.558;0;
1176542058;11.346;-12.2;1012.234;-5.856;17.324;1029.558;0;
1176547865;11.346;-12.2;1012.234;-5.856;17.324;1029.558;0;
1176554597;11.346;-12.2;1012.234;-5.856;17.324;1029.558;0;
1176565956;11.346;-12.2;1012.234;-5.856;17.324;1029.6801;0;
1176571844;11.346;-12.2;1012.234;-5.856;17.446;1029.6801;0;
1176576841;11.346;-12.2;1012.356;-5.856;17.446;1029.6801;0;
1176582665;11.346;-12.2;1012.356;-5.856;17.446;1029.6801;0;
1176588475;11.346;-12.2;1012.234;-5.856;17.446;1029.6801;0;
1176595205;11.224;-12.2;1012.356;-5.856;17.446;1029.6801;0;
1176601902;11.224;-12.2;1012.356;-5.856;17.324;1029.6801;0;
1176608283;11.346;-12.2;1012.356;-5.856;17.324;1029.6801;0;
1176614229;11.346;-12.2;1012.234;-5.856;17.324;1029.6801;0;
1176621785;11.346;-12.2;1012.234;-5.856;17.324;1029.6801;0;
1176626780;11.224;-12.2;1012.234;-5.856;17.324;1029.6801;0;
1176632603;11.224;-12.2;1012.234;-5.856;17.446;1029.558;0;
1176638412;11.224;-12.078;1012.356;-5.856;17.446;1029.558;0;
1176645144;11.224;-12.078;1012.234;-5.856;17.446;1029.558;0;
1176651843;11.224;-12.078;1012.234;-5.856;17.324;1029.6801;0;
1176658153;11.224;-12.078;1012.234;-5.856;17.324;1029.6801;0;
1176664096;11.224;-12.078;1012.356;-5.856;17.324;1029.6801;0;
1176672490;11.224;-12.078;1012.356;-5.856;17.324;1029.6801;0;
1176677492;11.224;-12.078;1012.356;-5.856;17.324;1029.6801;0;
1176684220;11.102;-12.078;1012.356;-5.856;17.324;1029.6801;0;
1176692611;11.102;-12.078;1012.356;-5.856;17.446;1029.6801;0;
1176697604;11.102;-12.2;1012.356;-5.856;17.446;1029.6801;0;
1176704334;11.102;-12.2;1012.356;-5.856;17.446;1029.6801;0;
1176712420;11.102;-12.2;1012.356;-5.856;17.446;1029.802;0;
1176717457;11.102;-12.078;1012.356;-5.856;17.446;1029.802;0;
1176724174;11.102;-12.078;1012.356;-5.856;17.324;1029.802;0;
1176732573;11.102;-12.078;1012.356;-5.856;17.324;1029.9241;0;
1176737575;11.102;-12.078;1012.356;-5.856;17.324;1029.9241;0;
1176744299;11.102;-12.078;1012.356;-5.978;17.324;1029.9241;0;
1176753600;11.224;-12.078;1012.234;-5.978;17.324;1029.9241;0;
1176763751;11.224;-12.078;1012.234;-5.978;17.324;1030.046;0;
1176773528;11.102;-12.078;1012.234;-5.978;17.324;1030.046;0;
1176783714;11.224;-12.2;1012.234;-5.978;17.324;1029.9241;0;
1176793873;11.224;-12.078;1012.234;-6.1;17.324;1029.9241;0;
1176804023;11.224;-12.078;1012.356;-6.1;17.324;1030.046;0;
1176813322;11.224;-12.078;1012.356;-6.1;17.324;1029.9241;0;
1176823467;11.224;-12.078;1012.356;-5.978;17.324;1029.9241;0;
1176833614;11.102;-11.956;1012.356;-5.978;17.324;1029.9241;0;
1176843386;11.102;-12.078;1012.356;-5.978;17.324;1029.9241;0;
1176853567;11.102;-12.078;1012.356;-5.978;17.324;1029.9241;0;
1176863718;11.102;-12.078;1012.356;-5.978;17.324;1029.9241;0;
1176873868;11.102;-12.078;1012.478;-5.978;17.324;1029.9241;0;
1176882251;11.102;-12.078;1012.478;-5.978;17.324;1029.9241;0;
1176887255;11.102;-12.078;1012.478;-5.978;17.324;1029.9241;0;
1176893979;11.102;-12.078;1012.478;-5.978;17.446;1029.9241;0;
1176902365;11.224;-12.2;1012.478;-5.978;17.446;1029.9241;0;
1176908688;11.224;-12.2;1012.478;-5.978;17.446;1029.9241;0;
1176914633;11.102;-12.2;1012.356;-5.978;17.446;1029.9241;0;
1176922235;11.102;-12.2;1012.356;-5.978;17.446;1029.9241;0;
1176927246;11.102;-12.2;1012.356;-5.978;17.446;1029.9241;0;
1176933970;11.102;-12.078;1012.478;-5.978;17.324;1029.9241;0;
1176942358;11.102;-11.956;1012.356;-5.978;17.324;1029.9241;0;
1176947360;11.102;-11.956;1012.356;-5.978;17.324;1030.046;0;
1176954088;11.102;-11.956;1012.478;-5.978;17.324;1029.9241;0;
1176962102;11.102;-12.078;1012.478;-5.978;17.324;1029.9241;0;
1176967151;11.102;-12.078;1012.478;-5.978;17.324;1029.9241;0;
1176973859;11.102;-12.2;1012.356;-5.978;17.324;1030.046;0;
1176982247;11.102;-12.2;1012.356;-5.978;17.324;1030.046;0;
1176987249;11.102;-12.2;1012.356;-5.978;17.324;1030.046;0;
1176993062;11.102;-12.2;1012.356;-5.978;17.324;1030.046;0;
1176998880;11.102;-12.2;1012.356;-5.978;17.324;1030.046;0;
1177005605;11.102;-12.2;1012.356;-5.978;17.446;1030.046;0;
1177011914;11.102;-12.078;1012.356;-5.978;17.446;1030.046;0;
1177016957;11.102;-12.078;1012.356;-5.978;17.446;1030.046;0;
1177022759;11.102;-12.078;1012.356;-5.978;17.446;1030.046;0;
1177028582;11.102;-12.078;1012.356;-5.978;17.446;1030.046;0;
1177035299;11.102;-12.078;1012.356;-5.978;17.446;1030.046;0;
1177041990;10.98;-12.078;1012.356;-5.978;17.446;1030.046;0;
1177046993;10.98;-12.078;1012.356;-5.978;17.446;1030.046;0;
1177055036;10.98;-12.078;1012.356;-5.856;17.446;1030.046;0;
1177061763;11.102;-12.2;1012.356;-5.856;17.446;1030.046;0;
1177066771;11.102;-12.2;1012.356;-5.978;17.446;1030.046;0;
1177072584;11.102;-12.2;1012.478;-5.978;17.446;1030.046;0;
1177078401;11.102;-12.2;1012.478;-5.856;17.446;1029.9241;0;
1177085123;11.102;-12.078;1012.478;-5.856;17.446;1029.9241;0;
1177091819;10.98;-12.078;1012.478;-5.856;17.446;1029.9241;0;
1177096825;10.98;-12.078;1012.478;-5.856;17.446;1029.9241;0;
1177104855;10.98;-11.956;1012.478;-5.856;17.446;1029.802;0;
1177112432;10.98;-11.956;1012.478;-5.856;17.446;1029.802;0;
1177117440;10.98;-11.956;1012.478;-5.856;17.446;1029.802;0;
1177123253;11.102;-12.078;1012.478;-5.856;17.446;1029.802;0;
1177129074;11.102;-12.078;1012.478;-5.856;17.446;1029.802;0;
1177135796;11.102;-12.078;1012.478;-5.856;17.446;1029.802;0;
1177141636;11.102;-12.078;1012.478;-5.856;17.446;1029.802;0;
1177146643;11.102;-12.078;1012.478;-5.856;17.446;1029.802;0;
1177153766;11.102;-12.078;1012.478;-5.856;17.446;1029.802;0;
1177158804;11.102;-12.078;1012.478;-5.856;17.446;1029.9241;0;
1177165519;10.98;-11.956;1012.356;-5.856;17.324;1029.802;0;
1177172214;10.98;-11.956;1012.356;-5.856;17.324;1029.802;0;
1177177220;10.98;-11.956;1012.356;-5.856;17.324;1029.9241;0;
1177183030;10.858;-11.956;1012.356;-5.856;17.324;1029.9241;0;
1177188852;10.858;-11.956;1012.356;-5.856;17.324;1029.9241;0;
1177195573;10.98;-11.834;1012.478;-5.856;17.324;1029.9241;0;
1177201884;10.98;-11.956;1012.478;-5.856;17.324;1029.9241;0;
1177206924;10.98;-11.956;1012.478;-5.856;17.324;1029.9241;0;
1177212721;10.98;-12.078;1012.478;-5.856;17.324;1029.9241;0;
1177218547;10.98;-12.078;1012.478;-5.856;17.324;1029.9241;0;
1177224352;10.98;-12.078;1012.478;-5.856;17.324;1029.9241;0;
1177230172;10.98;-12.078;1012.478;-5.856;17.324;1029.9241;0;
1177236898;10.98;-12.078;1012.478;-5.856;17.324;1029.9241;0;
1177243216;10.98;-12.078;1012.356;-5.856;17.324;1029.9241;0;
1177248264;10.98;-12.078;1012.356;-5.856;17.324;1029.802;0;
1177254063;10.98;-12.078;1012.356;-5.856;17.324;1029.802;0;
1177259882;10.98;-12.078;1012.356;-5.856;17.324;1029.9241;0;
1177266606;10.98;-12.078;1012.356;-5.856;17.324;1029.9241;0;
1177271604;11.102;-11.956;1012.356;-5.856;17.324;1029.9241;0;
1177277425;11.102;-11.956;1012.356;-5.856;17.324;1029.9241;0;
1177283234;11.102;-11.956;1012.356;-5.856;17.324;1029.9241;0;
1177290375;11.102;-11.956;1012.356;-5.856;17.324;1029.9241;0;
1177296320;11.224;-12.078;1012.478;-5.856;17.324;1029.9241;0;
1177301322;11.224;-12.078;1012.356;-5.856;17.324;1029.9241;0;
1177307143;11.224;-12.078;1012.356;-5.856;17.324;1029.9241;0;
1177312955;11.224;-12.2;1012.356;-5.856;17.324;1029.9241;0;
1177318777;11.224;-12.2;1012.356;-5.856;17.324;1029.9241;0;
1177324584;11.224;-12.078;1012.356;-5.856;17.324;1029.9241;0;
1177330406;11.224;-12.078;1012.356;-5.978;17.324;1029.9241;0;
1177338325;11.224;-12.078;1012.356;-5.978;17.324;1029.802;0;
1177343355;11.224;-12.078;1012.356;-5.978;17.324;1029.802;0;
1177349171;11.224;-12.078;1012.356;-5.978;17.324;1029.9241;0;
1177354973;11.224;-11.956;1012.478;-5.978;17.324;1029.9241;0;
1177360798;11.224;-11.956;1012.478;-5.978;17.324;1029.9241;0;
1177367522;11.224;-11.956;1012.478;-5.978;17.324;1029.802;0;
1177372518;11.224;-11.956;1012.478;-5.978;17.324;1029.802;0;
1177378337;11.224;-11.956;1012.478;-5.978;17.324;1029.802;0;
1177385592;11.224;-12.078;1012.478;-5.978;17.324;1029.802;0;
1177390633;11.224;-12.078;1012.478;-5.978;17.324;1029.802;0;
1177397347;11.224;-12.078;1012.478;-5.978;17.324;1029.9241;0;
1177402347;11.224;-12.078;1012.478;-5.978;17.324;1029.9241;0;
1177408168;11.224;-12.078;1012.478;-5.856;17.324;1029.802;0;
1177413975;11.224;-12.078;1012.478;-5.856;17.324;1029.802;0;
1177419796;11.224;-12.078;1012.478;-5.856;17.324;1029.802;0;
1177427910;11.224;-12.078;1012.478;-5.856;17.324;1029.9241;0;
1177432939;11.224;-12.078;1012.356;-5.856;17.324;1029.9241;0;
1177438757;11.224;-12.078;1012.356;-5.978;17.324;1029.802;0;
1177444562;11.224;-12.078;1012.356;-5.978;17.324;1029.802;0;
1177450384;11.224;-12.078;1012.356;-5.978;17.324;1029.802;0;
1177456194;11.102;-12.078;1012.356;-5.978;17.324;1029.802;0;
1177462924;11.224;-12.078;1012.356;-5.978;17.202;1029.9241;0;
1177467927;11.224;-12.078;1012.356;-5.978;17.324;1029.9241;0;
1177475116;11.224;-12.2;1012.356;-5.978;17.324;1029.9241;0;
1177480162;11.224;-12.2;1012.356;-5.978;17.324;1029.802;0;
1177485964;11.224;-12.2;1012.356;-5.978;17.324;1029.802;0;
1177492692;11.224;-12.2;1012.356;-5.978;17.324;1029.802;0;
1177497694;11.224;-12.2;1012.356;-5.978;17.202;1029.6801;0;
1177503504;11.224;-12.078;1012.356;-5.978;17.202;1029.6801;0;
1177509328;11.224;-12.078;1012.356;-5.978;17.202;1029.6801;0;
1177515132;11.224;-12.078;1012.356;-5.978;17.202;1029.6801;0;
1177523240;11.102;-12.078;1012.478;-5.978;17.202;1029.6801;0;
1177528283;11.102;-12.078;1012.478;-5.978;17.202;1029.6801;0;
1177534089;11.102;-12.078;1012.478;-5.978;17.202;1029.6801;0;
1177539905;11.102;-12.078;1012.478;-5.978;17.202;1029.6801;0;
1177545712;11.224;-12.078;1012.478;-5.978;17.202;1029.6801;0;
1177552446;11.102;-12.2;1012.478;-5.978;17.202;1029.6801;0;
1177558301;11.102;-12.2;1012.478;-5.978;17.202;1029.6801;0;
1177563297;11.224;-12.2;1012.356;-5.978;17.202;1029.6801;0;
1177570431;11.224;-12.2;1012.356;-5.856;17.324;1030.046;0;
1177575463;11.102;-12.566;1012.234;-5.856;17.324;1030.046;0;
1177582186;10.614;-12.322;1012.234;-5.612;17.568;1030.5341;0;
1177588883;10.614;-12.322;1012.234;-5.734;17.812;1030.29;0;
1177593882;10.37;-11.59;1012.478;-5.734;17.812;1030.29;0;
1177599706;10.37;-11.59;1012.478;-5.856;17.934;1029.9241;0;
1177605510;10.492;-11.834;1012.722;-5.856;17.934;1029.9241;0;
1177613549;10.492;-10.98;1012.6;-6.344;17.69;1030.046;0;
1177618586;10.492;-10.98;1012.6;-6.344;17.446;1029.802;0;
1177624384;11.224;-11.712;1012.6;-6.344;17.446;1029.802;0;
1177630206;11.224;-11.712;1012.6;-6.222;17.446;1029.436;0;
1177636016;11.102;-12.932;1012.6;-6.222;17.446;1029.436;0;
1177642742;11.59;-11.346;1012.722;-6.466;17.568;1029.558;0;
1177649439;11.59;-11.346;1012.722;-6.71;17.568;1029.558;0;
1177654435;12.322;-11.468;1012.722;-6.71;17.568;1029.558;0;
1177662479;10.858;-13.054;1012.478;-6.222;17.69;1029.6801;0;
1177669213;10.858;-13.054;1012.478;-5.856;17.934;1029.6801;0;
1177674213;10.492;-12.566;1012.356;-5.856;17.934;1029.6801;0;
1177680034;10.492;-12.566;1012.356;-6.466;17.934;1029.314;0;
1177685843;11.346;-11.712;1012.478;-6.466;17.934;1029.314;0;
1177692570;10.736;-12.078;1012.6;-6.1;17.69;1029.436;0;
1177699267;10.736;-12.078;1012.6;-6.1;17.812;1029.558;0;
1177704266;10.858;-11.956;1012.6;-6.1;17.812;1029.558;0;
1177712308;10.736;-10.126;1012.478;-6.588;17.812;1029.436;0;
1177719884;10.736;-10.126;1012.478;-6.222;17.812;1029.6801;0;
1177724900;8.54;-9.882;1012.234;-6.222;17.812;1029.6801;0;
1177731456;7.076;-11.834;1011.746;-6.344;18.422;1030.412;0;
1177739757;7.076;-11.834;1011.746;-6.222;19.276;1030.9;0;
1177744662;6.588;-12.078;1011.624;-6.222;19.276;1030.9;0;
1177751305;7.32;-11.712;1011.868;-5.978;20.008;1030.656;0;
1177759606;7.32;-11.712;1011.868;-5.49;20.374;1029.802;0;
1177765836;11.59;-12.078;1012.844;-5.49;20.374;1029.802;0;
1177771786;15.128;-13.054;1013.332;-4.636;20.008;1028.704;0;
1177781086;14.03;-13.786;1013.088;-4.636;20.008;1029.0701;0;
1177791235;12.688;-12.688;1012.722;-4.758;19.886;1029.558;0;
1177801384;12.932;-11.712;1012.478;-4.758;19.276;1029.314;0;
1177809779;12.932;-11.712;1012.478;-5.002;19.032;1029.802;0;
1177814771;12.81;-12.688;1012.478;-5.002;19.032;1029.802;0;
1177821504;12.932;-12.688;1012.356;-5.49;18.91;1029.9241;0;
1177831331;13.42;-11.834;1012.6;-6.1;18.666;1029.802;0;
1177841514;13.42;-12.688;1012.478;-6.466;18.666;1029.802;0;
1177850816;13.054;-12.688;1012.478;-6.588;18.666;1030.046;0;
1177860964;13.298;-11.956;1012.478;-6.954;18.422;1029.9241;0;
1177871107;13.176;-12.566;1012.478;-6.832;18.178;1029.9241;0;
1177881252;12.932;-12.688;1012.356;-6.71;17.934;1029.9241;0;
1177891397;14.152;-11.224;1011.99;-6.466;18.056;1030.778;0;
1177901227;17.324;-10.248;1012.234;-6.832;17.202;1030.656;0;
1177911408;20.374;-10.248;1012.478;-7.686;15.494;1029.558;0;
1177920717;24.278;-12.932;1012.966;-8.418;14.274;1029.0701;0;
1177930861;30.256;-16.47;1013.454;-8.784;13.542;1029.0701;0;
1177941009;32.818;-15.982;1013.088;-8.418;12.688;1029.9241;0;
1177951155;30.134;-14.152;1012.722;-7.686;11.102;1030.5341;0;
1177959544;24.888;-12.81;1011.624;-7.686;11.102;1030.5341;0;
1177964548;24.888;-12.81;1011.624;-5.978;10.004;1031.632;0;
1177972648;20.74;-10.492;1010.77;-4.392;9.15;1032.8521;0;
1177981040;19.886;-8.662;1011.258;-3.294;7.564;1031.998;0;
1177991011;20.252;-10.492;1011.746;-2.196;6.222;1030.778;0;
1178000161;21.96;-13.42;1011.868;-2.196;6.222;1030.778;0;
1178005073;21.96;-13.42;1011.868;-2.196;5.612;1030.412;0;
1178011706;25.986;-14.64;1012.844;-3.294;4.514;1028.704;0;
1178020036;28.67;-15.372;1014.064;-3.294;4.514;1028.704;0;
1178024964;28.67;-15.372;1014.064;-3.904;3.172;1027.484;0;
1178032928;28.06;-16.958;1013.698;-3.904;2.806;1028.2161;0;
1178039574;26.474;-17.812;1012.6;-3.904;2.806;1028.2161;0;
1178044495;26.474;-17.812;1012.6;-4.026;2.684;1029.314;0;
1178050216;25.376;-17.69;1012.478;-4.026;2.684;1029.314;0;
1178055953;25.376;-17.69;1012.478;-3.904;2.196;1029.9241;0;
1178062587;25.254;-16.958;1012.844;-3.538;1.098;1029.558;0;
1178070032;25.132;-15.616;1013.21;-3.538;1.098;1029.558;0;
1178074950;25.132;-15.616;1013.21;-3.66;0.0;1028.948;0;
1178082965;24.522;-15.006;1013.21;-3.66;-0.732;1028.826;0;
1178089684;24.034;-14.884;1012.966;-3.66;-0.732;1028.826;0;
1178094696;24.034;-14.884;1012.966;-3.782;-1.342;1028.826;0;
1178100506;23.79;-14.518;1013.088;-3.782;-1.342;1028.826;0;
1178106328;23.79;-14.518;1013.088;-3.782;-2.074;1028.46;0;
1178113048;23.79;-13.542;1013.332;-3.904;-2.928;1027.85;0;
1178119741;23.424;-11.468;1013.576;-3.904;-2.928;1027.85;0;
1178124748;23.424;-11.468;1013.576;-4.27;-4.148;1027.24;0;
1178132848;20.13;-9.394;1013.332;-4.27;-4.88;1028.2161;0;
1178139486;15.128;-9.516;1012.722;-4.27;-4.88;1028.2161;0;
1178144410;15.128;-9.516;1012.722;-4.514;-4.88;1030.046;0;
1178150130;14.03;-10.614;1012.112;-4.514;-4.88;1030.046;0;
1178155953;14.03;-10.614;1012.112;-5.612;-5.002;1029.802;0;
1178162673;16.958;-11.102;1012.356;-6.954;-5.124;1029.0701;0;
1178169363;20.618;-12.2;1012.6;-6.954;-5.124;1029.0701;0;
1178175555;20.618;-12.2;1012.6;-7.93;-5.246;1028.582;0;
1178180588;21.838;-13.42;1011.99;-7.93;-5.246;1028.582;0;
1178186408;21.838;-13.42;1011.99;-8.296;-4.758;1029.436;0;
1178193127;19.642;-12.81;1011.746;-8.174;-4.148;1030.9;0;
1178198968;15.616;-10.614;1012.234;-8.174;-4.148;1030.9;0;
1178203976;15.616;-10.614;1012.234;-7.442;-4.148;1030.778;0;
1178209781;12.444;-11.102;1012.234;-7.442;-4.148;1030.778;0;
1178215608;12.444;-11.102;1012.234;-6.71;-3.66;1030.5341;0;
1178223776;13.42;-12.2;1012.112;-6.71;-2.928;1030.778;0;
1178229653;15.86;-12.078;1012.112;-6.71;-2.928;1030.778;0;
1178234668;15.86;-12.078;1012.112;-6.832;-2.318;1030.412;0;
1178240475;15.616;-11.956;1012.234;-6.832;-2.318;1030.412;0;
1178246299;15.616;-11.956;1012.234;-6.222;-1.342;1030.778;0;
1178253022;14.152;-11.102;1012.356;-5.49;-0.122;1030.778;0;
1178258870;13.908;-11.346;1012.234;-5.49;-0.122;1030.778;0;
1178263872;13.908;-11.346;1012.234;-5.368;1.22;1030.412;0;
1178270979;14.518;-12.2;1012.112;-5.368;1.22;1030.412;0;
1178275935;14.518;-12.2;1012.112;-5.246;2.562;1030.29;0;
1178281644;15.25;-10.614;1012.112;-5.246;2.562;1030.29;0;
1178287380;15.25;-10.614;1012.112;-5.124;4.148;1030.5341;0;
1178294013;16.714;-10.98;1012.112;-5.002;5.978;1030.778;0;
1178298919;18.91;-12.2;1012.112;-5.002;5.978;1030.778;0;
1178304649;18.91;-12.2;1012.112;-5.124;7.442;1030.412;0;
1178310377;20.13;-11.346;1012.112;-5.124;7.442;1030.412;0;
1178317483;20.13;-11.346;1012.112;-5.49;8.906;1030.29;0;
1178322427;20.13;-11.834;1012.234;-5.49;8.906;1030.29;0;
1178328160;20.13;-11.834;1012.234;-5.612;10.37;1030.412;0;
1178334880;19.032;-12.078;1012.234;-6.1;11.59;1030.29;0;
1178339875;16.348;-11.59;1012.112;-6.1;11.59;1030.29;0;
1178345697;16.348;-11.59;1012.112;-6.466;12.81;1030.046;0;
1178351507;13.664;-12.444;1012.112;-6.466;12.81;1030.046;0;
1178357327;13.664;-12.444;1012.112;-6.832;13.786;1029.9241;0;
1178365426;10.248;-12.322;1012.234;-7.32;14.762;1029.6801;0;
1178370453;6.222;-11.59;1012.234;-7.32;14.762;1029.6801;0;
1178376185;6.222;-11.59;1012.234;-7.442;15.86;1029.6801;0;
1178381907;4.026;-12.322;1012.234;-7.442;15.86;1029.6801;0;
1178387641;4.026;-12.322;1012.234;-7.32;17.202;1029.802;0;
1178394274;3.172;-12.444;1012.234;-7.198;18.544;1029.802;0;
1178399186;3.416;-11.956;1012.112;-7.198;18.544;1029.802;0;
1178406297;3.416;-11.956;1012.112;-7.198;19.886;1029.558;0;
1178411242;5.368;-12.078;1012.112;-7.198;19.886;1029.558;0;
1178416967;5.368;-12.078;1012.112;-6.954;21.35;1029.6801;0;
1178422687;6.954;-11.956;1012.234;-6.954;21.35;1029.6801;0;
1178429331;8.906;-12.078;1012.234;-6.71;22.936;1029.802;0;
1178434246;8.906;-12.078;1012.234;-6.466;24.4;1029.802;0;
1178439964;11.102;-12.566;1012.234;-6.466;24.4;1029.802;0;
1178445793;11.102;-12.566;1012.234;-6.344;25.62;1029.802;0;
1178452977;11.712;-12.2;1012.356;-6.344;25.62;1029.802;0;
1178458017;11.712;-12.2;1012.356;-6.344;26.718;1029.9241;0;
1178464733;11.59;-11.834;1012.356;-6.466;27.694;1029.802;0;
1178469731;10.858;-12.078;1012.234;-6.466;27.694;1029.802;0;
1178475552;10.858;-12.078;1012.234;-6.71;28.426;1029.558;0;
1178481358;9.15;-11.712;1012.234;-6.71;28.426;1029.558;0;
1178487095;9.15;-11.712;1012.234;-6.954;29.158;1029.558;0;
1178492814;6.71;-11.59;1012.234;-6.954;29.158;1029.558;0;
1178500776;4.27;-11.956;1012.234;-6.954;29.768;1029.436;0;
1178505731;4.27;-11.956;1012.234;-6.954;30.5;1029.192;0;
1178511445;1.464;-12.2;1012.234;-6.954;30.5;1029.192;0;
1178517181;1.464;-12.2;1012.234;-7.198;31.476;1029.192;0;
1178522902;-0.61;-12.688;1012.234;-7.198;31.476;1029.192;0;
1178529629;-2.318;-12.932;1012.356;-7.198;32.818;1029.192;0;
1178535476;-2.318;-12.932;1012.356;-7.442;33.916;1029.0701;0;
1178612288;15.86;-14.762;1012.356;-8.418;42.334;1029.192;0;
1178617352;15.86;-14.762;1012.356;-7.808;43.554;1030.29;0;
1178623156;18.788;-12.078;1012.234;-7.808;43.554;1030.29;0;
1178629878;19.398;-9.028;1011.99;-8.784;43.31;1030.656;0;
1178635639;19.398;-9.028;1011.99;-7.93;42.822;1030.168;0;
1178640545;20.496;-14.762;1012.112;-7.93;42.822;1030.168;0;
1178646370;20.496;-14.762;1012.112;-7.198;41.602;1029.192;0;
1178652180;15.372;-12.81;1012.234;-7.198;41.602;1029.192;0;
1178660304;6.954;-9.272;1012.234;-7.564;40.382;1028.948;0;
1178666015;6.954;-9.272;1012.234;-6.466;38.796;1028.582;0;
1178670838;1.708;-12.444;1012.6;-6.466;38.796;1028.582;0;
1178676574;1.708;-12.444;1012.6;-6.222;37.576;1028.948;0;
1178682292;-3.538;-13.786;1012.478;-6.222;37.576;1028.948;0;
1178689028;-5.124;-11.712;1012.356;-6.1;36.478;1028.948;0;
1178696575;-5.124;-11.712;1012.356;-5.856;35.136;1028.582;0;
1178701573;-3.294;-12.2;1012.478;-5.856;35.136;1028.582;0;
1178709673;-2.684;-13.42;1012.356;-5.856;34.16;1029.192;0;
1178716407;-2.684;-13.42;1012.356;-5.734;33.184;1029.314;0;
1178721407;-1.83;-11.956;1012.234;-5.734;33.184;1029.314;0;
1178727228;-1.83;-11.956;1012.234;-5.856;32.452;1029.0701;0;
1178733036;-0.976;-12.688;1012.356;-5.856;32.452;1029.0701;0;
1178739767;-0.244;-12.932;1012.234;-5.856;31.598;1029.314;0;
1178746470;-0.244;-12.932;1012.234;-6.1;30.866;1029.314;0;
1178752849;0.366;-11.712;1012.234;-6.1;30.866;1029.314;0;
1178758704;0.732;-12.81;1012.356;-6.344;30.134;1028.948;0;
1178767012;0.732;-12.81;1012.356;-6.344;29.402;1028.582;0;
1178771919;1.342;-12.2;1012.234;-6.344;29.402;1028.582;0;
1178778560;2.074;-11.956;1012.234;-6.588;28.67;1028.826;0;
1178786862;2.074;-11.956;1012.234;-6.588;28.06;1028.948;0;
1178791766;2.684;-13.176;1012.234;-6.588;28.06;1028.948;0;
1178798406;3.05;-12.2;1012.112;-6.466;27.328;1028.826;0;
1178807243;3.05;-12.2;1012.112;-6.344;26.718;1028.826;0;
1178812197;3.66;-12.444;1012.112;-6.344;26.718;1028.826;0;
1178818831;4.392;-13.176;1012.112;-5.978;25.986;1028.704;0;
1178827167;4.392;-13.176;1012.112;-5.856;25.376;1028.704;0;
1178832076;4.758;-12.2;1012.112;-5.856;25.376;1028.704;0;
1178838716;5.246;-12.932;1012.112;-5.49;24.644;1028.704;0;
1178848771;5.612;-12.932;1012.112;-5.246;24.034;1028.704;0;
1178858828;5.856;-12.2;1012.112;-5.246;23.302;1028.582;0;
1178868579;6.222;-13.054;1012.112;-5.246;22.448;1028.704;0;
1178878677;6.588;-12.688;1012.112;-5.49;21.716;1028.582;0;
1178888740;6.832;-12.444;1012.112;-5.856;20.862;1028.704;0;
1178898802;7.076;-13.176;1012.234;-5.978;19.764;1028.704;0;
1178908860;6.71;-12.078;1012.112;-6.832;18.666;1028.826;0;
1178918072;5.368;-12.81;1011.868;-7.198;17.568;1028.948;0;
1178928130;4.026;-13.176;1011.624;-6.832;16.592;1028.704;0;
1178938191;3.538;-11.59;1012.112;-6.71;15.738;1028.338;0;
1178948781;2.562;-12.2;1012.234;-6.1;15.006;1027.85;0;
1178958034;-1.586;-11.468;1011.746;-5.978;14.03;1028.46;0;
1178968184;-7.442;-7.93;1011.502;-6.1;13.054;1028.704;0;
1178978246;-12.81;-6.954;1011.868;-6.344;12.566;1027.606;0;
1178988392;-15.25;-8.296;1012.478;-8.052;12.566;1027.118;0;
1178998541;-14.64;-9.15;1012.6;-10.248;13.42;1027.484;0;
1179007021;-12.322;-10.858;1012.844;-10.248;13.42;1027.484;0;
1179012203;-12.322;-10.858;1012.844;-12.444;14.64;1028.094;0;
1179020483;-7.93;-13.664;1012.966;-14.518;15.86;1027.85;0;
1179027310;-2.44;-15.006;1012.722;-14.518;15.86;1027.85;0;
1179032410;-2.44;-15.006;1012.722;-16.226;16.958;1027.24;0;
1179039215;0.854;-13.298;1012.478;-16.348;18.422;1028.094;0;
1179048513;0.61;-11.468;1012.478;-15.372;19.52;1028.338;0;
1179056897;-2.074;-11.346;1012.6;-15.372;19.52;1028.338;0;
1179061988;-2.074;-11.346;1012.6;-13.542;20.374;1027.606;0;
1179070102;-4.026;-11.834;1012.478;-11.224;21.35;1026.752;0;
1179076932;-4.88;-12.688;1012.478;-11.224;21.35;1026.752;0;
1179082027;-4.88;-12.688;1012.478;-9.394;22.57;1027.484;0;
1179088752;-5.124;-14.274;1012.722;-7.442;24.034;1028.46;0;
1179097137;-2.684;-14.152;1013.088;-7.442;24.034;1028.46;0;
1179102141;-2.684;-14.152;1013.088;-6.832;25.132;1027.728;0;
1179107951;2.44;-11.59;1012.722;-6.832;25.132;1027.728;0;
1179113686;2.44;-11.59;1012.722;-7.076;26.84;1027.972;0;
1179126071;6.344;-12.322;1012.722;-6.588;28.548;1029.192;0;
1179131933;6.344;-14.884;1012.844;-6.71;29.28;1029.192;0;
1179136851;1.83;-13.786;1012.844;-6.71;29.28;1029.192;0;
1179142583;1.83;-13.786;1012.844;-7.564;29.646;1028.338;0;
1179149215;-2.318;-11.224;1012.844;-8.906;30.256;1027.972;0;
1179156754;-2.684;-11.224;1012.478;-8.906;30.256;1027.972;0;
1179161760;-2.684;-11.224;1012.478;-10.004;30.988;1028.094;0;
1179167656;-1.586;-12.566;1012.6;-10.004;30.988;1028.094;0;
1179174950;-1.586;-12.566;1012.6;-10.858;31.964;1028.826;0;
1179180978;-0.488;-13.542;1012.844;-11.59;33.062;1029.9241;0;
1179186920;0.366;-13.176;1012.478;-11.59;33.062;1029.9241;0;
1179191926;0.366;-13.176;1012.478;-12.078;33.672;1030.412;0;
1179197741;0.366;-11.834;1012.234;-12.078;33.672;1030.412;0;
1179203556;0.366;-11.834;1012.234;-12.078;34.16;1030.046;0;
1179210281;0.244;-11.59;1012.112;-11.712;34.648;1029.6801;0;
1179216975;0.854;-12.688;1012.356;-11.712;34.648;1029.6801;0;
1179223363;0.854;-12.688;1012.356;-11.102;35.136;1030.046;0;
1179228393;2.684;-13.786;1012.478;-11.102;35.136;1030.046;0;
1179234212;2.684;-13.786;1012.478;-10.248;35.624;1029.9241;0;
1179240931;3.416;-13.298;1012.356;-9.028;35.99;1029.9241;0;
1179246687;3.172;-11.834;1012.234;-9.028;35.99;1029.9241;0;
1179251597;3.172;-11.834;1012.234;-7.808;36.234;1029.802;0;
1179257323;3.66;-11.59;1012.356;-7.808;36.234;1029.802;0;
1179264436;3.66;-11.59;1012.356;-6.71;36.6;1029.9241;0;
1179270292;3.904;-12.688;1012.234;-5.612;36.844;1030.168;0;
1179276891;4.148;-13.054;1012.234;-5.612;36.844;1030.168;0;
1179281806;4.148;-13.054;1012.234;-4.88;36.844;1029.802;0;
1179287526;3.904;-12.444;1012.234;-4.88;36.844;1029.802;0;
1179293261;3.904;-12.444;1012.234;-4.514;36.722;1029.802;0;
1179298983;4.026;-12.2;1012.234;-4.514;36.722;1029.802;0;
1179304721;4.026;-12.2;1012.234;-4.514;36.722;1029.9241;0;
1179316343;4.88;-12.444;1012.234;-4.636;36.6;1029.9241;0;
1179321311;4.88;-12.444;1012.234;-5.368;36.356;1029.802;0;
1179327022;5.49;-12.2;1012.356;-5.368;36.356;1029.802;0;
1179332758;5.49;-12.2;1012.356;-5.978;35.99;1029.314;0;
1179338480;5.734;-12.322;1012.356;-5.978;35.99;1029.314;0;
1179344218;5.734;-12.322;1012.356;-6.588;35.624;1029.6801;0;
1179350851;5.978;-12.322;1012.356;-7.32;35.136;1030.046;0;
1179356601;6.466;-11.956;1012.234;-7.32;35.136;1030.046;0;
1179362839;6.466;-11.956;1012.234;-7.686;34.404;1029.802;0;
1179367779;7.686;-11.834;1012.112;-7.686;34.404;1029.802;0;
1179373508;7.686;-11.834;1012.112;-7.93;33.794;1030.046;0;
1179379228;10.004;-11.956;1012.234;-7.93;33.794;1030.046;0;
1179385049;10.004;-11.956;1012.234;-7.808;33.062;1030.046;0;
1179391773;12.444;-12.444;1012.478;-7.198;31.964;1029.802;0;
1179396774;14.518;-12.566;1012.478;-7.198;31.964;1029.802;0;
1179402589;14.518;-12.566;1012.478;-6.71;30.866;1029.802;0;
1179409719;16.348;-12.322;1012.356;-6.71;30.866;1029.802;0;
1179414757;16.348;-12.322;1012.356;-5.612;29.646;1029.802;0;
1179421472;17.812;-12.444;1012.356;-4.148;28.182;1030.168;0;
1179426465;17.812;-11.956;1011.99;-4.148;28.182;1030.168;0;
1179432292;17.812;-11.956;1011.99;-3.05;26.718;1030.29;0;
1179438095;16.348;-11.834;1011.99;-3.05;26.718;1030.29;0;
1179443920;16.348;-11.834;1011.99;-1.586;24.644;1029.802;0;
1179449728;13.908;-12.81;1012.112;-1.586;24.644;1029.802;0;
1179457780;11.102;-12.566;1012.112;-0.488;22.814;1029.558;0;
1179462818;11.102;-12.566;1012.112;-0.122;21.228;1029.6801;0;
1179468618;8.296;-11.712;1011.99;-0.122;21.228;1029.6801;0;
1179474351;8.296;-11.712;1011.99;0.0;19.764;1029.9241;0;
1179479988;5.368;-12.81;1011.99;0.0;19.764;1029.9241;0;
1179485634;5.368;-12.81;1011.99;0.122;17.934;1029.192;0;
1179492185;3.782;-13.42;1012.112;-0.366;16.836;1029.192;0;
1179497091;2.074;-11.956;1011.746;-0.366;16.836;1029.192;0;
1179504148;2.074;-11.956;1011.746;-1.22;16.592;1030.046;0;
1179509092;1.586;-11.712;1011.502;-1.22;16.592;1030.046;0;
1179514817;1.586;-11.712;1011.502;-2.196;16.104;1030.046;0;
1179520543;4.514;-13.298;1011.502;-2.196;16.104;1030.046;0;
1179527186;6.71;-13.42;1011.38;-3.294;15.86;1029.6801;0;
1179532096;6.71;-13.42;1011.38;-4.148;15.86;1029.314;0;
1179537815;9.272;-10.98;1011.624;-4.148;15.86;1029.314;0;
1179543553;9.272;-10.98;1011.624;-4.758;17.324;1031.998;0;
1179550595;11.956;-10.736;1009.184;-4.758;17.324;1031.998;0;
1179556536;21.838;-11.468;1010.648;-5.368;18.178;1031.632;0;
1179562394;21.838;-11.468;1010.648;-5.368;17.08;1028.826;0;
1179567395;31.72;-11.834;1013.088;-5.368;17.08;1028.826;0;
1179573215;31.72;-11.834;1013.088;-4.148;16.714;1028.948;0;
1179579024;33.428;-14.152;1012.112;-4.148;16.714;1028.948;0;
1179584847;33.428;-14.152;1012.112;-4.392;15.738;1028.582;0;
1179592879;33.672;-13.176;1012.234;-4.392;13.908;1028.582;0;
1179597916;31.964;-11.834;1012.234;-4.392;13.908;1028.582;0;
1179603728;31.964;-11.834;1012.234;-3.66;12.2;1028.704;0;
1179609536;30.256;-13.786;1012.234;-3.66;12.2;1028.704;0;
1179615360;30.256;-13.786;1012.234;-4.026;10.248;1028.948;0;
1179621170;30.134;-12.566;1012.234;-4.026;10.248;1028.948;0;
1179627896;29.89;-12.078;1012.234;-3.904;7.686;1028.582;0;
1179632806;29.89;-12.078;1012.234;-4.026;5.612;1028.704;0;
1179639854;28.426;-14.152;1012.112;-4.026;5.612;1028.704;0;
1179644809;28.426;-14.152;1012.112;-3.782;3.66;1028.704;0;
1179650521;27.694;-12.932;1012.356;-3.782;3.66;1028.704;0;
1179657164;27.206;-12.81;1012.234;-3.904;1.83;1028.338;0;
1179662925;27.206;-12.81;1012.234;-4.27;0.122;1028.46;0;
1179667830;26.596;-13.908;1012.112;-4.27;0.122;1028.46;0;
1179673560;26.596;-13.908;1012.112;-4.514;-1.464;1028.704;0;
1179679377;25.742;-12.932;1012.234;-4.514;-1.464;1028.704;0;
1179687423;25.132;-13.054;1012.234;-5.002;-3.05;1028.704;0;
1179693309;25.132;-13.054;1012.234;-5.124;-4.392;1028.826;0;
1179698307;24.4;-13.542;1012.112;-5.124;-4.392;1028.826;0;
1179704128;24.4;-13.542;1012.112;-5.612;-5.856;1028.948;0;
1179709937;23.912;-12.81;1012.112;-5.612;-5.856;1028.948;0;
1179716665;23.424;-12.932;1012.234;-6.1;-7.076;1029.0701;0;
1179723362;23.424;-12.932;1012.234;-6.344;-8.174;1029.314;0;
1179728359;22.814;-12.566;1012.234;-6.344;-8.174;1029.314;0;
1179736403;22.326;-12.566;1012.234;-6.71;-9.15;1029.314;0;
1179743985;22.326;-12.566;1012.234;-6.954;-9.882;1029.314;0;
1179748988;21.838;-12.688;1012.234;-6.954;-9.882;1029.314;0;
1179754808;21.838;-12.688;1012.234;-7.32;-10.614;1029.436;0;
1179760708;21.472;-11.956;1012.356;-7.32;-10.614;1029.436;0;
1179767519;20.862;-13.054;1012.112;-7.32;-10.98;1029.6801;0;
1179774305;20.862;-13.054;1012.112;-7.442;-11.224;1029.802;0;
1179780693;20.618;-12.81;1012.112;-7.442;-11.224;1029.802;0;
1179786737;20.252;-13.176;1012.112;-7.442;-11.468;1029.802;0;
1179794380;20.252;-13.176;1012.112;-7.32;-11.468;1029.802;0;
1179799469;19.764;-12.932;1012.112;-7.32;-11.468;1029.802;0;
1179806281;19.642;-11.956;1012.234;-7.32;-11.468;1029.802;0;
1179813917;19.642;-11.956;1012.234;-7.198;-11.346;1029.802;0;
1179819000;19.398;-13.298;1012.112;-7.198;-11.346;1029.802;0;
1179825818;19.154;-12.566;1012.234;-7.198;-11.224;1029.802;0;
1179834643;19.154;-12.566;1012.234;-7.32;-10.858;1029.6801;0;
1179839774;19.032;-12.322;1012.234;-7.32;-10.858;1029.6801;0;
1179846583;19.154;-13.176;1012.478;-7.32;-10.126;1029.436;0;
1179854226;19.154;-13.176;1012.478;-7.564;-9.516;1029.0701;0;
1179859224;19.032;-12.566;1012.722;-7.564;-9.516;1029.0701;0;
1179865950;18.544;-12.688;1012.6;-7.686;-8.54;1028.948;0;
1179874339;18.544;-12.688;1012.6;-7.808;-7.442;1029.0701;0;
1179879336;17.69;-13.176;1012.356;-7.808;-7.442;1029.0701;0;
1179887514;17.324;-12.688;1012.356;-7.93;-6.222;1029.0701;0;
1179895997;17.202;-12.566;1012.478;-8.052;-4.88;1028.948;0;
1179906153;17.08;-12.932;1012.6;-8.052;-3.538;1028.826;0;
1179916303;17.446;-12.688;1012.478;-8.174;-2.074;1028.582;0;
1179925598;20.74;-12.2;1012.6;-8.784;-0.976;1028.2161;0;
1179935746;26.596;-11.59;1013.454;-9.15;0.244;1028.2161;0;
1179945803;32.33;-13.176;1014.552;-9.15;1.586;1028.46;0;
1179955861;34.16;-15.25;1014.796;-9.028;1.952;1028.094;0;
1179965545;28.182;-13.786;1012.844;-9.394;2.562;1029.0701;0;
1179975634;21.716;-10.736;1010.648;-10.004;3.416;1030.046;0;
1179985783;21.35;-10.126;1010.77;-9.76;3.782;1030.29;0;
1179995841;25.864;-13.054;1011.258;-9.882;3.782;1030.29;0;
1180005904;30.866;-15.006;1011.624;-9.882;4.27;1030.412;0;
1180015956;31.964;-15.128;1011.624;-8.906;5.124;1031.266;0;
1180026012;30.622;-15.25;1011.136;-6.954;5.856;1031.3881;0;
1180035687;28.914;-14.884;1011.624;-4.636;5.856;1029.802;0;
1180045780;26.84;-14.274;1012.844;-2.928;5.49;1028.094;0;
1180055845;22.936;-13.42;1012.966;-0.976;5.734;1028.46;0;
1180065902;19.642;-13.054;1011.99;-0.122;6.954;1029.6801;0;
1180075960;19.398;-13.298;1011.624;-0.244;8.174;1030.046;0;
1180084259;21.716;-13.908;1012.356;-0.244;8.174;1030.046;0;
1180089169;21.716;-13.908;1012.356;-0.854;8.906;1029.0701;0;
1180094895;25.132;-14.884;1012.966;-0.854;8.906;1029.0701;0;
1180101952;25.132;-14.884;1012.966;-2.44;9.638;1028.582;0;
1180107809;26.718;-15.738;1012.234;-3.782;10.98;1029.558;0;
1180114499;26.23;-15.86;1011.868;-3.782;10.98;1029.558;0;
1180119506;26.23;-15.86;1011.868;-4.88;12.078;1030.168;0;
1180126222;23.546;-14.518;1011.746;-5.49;12.688;1029.802;0;
1180134615;19.032;-11.102;1011.502;-5.49;12.688;1029.802;0;
1180139620;19.032;-11.102;1011.502;-5.612;13.298;1029.802;0;
1180146343;15.616;-8.662;1011.868;-5.612;13.908;1030.168;0;
1180154265;15.128;-9.516;1011.868;-5.612;13.908;1030.168;0;
1180159221;15.128;-9.516;1011.868;-5.734;14.518;1029.436;0;
1180164937;17.446;-11.59;1011.868;-5.734;14.518;1029.436;0;
1180170759;17.446;-11.59;1011.868;-5.978;15.25;1029.192;0;
1180177481;19.276;-13.664;1011.624;-5.734;16.226;1029.436;0;
1180184173;18.666;-13.908;1011.746;-5.734;16.226;1029.436;0;
1180189177;18.666;-13.908;1011.746;-5.368;16.836;1029.802;0;
1180194987;15.616;-12.078;1011.99;-5.368;16.836;1029.802;0;
1180202127;15.616;-12.078;1011.99;-4.758;17.202;1029.9241;0;
1180208074;13.054;-11.346;1011.99;-4.026;17.69;1030.168;0;
1180213920;13.298;-12.566;1011.99;-4.026;17.69;1030.168;0;
1180218928;13.298;-12.566;1011.99;-3.66;18.422;1030.046;0;
1180224734;14.274;-12.322;1012.112;-3.66;18.422;1030.046;0;
1180230560;14.274;-12.322;1012.112;-3.294;18.91;1029.9241;0;
1180237277;14.274;-11.59;1012.112;-3.05;19.154;1029.9241;0;
1180243970;14.396;-11.834;1012.112;-3.05;19.154;1029.9241;0;
1180250300;14.396;-11.834;1012.112;-2.806;19.642;1030.168;0;
1180255336;15.006;-12.078;1011.99;-2.806;19.642;1030.168;0;
1180261150;15.006;-12.078;1011.99;-2.684;20.252;1030.29;0;
1180267872;15.738;-11.712;1012.112;-2.928;20.618;1030.046;0;
1180274565;16.958;-12.2;1012.112;-2.928;20.618;1030.046;0;
1180279567;16.958;-12.2;1012.112;-3.172;20.862;1029.9241;0;
1180285376;17.568;-11.712;1012.234;-3.172;20.862;1029.9241;0;
1180292513;17.568;-11.712;1012.234;-3.66;20.984;1029.802;0;
1180298453;18.178;-10.98;1012.234;-4.026;21.106;1029.6801;0;
1180304304;18.666;-11.956;1012.234;-4.026;21.106;1029.6801;0;
1180309307;18.666;-11.956;1012.234;-4.27;21.228;1029.802;0;
1180315116;17.568;-12.2;1012.234;-4.27;21.228;1029.802;0;
1180320939;17.568;-12.2;1012.234;-4.636;20.984;1029.6801;0;
1180327664;15.494;-11.468;1012.234;-5.002;20.74;1029.436;0;
1180334355;13.298;-12.2;1012.112;-5.002;20.74;1029.436;0;
1180340672;13.298;-12.2;1012.112;-5.124;20.618;1029.436;0;
1180345708;10.736;-12.444;1012.112;-5.124;20.618;1029.436;0;
1180351522;10.736;-12.444;1012.112;-5.124;20.374;1029.436;0;
1180358247;8.418;-12.322;1012.112;-5.246;20.13;1029.314;0;
1180364002;6.466;-12.688;1012.234;-5.246;20.13;1029.314;0;
1180368913;6.466;-12.688;1012.234;-5.246;19.886;1029.314;0;
1180374641;4.88;-12.322;1012.234;-5.246;19.886;1029.314;0;
1180380377;4.88;-12.322;1012.234;-5.246;19.886;1029.314;0;
1180388316;4.88;-12.2;1012.234;-5.124;19.764;1029.314;0;
1180394105;5.856;-12.444;1012.234;-5.124;19.764;1029.314;0;
1180399028;5.856;-12.444;1012.234;-5.002;19.886;1029.314;0;
1180404748;6.71;-12.322;1012.356;-5.002;19.886;1029.314;0;
1180410481;6.71;-12.322;1012.356;-5.368;20.008;1029.558;0;
1180416200;8.54;-11.834;1012.356;-5.368;20.008;1029.558;0;
1180421942;8.54;-11.834;1012.356;-5.734;20.13;1029.558;0;
1180428575;10.248;-12.2;1012.234;-5.856;20.13;1029.6801;0;
1180434901;11.102;-12.322;1012.234;-5.856;20.13;1029.6801;0;
1180439936;11.102;-12.322;1012.234;-6.344;20.13;1029.558;0;
1180445740;11.834;-12.322;1012.234;-6.344;20.13;1029.558;0;
1180451564;11.834;-12.322;1012.234;-6.954;20.008;1029.436;0;
1180457371;11.102;-12.932;1012.234;-6.954;20.008;1029.436;0;
1180463192;11.102;-12.932;1012.234;-7.198;19.886;1029.436;0;
1180469916;9.272;-12.2;1012.234;-7.93;19.886;1029.314;0;
1180474822;7.93;-11.956;1012.234;-7.93;19.886;1029.314;0;
1180481874;7.93;-11.956;1012.234;-8.418;19.764;1029.192;0;
1180486818;6.1;-12.444;1012.234;-8.418;19.764;1029.192;0;
1180492544;6.1;-12.444;1012.234;-8.418;19.642;1029.192;0;
1180499184;3.416;-11.834;1012.234;-8.784;19.52;1029.0701;0;
1180504090;0.732;-11.59;1012.234;-8.784;19.52;1029.0701;0;
1180509826;0.732;-11.59;1012.234;-8.54;19.52;1028.704;0;
1180515543;-1.464;-12.566;1012.234;-8.54;19.52;1028.704;0;
1180522749;-1.464;-12.566;1012.234;-8.54;19.764;1028.704;0;
1180527784;-2.806;-12.932;1012.234;-8.54;19.764;1028.704;0;
1180534504;-3.416;-12.81;1012.234;-8.418;20.13;1028.704;0;
1180539511;-3.416;-12.81;1012.234;-8.418;20.618;1028.704;0;
1180545322;-2.562;-12.688;1012.112;-8.418;20.618;1028.704;0;
1180551144;-2.562;-12.688;1012.112;-8.418;21.228;1028.582;0;
1180556948;-1.342;-13.054;1012.234;-8.418;21.228;1028.582;0;
1180562771;-1.342;-13.054;1012.234;-8.418;22.082;1029.0701;0;
1180570810;1.22;-13.176;1012.234;-8.662;22.936;1028.948;0;
1180575751;5.124;-12.444;1012.112;-8.662;22.936;1028.948;0;
1180581475;5.124;-12.444;1012.112;-9.15;23.668;1028.826;0;
1180587198;8.784;-12.078;1012.112;-9.15;23.668;1028.826;0;
1180592934;8.784;-12.078;1012.112;-9.394;24.278;1028.826;0;
1180599572;11.712;-12.688;1011.99;-9.516;24.766;1028.826;0;
1180604562;12.566;-12.688;1011.99;-9.516;24.766;1028.826;0;
1180610392;12.566;-12.688;1011.99;-9.638;25.132;1029.0701;0;
1180617575;12.322;-12.444;1011.99;-9.638;25.132;1029.0701;0;
1180622613;12.322;-12.444;1011.99;-9.638;25.376;1028.948;0;
1180628410;10.736;-12.932;1011.99;-9.638;25.376;1028.948;0;
1180635139;7.564;-12.688;1012.112;-9.638;25.376;1029.0701;0;
1180640051;7.564;-12.688;1012.112;-9.516;25.376;1028.948;0;
1180645775;4.148;-12.078;1012.234;-9.516;25.376;1028.948;0;
1180651508;4.148;-12.078;1012.234;-9.394;25.376;1028.582;0;
1180657233;0.122;-12.444;1012.234;-9.394;25.376;1028.582;0;
1180665134;-4.026;-12.81;1012.112;-8.784;25.376;1028.826;0;
1180670172;-4.026;-12.81;1012.112;-8.296;25.62;1028.338;0;
1180675971;-4.88;-12.444;1012.112;-8.296;25.62;1028.338;0;
1180681792;-4.88;-12.444;1012.112;-7.93;26.23;1028.2161;0;
1180687601;-3.416;-12.566;1012.234;-7.93;26.23;1028.2161;0;
1180694331;-2.806;-12.81;1012.478;-7.686;26.718;1028.704;0;
1180700180;-2.806;-12.81;1012.478;-7.564;27.206;1028.582;0;
1180705176;-2.074;-12.688;1012.356;-7.564;27.206;1028.582;0;
1180712439;-2.074;-12.688;1012.356;-7.32;27.816;1028.46;0;
1180717472;-1.098;-13.176;1012.478;-7.32;27.816;1028.46;0;
1180724196;-0.488;-13.176;1012.356;-6.954;28.426;1028.582;0;
1180730893;-0.488;-13.176;1012.356;-7.076;28.792;1028.582;0;
1180735889;0.244;-12.932;1012.234;-7.076;28.792;1028.582;0;
1180741624;0.244;-12.932;1012.234;-6.954;29.402;1028.46;0;
1180747345;0.976;-13.176;1012.356;-6.954;29.402;1028.46;0;
1180755308;1.464;-13.054;1012.356;-6.832;29.89;1028.582;0;
1180761111;1.464;-13.054;1012.356;-7.076;30.378;1028.582;0;
1180766026;2.196;-12.81;1012.356;-7.076;30.378;1028.582;0;
1180771758;2.196;-12.81;1012.356;-7.198;30.744;1028.582;0;
1180777484;2.806;-12.81;1012.356;-7.198;30.744;1028.582;0;
1180784117;3.294;-12.688;1012.234;-7.442;30.988;1028.704;0;
1180791574;3.294;-12.688;1012.234;-7.442;31.354;1028.704;0;
1180796482;3.782;-12.932;1012.356;-7.442;31.354;1028.704;0;
1180804437;4.026;-13.054;1012.234;-7.198;31.476;1028.582;0;
1180811074;4.026;-13.054;1012.234;-7.076;31.598;1028.704;0;
1180815986;4.514;-12.81;1012.112;-7.076;31.598;1028.704;0;
1180821720;4.514;-12.81;1012.112;-6.832;31.598;1028.704;0;
1180827443;5.246;-12.81;1012.234;-6.832;31.598;1028.704;0;
1180834082;5.49;-12.81;1012.234;-6.588;31.476;1028.704;0;
1180841536;5.49;-12.81;1012.234;-6.222;31.354;1028.704;0;
1180846441;5.734;-12.688;1012.112;-6.222;31.354;1028.704;0;
1180854398;6.1;-12.81;1012.234;-5.856;31.232;1028.704;0;
1180861886;6.1;-12.81;1012.234;-5.612;30.988;1028.704;0;
1180866798;6.466;-12.688;1012.234;-5.612;30.988;1028.704;0;
1180873441;6.71;-12.81;1012.112;-5.246;30.744;1028.704;0;
1180881745;6.71;-12.81;1012.112;-5.124;30.378;1028.826;0;
1180886648;7.076;-12.81;1012.112;-5.124;30.378;1028.826;0;
1180893296;7.32;-12.81;1012.112;-5.002;29.89;1028.826;0;
1180901603;7.32;-12.81;1012.112;-4.88;29.402;1028.826;0;
1180907824;7.564;-12.81;1012.112;-4.88;29.402;1028.826;0;
1180913678;7.808;-12.81;1012.112;-5.002;28.792;1028.826;0;
1180921986;7.808;-12.81;1012.112;-5.002;28.182;1028.948;0;
1180926909;7.32;-12.322;1011.99;-5.002;28.182;1028.948;0;
1180933553;6.344;-13.054;1012.234;-5.246;27.328;1029.436;0;
1180941855;6.344;-13.054;1012.234;-5.124;26.596;1029.436;0;
1180946764;5.49;-13.054;1012.112;-5.124;26.596;1029.436;0;
1180953406;4.88;-10.614;1012.112;-4.636;25.498;1028.2161;0;
1180963095;1.83;-10.248;1012.234;-3.904;24.644;1027.728;0;
1180973190;-4.026;-9.394;1011.99;-3.538;23.79;1028.2161;0;
1180983258;-10.98;-7.32;1012.234;-3.782;22.814;1028.2161;0;
1180993408;-16.226;-8.296;1012.356;-4.27;22.448;1027.85;0;
1181003552;-17.812;-9.882;1012.722;-6.1;22.448;1028.094;0;
1181012853;-15.616;-11.102;1012.844;-8.662;23.058;1028.2161;0;
1181023089;-10.37;-11.956;1012.356;-11.224;24.034;1028.46;0;
1181033414;-3.66;-12.81;1012.234;-13.542;25.132;1029.0701;0;
1181043266;0.854;-13.298;1012.356;-13.908;25.62;1028.826;0;
1181053448;1.708;-12.566;1012.112;-13.664;25.742;1027.728;0;
1181062749;0.0;-12.078;1011.99;-12.322;26.108;1027.606;0;
1181072898;-3.05;-11.712;1012.112;-10.004;26.23;1027.3621;0;
1181083136;-5.368;-11.956;1011.99;-8.296;26.474;1027.85;0;
1181093286;-6.588;-12.932;1011.99;-6.1;26.962;1028.46;0;
1181103436;-4.392;-14.396;1012.356;-5.246;27.328;1028.338;0;
1181113197;0.854;-13.664;1012.478;-5.368;27.938;1028.948;0;
1181123297;3.66;-11.346;1012.356;-4.88;28.548;1029.558;0;
1181133361;4.392;-11.712;1011.99;-4.88;28.914;1030.29;0;
1181141663;3.904;-13.786;1011.868;-4.88;28.914;1030.29;0;
1181146570;3.904;-13.786;1011.868;-5.124;28.914;1029.9241;0;
1181152296;1.098;-13.542;1012.112;-5.124;28.914;1029.9241;0;
1181158034;1.098;-13.542;1012.112;-6.1;28.914;1029.558;0;
1181164667;-1.586;-11.834;1012.356;-7.564;29.036;1029.558;0;
1181171816;-2.928;-11.346;1012.6;-7.564;29.036;1029.558;0;
1181176856;-2.928;-11.346;1012.6;-8.906;29.402;1029.314;0;
1181183573;-3.294;-12.932;1012.478;-10.248;30.012;1030.168;0;
1181192051;-2.318;-14.274;1012.722;-10.248;30.012;1030.168;0;
1181197144;-2.318;-14.274;1012.722;-11.346;30.378;1030.412;0;
1181203948;-2.318;-13.542;1012.722;-12.2;30.5;1029.6801;0;
1181211577;-2.684;-11.956;1012.356;-12.2;30.5;1029.6801;0;
1181216669;-2.684;-11.956;1012.356;-12.444;31.11;1029.436;0;
1181224811;-0.854;-12.444;1012.478;-12.322;31.598;1030.046;0;
1181231636;2.562;-14.03;1012.6;-12.322;31.598;1030.046;0;
1181236652;2.562;-14.03;1012.6;-11.834;31.964;1030.046;0;
1181242456;4.636;-13.786;1012.6;-11.834;31.964;1030.046;0;
1181248280;4.636;-13.786;1012.6;-11.102;31.964;1029.436;0;
1181255002;5.368;-12.078;1012.356;-10.248;32.208;1029.558;0;
1181261692;6.466;-11.346;1012.234;-10.248;32.208;1029.558;0;
1181266698;6.466;-11.346;1012.234;-9.15;32.208;1029.9241;0;
1181274646;7.076;-12.444;1012.234;-8.052;32.086;1029.9241;0;
1181281278;6.71;-13.054;1012.356;-8.052;32.086;1029.9241;0;
1181286197;6.71;-13.054;1012.356;-7.32;31.598;1029.558;0;
1181291919;5.978;-12.932;1012.356;-7.32;31.598;1029.558;0;
1181297654;5.978;-12.932;1012.356;-6.71;31.354;1029.436;0;
1181303370;5.734;-12.688;1012.356;-6.71;31.354;1029.436;0;
1181309111;5.734;-12.688;1012.356;-6.466;30.988;1029.6801;0;
1181315742;5.124;-12.322;1012.234;-6.222;30.622;1029.6801;0;
1181321959;4.514;-12.566;1012.234;-6.222;30.622;1029.6801;0;
1181326905;4.514;-12.566;1012.234;-6.588;30.134;1029.558;0;
1181332621;4.636;-13.176;1012.356;-6.588;30.134;1029.558;0;
1181338357;4.636;-13.176;1012.356;-7.076;29.646;1029.0701;0;
1181344993;4.636;-13.542;1012.234;-7.564;29.402;1029.558;0;
1181351592;4.758;-12.932;1011.99;-7.564;29.402;1029.558;0;
1181356510;4.758;-12.932;1011.99;-8.418;29.036;1029.436;0;
1181363545;5.49;-11.834;1011.99;-8.418;29.036;1029.436;0;
1181368494;5.49;-11.834;1011.99;-8.906;28.548;1029.0701;0;
1181375115;7.442;-11.956;1011.99;-9.394;28.182;1029.436;0;
1181381724;10.37;-13.298;1012.234;-9.394;28.182;1029.436;0;
1181386729;10.37;-13.298;1012.234;-9.394;27.45;1029.192;0;
1181392534;12.932;-13.664;1012.356;-9.394;27.45;1029.192;0;
1181398362;12.932;-13.664;1012.356;-9.15;26.718;1029.192;0;
1181405082;14.762;-11.956;1012.234;-8.906;26.108;1029.558;0;
1181411394;17.202;-12.2;1012.112;-8.906;26.108;1029.558;0;
1181416424;17.202;-12.2;1012.112;-7.93;25.132;1029.6801;0;
1181422229;19.032;-13.542;1012.234;-7.93;25.132;1029.6801;0;
1181428048;19.032;-13.542;1012.234;-6.71;23.79;1029.558;0;
1181433860;19.032;-12.322;1012.112;-6.71;23.79;1029.558;0;
1181439680;19.032;-12.322;1012.112;-5.612;22.448;1029.6801;0;
1181446402;17.324;-11.834;1011.746;-4.148;20.862;1029.436;0;
1181451400;15.128;-13.054;1011.99;-4.148;20.862;1029.436;0;
1181458531;15.128;-13.054;1011.99;-2.806;19.032;1028.948;0;
1181463561;12.932;-13.176;1011.99;-2.806;19.032;1028.948;0;
1181469380;12.932;-13.176;1011.99;-2.074;17.568;1028.826;0;
1181476100;10.37;-12.2;1011.624;-1.586;16.348;1029.0701;0;
1181481094;6.954;-12.932;1011.99;-1.586;16.348;1029.0701;0;
1181486823;6.954;-12.932;1011.99;-1.22;14.64;1028.826;0;
1181492552;5.246;-13.298;1012.234;-1.22;14.64;1028.826;0;
1181498287;5.246;-13.298;1012.234;-1.342;13.664;1028.704;0;
1181506117;3.416;-12.2;1011.868;-1.83;13.176;1029.0701;0;
1181511058;3.416;-12.078;1011.868;-1.83;13.176;1029.0701;0;
1181516789;3.416;-12.078;1011.868;-2.44;12.566;1028.948;0;
1181522510;6.222;-13.298;1012.234;-2.44;12.566;1028.948;0;
1181528249;6.222;-13.298;1012.234;-3.172;12.322;1028.582;0;
1181533963;7.686;-13.054;1012.234;-3.172;12.322;1028.582;0;
1181539705;7.686;-13.054;1012.234;-4.026;12.444;1028.826;0;
1181546339;10.614;-11.59;1011.746;-4.758;13.42;1030.656;0;
1181552780;12.566;-12.81;1010.282;-4.758;13.42;1030.656;0;
1181557818;12.566;-12.81;1010.282;-4.514;15.25;1032.8521;0;
1181563623;12.932;-14.03;1009.916;-4.514;15.25;1032.8521;0;
1181569444;12.932;-14.03;1009.916;-4.27;15.128;1030.5341;0;
1181575248;16.714;-11.59;1011.99;-4.27;15.128;1030.5341;0;
1181581977;21.716;-9.272;1012.722;-3.172;13.908;1027.24;0;
1181586892;21.716;-9.272;1012.722;-2.44;15.006;1029.192;0;
1181593927;25.864;-11.468;1011.258;-2.44;15.006;1029.192;0;
1181598967;25.864;-11.468;1011.258;-2.928;15.738;1029.314;0;
1181604768;32.33;-13.786;1012.112;-2.928;15.738;1029.314;0;
1181611493;34.526;-13.176;1013.332;-3.05;14.274;1027.3621;0;
1181617343;34.526;-13.176;1013.332;-3.538;13.298;1028.2161;0;
1181622338;30.988;-12.566;1012.356;-3.538;13.298;1028.2161;0;
1181628160;30.988;-12.566;1012.356;-3.904;12.566;1029.0701;0;
1181633970;29.646;-13.054;1012.112;-3.904;12.566;1029.0701;0;
1181642012;29.402;-13.42;1012.234;-3.782;10.98;1028.582;0;
1181647051;29.402;-13.42;1012.234;-4.148;9.272;1028.46;0;
1181652766;28.426;-12.932;1012.112;-4.148;9.272;1028.46;0;
1181658497;28.426;-12.932;1012.112;-4.27;7.808;1028.582;0;
1181664221;27.694;-13.42;1012.234;-4.27;7.808;1028.582;0;
1181669959;27.694;-13.42;1012.234;-4.148;6.466;1028.704;0;
1181675679;26.718;-13.176;1012.234;-4.148;6.466;1028.704;0;
1181682317;25.742;-12.81;1012.234;-4.27;5.124;1028.704;0;
1181688550;25.742;-12.81;1012.234;-4.27;3.782;1028.704;0;
1181693491;24.766;-13.298;1012.112;-4.27;3.782;1028.704;0;
1181699220;24.766;-13.298;1012.112;-4.392;2.44;1028.704;0;
1181704940;23.79;-13.054;1012.112;-4.392;2.44;1028.704;0;
1181711584;23.546;-13.054;1012.234;-4.636;1.22;1028.582;0;
1181717364;23.546;-13.054;1012.234;-4.758;0.122;1028.704;0;
1181722291;23.424;-12.932;1012.234;-4.758;0.122;1028.704;0;
1181728023;23.424;-12.932;1012.234;-5.002;-0.976;1028.948;0;
1181735159;22.814;-12.444;1012.112;-5.002;-0.976;1028.948;0;
1181741104;21.96;-12.688;1011.868;-5.124;-1.952;1029.192;0;
1181747813;21.96;-12.688;1011.868;-5.49;-2.562;1029.314;0;
1181752811;21.716;-12.566;1011.99;-5.49;-2.562;1029.314;0;
1181758633;21.716;-12.566;1011.99;-5.49;-3.416;1029.314;0;
1181764440;21.594;-12.078;1011.99;-5.49;-3.416;1029.314;0;
1181771169;21.228;-12.322;1012.112;-5.734;-4.026;1029.192;0;
1181777868;21.228;-12.322;1012.112;-5.978;-4.392;1028.948;0;
1181784184;20.74;-13.42;1012.234;-5.978;-4.392;1028.948;0;
1181789227;20.74;-13.42;1012.234;-5.978;-4.636;1029.192;0;
1181795030;20.13;-13.298;1012.112;-5.978;-4.636;1029.192;0;
1181801757;19.642;-12.566;1012.112;-6.222;-4.88;1029.192;0;
1181808458;19.642;-12.566;1012.112;-6.344;-4.88;1029.192;0;
1181813458;19.276;-13.054;1012.112;-6.344;-4.88;1029.192;0;
1181819279;19.276;-13.054;1012.112;-6.588;-4.758;1029.314;0;
1181826392;19.154;-12.81;1012.356;-6.588;-4.758;1029.314;0;
1181832338;18.666;-12.932;1012.112;-6.832;-4.636;1029.436;0;
1181838196;18.666;-12.932;1012.112;-7.076;-4.636;1029.192;0;
1181843193;18.422;-12.566;1012.112;-7.076;-4.636;1029.192;0;
1181849018;18.422;-12.566;1012.112;-7.442;-4.514;1029.192;0;
1181854826;18.178;-12.2;1012.112;-7.442;-4.514;1029.192;0;
1181861555;18.178;-12.566;1012.112;-7.808;-4.392;1029.0701;0;
1181869099;18.178;-12.566;1012.112;-8.052;-4.148;1028.704;0;
1181875414;18.422;-12.444;801.0;0;
