1756946651;9.028;-12.322;1012.966;-10.736;20.618;1030.656;0;
1756956805;9.028;-12.444;1012.966;-10.614;21.594;1030.656;0;
1756966948;9.028;-12.444;1012.966;-10.248;22.57;1030.656;0;
1756975333;9.15;-12.444;1012.966;-10.248;22.57;1030.656;0;
1756980334;9.15;-12.444;1012.966;-10.126;23.668;1030.656;0;
1756987061;9.15;-12.322;1012.966;-10.004;25.01;1030.656;0;
1756995801;9.15;-12.322;1012.966;-10.004;25.01;1030.656;0;
1757000838;9.15;-12.322;1012.966;-10.004;26.23;1030.656;0;
1757007552;9.15;-12.2;1012.966;-9.638;27.206;1030.778;0;
1757015852;9.15;-12.2;1012.966;-9.638;27.206;1030.778;0;
1757020771;9.15;-12.2;1012.966;-9.028;27.572;1030.656;0;
1757027404;9.15;-12.2;1013.088;-8.418;27.694;1030.656;0;
1757035702;9.15;-12.2;1013.088;-8.418;27.694;1030.656;0;
1757040618;9.15;-12.2;1013.088;-8.296;27.572;1030.778;0;
1757048763;9.272;-12.322;1013.088;-9.15;27.45;1030.656;0;
1757055391;9.272;-12.322;1013.088;-9.15;27.45;1030.656;0;
1757060309;9.272;-12.322;1013.088;-10.37;27.206;1030.656;0;
1757066118;9.272;-12.444;1013.088;-10.37;27.206;1030.656;0;
1757071935;9.272;-12.444;1013.088;-11.59;26.718;1030.5341;0;
1757078658;9.272;-12.322;1013.088;-12.444;26.352;1030.656;0;
1757085347;9.272;-12.322;1013.21;-12.444;26.352;1030.656;0;
1757091675;9.272;-12.322;1013.21;-12.81;26.596;1030.656;0;
1757097618;9.15;-12.322;1013.21;-12.078;26.962;1030.656;0;
1757105158;9.15;-12.2;1013.088;-12.078;26.962;1030.656;0;
1757110156;9.15;-12.2;1013.088;-10.126;27.206;1030.656;0;
1757115972;9.15;-12.2;1013.088;-10.126;27.206;1030.656;0;
1757121787;9.15;-12.2;1013.088;-7.93;27.45;1030.778;0;
1757128426;9.15;-12.322;1013.21;-6.222;27.816;1030.778;0;
1757135031;9.15;-12.322;1013.21;-6.222;27.816;1030.778;0;
1757141257;9.15;-12.322;1013.21;-5.49;28.182;1030.656;0;
1757146203;9.15;-12.322;1013.21;-5.49;28.182;1030.656;0;
1757151930;9.15;-12.322;1013.21;-5.49;28.67;1030.656;0;
1757158564;9.15;-12.322;1013.21;-6.344;29.036;1030.656;0;
1757165167;9.15;-12.2;1013.21;-6.344;29.036;1030.656;0;
1757170080;9.15;-12.2;1013.21;-7.686;29.158;1030.656;0;
1757175803;9.15;-12.2;1013.088;-7.686;29.158;1030.656;0;
1757181540;9.15;-12.2;1013.088;-8.906;29.158;1030.778;0;
1757189481;9.15;-12.2;1013.088;-9.516;28.792;1030.656;0;
1757195273;9.15;-12.2;1013.21;-9.516;28.792;1030.656;0;
1757200197;9.15;-12.2;1013.21;-9.638;28.06;1030.656;0;
1757205915;9.15;-12.2;1013.088;-9.638;28.06;1030.656;0;
1757211646;9.15;-12.2;1013.088;-9.394;27.206;1030.656;0;
1757217373;9.272;-12.2;1013.21;-9.394;27.206;1030.656;0;
1757223109;9.272;-12.2;1013.21;-9.394;26.596;1030.656;0;
1757229746;9.272;-12.322;1013.088;-9.638;26.23;1030.5341;0;
1757235981;9.15;-12.322;1013.088;-9.638;26.23;1030.5341;0;
1757240936;9.15;-12.322;1013.088;-10.248;26.108;1030.5341;0;
1757246735;9.15;-12.2;1013.21;-10.248;26.108;1030.5341;0;
1757252556;9.15;-12.2;1013.21;-10.858;26.23;1030.656;0;
1757259279;9.15;-12.2;1013.21;-11.468;26.23;1030.656;0;
1757265121;9.15;-12.2;1013.21;-11.468;26.23;1030.656;0;
1757270124;9.15;-12.2;1013.21;-11.712;25.864;1030.5341;0;
1757275930;9.028;-12.2;1013.088;-11.712;25.864;1030.5341;0;
1757283075;9.028;-12.2;1013.088;-11.956;25.498;1030.5341;0;
1757289025;9.028;-12.322;1013.21;-12.566;25.376;1030.5341;0;
1757294879;9.15;-12.322;1013.088;-12.566;25.376;1030.5341;0;
1757299879;9.15;-12.322;1013.088;-13.176;25.498;1030.5341;0;
1757305692;9.15;-12.444;1013.088;-13.176;25.498;1030.5341;0;
1757311510;9.15;-12.444;1013.088;-13.42;25.498;1030.656;0;
1757317323;9.15;-12.444;1013.088;-13.42;25.498;1030.656;0;
1757325358;9.15;-12.444;1013.088;-13.054;25.376;1030.5341;0;
1757330404;9.15;-12.444;1013.088;-12.444;24.888;1030.5341;0;
1757336197;9.15;-12.444;1013.088;-12.444;24.888;1030.5341;0;
1757342020;9.15;-12.444;1013.088;-11.834;24.4;1030.5341;0;
1757347828;9.028;-12.322;1013.21;-11.834;24.4;1030.5341;0;
1757353648;9.028;-12.322;1013.21;-11.712;24.034;1030.5341;0;
1757360368;9.028;-12.322;1013.21;-11.59;23.79;1030.5341;0;
1757365364;9.028;-12.444;1013.088;-11.59;23.79;1030.5341;0;
1757372503;9.028;-12.444;1013.088;-11.468;23.546;1030.412;0;
1757377529;9.028;-12.444;1013.088;-11.468;23.546;1030.412;0;
1757383340;9.028;-12.444;1013.088;-11.102;23.302;1030.412;0;
1757390067;9.028;-12.444;1013.088;-10.736;23.18;1030.29;0;
1757395059;9.028;-12.444;1013.088;-10.736;23.18;1030.29;0;
1757400885;9.028;-12.444;1013.088;-10.37;23.058;1030.29;0;
1757406691;9.028;-12.444;1013.088;-10.37;23.058;1030.29;0;
1757412514;9.028;-12.444;1013.088;-9.882;22.936;1030.412;0;
1757420464;9.028;-12.444;1013.21;-9.394;22.814;1030.412;0;
1757425408;9.028;-12.444;1013.21;-9.394;22.814;1030.412;0;
1757431138;9.028;-12.444;1013.21;-8.662;22.692;1030.29;0;
1757436860;9.15;-12.444;1013.21;-8.662;22.692;1030.29;0;
1757442593;9.15;-12.444;1013.21;-7.93;22.326;1030.29;0;
1757448316;9.15;-12.444;1013.21;-7.93;22.326;1030.29;0;
1757454051;9.15;-12.444;1013.21;-6.832;21.96;1030.29;0;
1757460686;9.15;-12.444;1013.21;-5.856;21.594;1030.29;0;
1757466906;9.15;-12.444;1013.21;-5.856;21.594;1030.29;0;
1757471849;9.15;-12.444;1013.21;-5.124;21.35;1030.29;0;
1757477568;9.15;-12.444;1013.21;-5.124;21.35;1030.29;0;
1757483302;9.15;-12.444;1013.21;-4.636;21.106;1030.412;0;
1757489018;9.15;-12.566;1013.332;-4.636;21.106;1030.412;0;
1757495666;9.272;-12.566;1013.332;-4.636;20.862;1030.412;0;
1757500583;9.272;-12.566;1013.332;-4.758;20.618;1030.29;0;
1757506307;9.272;-12.566;1013.332;-4.758;20.618;1030.29;0;
1757513354;9.272;-12.566;1013.332;-4.88;20.374;1030.29;0;
1757518295;9.272;-12.444;1013.332;-4.88;20.374;1030.29;0;
1757524932;9.15;-12.444;1013.332;-5.002;20.008;1030.412;0;
1757530696;9.15;-12.444;1013.332;-5.124;19.642;1030.412;0;
1757535600;9.15;-12.444;1013.332;-5.124;19.642;1030.412;0;
1757541341;9.15;-12.444;1013.332;-5.49;19.276;1030.29;0;
1757547059;9.15;-12.444;1013.332;-5.49;19.276;1030.29;0;
1757552796;9.15;-12.444;1013.332;-5.978;19.032;1030.29;0;
1757559829;9.15;-12.444;1013.332;-5.978;19.032;1030.29;0;
1757565689;9.272;-12.444;1013.332;-6.71;18.788;1030.29;0;
1757571460;9.272;-12.444;1013.332;-7.564;18.422;1030.412;0;
1757576370;9.272;-12.566;1013.332;-7.564;18.422;1030.412;0;
1757582102;9.272;-12.566;1013.332;-8.784;18.3;1030.412;0;
1757587828;9.272;-12.566;1013.21;-8.784;18.3;1030.412;0;
1757593564;9.272;-12.566;1013.21;-10.248;18.422;1030.29;0;
1757601595;9.272;-12.444;1013.21;-11.468;18.422;1030.29;0;
1757606631;9.15;-12.566;1013.21;-11.468;18.422;1030.29;0;
1757612442;9.15;-12.566;1013.21;-12.2;18.422;1030.412;0;
1757618250;9.15;-12.444;1013.21;-12.2;18.422;1030.412;0;
1757624981;9.15;-12.444;1013.21;-12.688;18.666;1030.412;0;
1757631678;9.15;-12.444;1013.21;-13.176;19.154;1030.412;0;
1757636677;9.15;-12.444;1013.21;-13.176;19.154;1030.412;0;
1757642497;9.15;-12.444;1013.21;-13.786;19.764;1030.412;0;
1757649626;9.15;-12.566;1013.21;-13.786;19.764;1030.412;0;
1757655572;9.15;-12.444;1013.088;-14.152;20.618;1030.412;0;
1757662279;9.15;-12.444;1013.088;-13.908;21.472;1030.412;0;
1757667278;9.15;-12.444;1013.21;-13.908;21.472;1030.412;0;
1757673099;9.15;-12.444;1013.21;-13.298;22.204;1030.412;0;
1757678908;9.15;-12.444;1013.21;-13.298;22.204;1030.412;0;
1757685637;9.272;-12.444;1013.21;-12.444;23.058;1030.5341;0;
1757692332;9.272;-12.444;1013.21;-11.956;24.156;1030.5341;0;
1757698677;9.272;-12.444;1013.21;-11.956;24.156;1030.5341;0;
1757704629;9.394;-12.444;1013.088;-11.346;25.01;1030.412;0;
1757712177;9.394;-12.444;1013.088;-10.614;25.498;1030.5341;0;
1757717178;9.272;-12.444;1013.088;-10.614;25.498;1030.5341;0;
1757723000;9.272;-12.444;1013.088;-10.248;25.864;1030.5341;0;
1757728808;9.272;-12.444;1013.088;-10.248;25.864;1030.5341;0;
1757735537;9.394;-12.444;1013.088;-10.492;26.474;1030.5341;0;
1757742233;9.394;-12.444;1013.088;-10.858;27.084;1030.656;0;
1757748429;9.272;-12.566;1013.088;-10.858;27.084;1030.656;0;
1757754374;9.272;-12.566;1013.088;-11.102;27.328;1030.656;0;
1757762775;9.272;-12.566;1013.088;-11.102;27.328;1030.656;0;
1757767775;9.394;-12.566;1013.088;-11.102;27.328;1030.656;0;
1757774503;9.272;-12.444;1013.088;-10.736;27.206;1030.656;0;
1757782890;9.272;-12.444;1013.088;-10.248;27.084;1030.656;0;
1757787885;9.272;-12.444;1013.088;-10.248;27.084;1030.656;0;
1757796118;9.272;-12.444;1013.21;-9.76;26.962;1030.656;0;
1757802759;9.272;-12.444;1013.21;-9.516;26.718;1030.656;0;
1757807672;9.272;-12.444;1013.21;-9.516;26.718;1030.656;0;
1757814312;9.272;-12.444;1013.21;-9.638;26.718;1030.5341;0;
1757824371;9.272;-12.444;1013.21;-9.76;26.596;1030.656;0;
1757834430;9.272;-12.444;1013.21;-9.76;26.352;1030.656;0;
1757844483;9.272;-12.444;1013.21;-9.516;26.23;1030.656;0;
1757854544;9.272;-12.444;1013.21;-9.272;26.108;1030.5341;0;
1757864228;9.272;-12.444;1013.332;-8.784;25.864;1030.5341;0;
1757874324;9.272;-12.444;1013.332;-8.418;25.864;1030.5341;0;
1757884388;9.272;-12.322;1013.332;-8.418;25.864;1030.412;0;
1757894448;9.15;-12.444;1013.332;-8.54;25.742;1030.412;0;
1757904507;9.272;-12.444;1013.21;-8.784;25.498;1030.29;0;
1757914569;9.272;-12.322;1013.332;-8.784;25.132;1030.29;0;
1757924624;9.272;-12.444;1013.332;-8.906;24.4;1030.168;0;
1757933833;9.272;-12.444;1013.332;-9.028;23.79;1030.29;0;
1757944365;9.15;-12.444;1013.21;-9.272;23.18;1030.29;0;
1757954458;9.15;-12.444;1013.21;-9.394;22.814;1030.168;0;
1757964523;9.15;-12.444;1013.21;-9.028;22.448;1030.29;0;
1757972819;9.028;-12.444;1013.21;-9.028;22.448;1030.29;0;
1757977732;9.028;-12.444;1013.21;-8.906;22.326;1030.29;0;
1757984369;9.15;-12.322;1013.21;-9.272;22.57;1030.29;0;
1757994423;9.15;-12.322;1013.21;-9.76;22.692;1030.29;0;
1758002723;9.15;-12.322;1013.21;-9.76;22.692;1030.29;0;
1758008976;9.15;-12.322;1013.21;-10.248;22.692;1030.168;0;
1758014927;9.15;-12.322;1013.21;-10.37;22.692;1030.29;0;
1758024229;9.15;-12.444;1013.21;-10.126;22.692;1030.29;0;
1758034378;9.028;-12.444;1013.21;-9.76;22.692;1030.412;0;
1758042676;9.15;-12.322;1013.21;-9.76;22.692;1030.412;0;
1758047590;9.15;-12.322;1013.21;-9.15;22.57;1030.29;0;
1758053315;9.15;-12.322;1013.21;-9.15;22.57;1030.29;0;
1758059044;9.15;-12.322;1013.21;-8.784;22.57;1030.168;0;
1758067004;9.15;-12.2;1013.332;-8.296;22.448;1030.168;0;
1758072803;9.15;-12.444;1013.332;-8.296;22.448;1030.168;0;
1758077722;9.15;-12.444;1013.332;-7.808;22.57;1030.168;0;
1758083437;9.15;-12.322;1013.332;-7.808;22.57;1030.168;0;
1758089179;9.15;-12.322;1013.332;-7.808;22.57;1030.168;0;
1758095814;9.15;-12.444;1013.332;-8.174;22.57;1030.29;0;
1758103262;9.15;-12.444;1013.332;-8.174;22.57;1030.29;0;
1758108175;9.15;-12.444;1013.332;-8.662;22.448;1030.29;0;
1758116128;9.15;-12.322;1013.332;-8.906;22.204;1030.29;0;
1758122766;9.15;-12.566;1013.332;-8.906;22.204;1030.29;0;
1758127689;9.15;-12.566;1013.332;-8.906;21.716;1030.29;0;
1758133408;9.15;-12.444;1013.332;-8.906;21.716;1030.29;0;
1758139148;9.15;-12.444;1013.332;-8.784;21.228;1030.168;0;
1758145781;9.15;-12.444;1013.332;-8.54;20.496;1030.168;0;
1758152379;9.15;-12.444;1013.332;-8.54;20.496;1030.168;0;
1758157290;9.15;-12.444;1013.332;-8.662;19.886;1030.168;0;
1758165252;9.272;-12.322;1013.332;-9.15;19.52;1030.168;0;
1758172740;9.272;-12.444;1013.332;-9.15;19.52;1030.168;0;
1758177663;9.272;-12.444;1013.332;-9.76;19.032;1030.29;0;
1758183385;9.272;-12.322;1013.454;-9.76;19.032;1030.29;0;
1758189117;9.272;-12.322;1013.454;-10.37;18.056;1030.168;0;
1758195840;9.15;-12.322;1013.454;-10.858;17.08;1030.046;0;
1758202529;9.15;-12.322;1013.454;-10.858;17.08;1030.046;0;
1758207539;9.15;-12.322;1013.454;-11.712;16.348;1030.168;0;
1758215572;9.15;-12.322;1013.454;-12.444;16.104;1030.168;0;
1758222300;9.15;-12.322;1013.332;-12.444;16.104;1030.168;0;
1758227312;9.15;-12.322;1013.332;-13.176;15.982;1030.168;0;
1758233120;9.272;-12.322;1013.332;-13.176;15.982;1030.168;0;
1758238941;9.272;-12.322;1013.332;-13.542;16.104;1030.29;0;
1758244752;9.272;-12.322;1013.332;-13.542;16.104;1030.29;0;
1758250570;9.272;-12.322;1013.332;-13.42;16.348;1030.168;0;
1758258614;9.272;-12.322;1013.332;-13.298;16.958;1030.29;0;
1758263647;9.272;-12.322;1013.332;-13.298;16.958;1030.29;0;
1758269464;9.272;-12.322;1013.332;-13.298;17.69;1030.29;0;
1758276181;9.272;-12.2;1013.332;-13.42;18.422;1030.412;0;
1758282024;9.272;-12.2;1013.332;-13.42;18.422;1030.412;0;
1758287026;9.272;-12.2;1013.332;-13.298;19.398;1030.29;0;
1758292837;9.15;-12.2;1013.21;-13.298;19.398;1030.29;0;
1758298654;9.15;-12.2;1013.21;-12.688;20.374;1030.168;0;
1758306695;9.272;-12.2;1013.332;-11.468;21.228;1030.168;0;
1758312574;9.272;-12.2;1013.332;-11.468;21.228;1030.168;0;
1758317582;9.272;-12.2;1013.332;-10.004;22.082;1030.29;0;
1758323385;9.15;-12.2;1013.332;-10.004;22.082;1030.29;0;
1758329211;9.15;-12.2;1013.332;-8.54;22.936;1030.29;0;
1758334932;9.272;-12.2;1013.332;-8.54;22.936;1030.29;0;
1758340668;9.272;-12.2;1013.332;-7.32;23.912;1030.29;0;
1758347303;9.272;-12.322;1013.332;-6.1;24.766;1030.29;0;
1758353527;9.272;-12.322;1013.454;-6.1;24.766;1030.29;0;
1758358473;9.272;-12.322;1013.454;-5.002;25.376;1030.29;0;
1758364189;9.15;-12.322;1013.454;-5.002;25.376;1030.29;0;
1758369925;9.15;-12.322;1013.454;-4.27;25.742;1030.29;0;
1758375646;9.15;-12.444;1013.454;-4.27;25.742;1030.29;0;
1758381379;9.15;-12.444;1013.454;-4.148;25.864;1030.29;0;
1758388018;9.272;-12.444;1013.454;-4.636;25.62;1030.412;0;
1758392928;9.272;-12.444;1013.332;-4.636;25.62;1030.412;0;
1758399977;9.272;-12.444;1013.332;-5.49;25.498;1030.29;0;
1758404915;9.272;-12.322;1013.332;-5.49;25.498;1030.29;0;
1758410646;9.272;-12.322;1013.332;-6.588;25.498;1030.29;0;
1758417283;9.272;-12.444;1013.332;-7.564;24.888;1030.29;0;
1758422195;9.272;-12.322;1013.332;-7.564;24.888;1030.29;0;
1758427925;9.272;-12.322;1013.332;-8.296;23.912;1030.29;0;
1758433653;9.272;-12.322;1013.332;-8.296;23.912;1030.29;0;
1758439385;9.272;-12.322;1013.332;-9.272;22.814;1030.412;0;
1758447331;9.272;-12.322;1013.332;-10.004;21.716;1030.412;0;
1758452356;9.15;-12.2;1013.21;-10.004;21.716;1030.412;0;
1758458179;9.15;-12.2;1013.21;-10.37;20.74;1030.412;0;
1758463985;9.15;-12.322;1013.21;-10.37;20.74;1030.412;0;
1758469809;9.15;-12.322;1013.21;-10.858;20.008;1030.412;0;
1758475611;9.15;-12.2;1013.21;-10.858;20.008;1030.412;0;
1758481434;9.15;-12.2;1013.21;-11.468;19.764;1030.412;0;
1758489473;9.272;-12.322;1013.21;-12.2;20.13;1030.412;0;
1758494497;9.15;-12.322;1013.21;-12.2;20.13;1030.412;0;
1758500311;9.15;-12.322;1013.21;-12.688;20.984;1030.412;0;
1758506126;9.15;-12.444;1013.21;-12.688;20.984;1030.412;0;
1758512852;9.15;-12.444;1013.21;-12.688;21.838;1030.5341;0;
1758517854;9.15;-12.444;1013.21;-12.322;22.692;1030.5341;0;
1758523660;9.15;-12.322;1013.21;-12.322;22.692;1030.5341;0;
1758529488;9.15;-12.322;1013.21;-11.956;23.912;1030.5341;0;
1758536626;9.15;-12.444;1013.21;-11.956;23.912;1030.5341;0;
1758542578;9.15;-12.444;1013.21;-11.59;25.132;1030.656;0;
1758548439;9.15;-12.444;1013.21;-10.736;26.108;1030.656;0;
1758553437;9.15;-12.444;1013.21;-10.736;26.108;1030.656;0;
1758559257;9.15;-12.444;1013.21;-9.394;26.596;1030.656;0;
1758564979;9.15;-12.444;1013.21;-9.394;26.596;1030.656;0;
1758570714;9.15;-12.444;1013.21;-7.808;26.84;1030.656;0;
1758576436;9.15;-12.444;1013.332;-7.808;26.84;1030.656;0;
1758584275;9.15;-12.566;1013.332;-6.832;26.962;1030.656;0;
1758589230;9.15;-12.566;1013.332;-6.588;27.084;1030.656;0;
1758594946;9.15;-12.444;1013.21;-6.588;27.084;1030.656;0;
1758600679;9.15;-12.444;1013.21;-7.198;27.084;1030.656;0;
1758606402;9.272;-12.444;1013.21;-7.198;27.084;1030.656;0;
1758613043;9.272;-12.322;1013.332;-8.174;26.84;1030.656;0;
1758618802;9.272;-12.322;1013.332;-9.272;25.986;1030.778;0;
1758623707;9.272;-12.322;1013.332;-9.272;25.986;1030.778;0;
1758630954;9.272;-12.322;1013.332;-10.37;25.01;1030.778;0;
1758635986;9.272;-12.322;1013.21;-10.37;25.01;1030.778;0;
1758642707;9.272;-12.322;1013.21;-10.858;23.546;1030.778;0;
1758648556;9.272;-12.322;1013.21;-11.224;21.96;1030.656;0;
1758653546;9.15;-12.444;1013.332;-11.224;21.96;1030.656;0;
1758659375;9.15;-12.444;1013.332;-11.224;20.374;1030.656;0;
1758665181;9.272;-12.444;1013.332;-11.224;20.374;1030.656;0;
1758671005;9.272;-12.444;1013.332;-10.736;18.91;1030.5341;0;
1758679044;9.272;-12.444;1013.332;-10.126;17.69;1030.412;0;
1758684078;9.272;-12.444;1013.21;-10.126;17.69;1030.412;0;
1758689889;9.272;-12.444;1013.21;-9.638;17.08;1030.412;0;
1758695609;9.15;-12.444;1013.21;-9.638;17.08;1030.412;0;
1758702254;9.15;-12.444;1013.332;-9.638;17.08;1030.5341;0;
1758709701;9.15;-12.444;1013.332;-10.126;17.69;1030.5341;0;
1758714701;9.15;-12.444;1013.332;-10.126;17.69;1030.5341;0;
1758722740;9.15;-12.444;1013.332;-10.492;18.422;1030.5341;0;
1758729475;9.15;-12.444;1013.332;-10.858;19.764;1030.656;0;
1758734481;9.028;-12.444;1013.332;-10.858;19.764;1030.656;0;
1758740301;9.028;-12.444;1013.332;-11.346;20.984;1030.656;0;
1758746108;9.028;-12.444;1013.332;-11.346;20.984;1030.656;0;
1758752837;9.028;-12.444;1013.332;-11.59;22.082;1030.656;0;
1758759531;9.028;-12.444;1013.332;-11.224;22.814;1030.656;0;
1758764528;9.028;-12.444;1013.332;-11.224;22.814;1030.656;0;
1758772567;9.028;-12.444;1013.332;-10.126;23.424;1030.5341;0;
1758780144;9.028;-12.444;1013.332;-9.028;24.156;1030.5341;0;
1758785064;9.028;-12.444;1013.454;-9.028;24.156;1030.5341;0;
1758791694;9.028;-12.444;1013.454;-8.174;24.766;1030.5341;0;
1758800000;9.028;-12.444;1013.454;-7.686;25.498;1030.5341;0;
1758804920;9.028;-12.444;1013.332;-7.686;25.498;1030.5341;0;
1758810654;9.028;-12.444;1013.332;-7.198;25.864;1030.5341;0;
1758816373;9.028;-12.566;1013.332;-7.198;25.864;1030.5341;0;
1758824343;9.028;-12.566;1013.454;-6.466;26.108;1030.5341;0;
1758830145;9.028;-12.566;1013.454;-5.978;26.352;1030.5341;0;
1758835059;9.028;-12.444;1013.332;-5.978;26.352;1030.5341;0;
1758841700;9.028;-12.444;1013.332;-6.1;26.84;1030.656;0;
1758850003;9.028;-12.444;1013.332;-6.832;27.572;1030.656;0;
1758854913;9.028;-12.444;1013.332;-6.832;27.572;1030.656;0;
1758861552;9.028;-12.444;1013.332;-7.808;28.426;1030.656;0;
1758871609;9.028;-12.444;1013.332;-8.54;29.158;1030.656;0;
1758880377;9.028;-12.444;1013.332;-8.784;29.646;1030.778;0;
1758885321;9.028;-12.444;1013.332;-8.784;29.646;1030.778;0;
1758891952;9.028;-12.444;1013.332;-9.028;30.012;1030.778;0;
1758902006;9.028;-12.444;1013.332;-9.15;30.256;1030.778;0;
1758912066;9.028;-12.444;1013.332;-9.028;30.134;1030.778;0;
1758922123;9.028;-12.322;1013.332;-8.784;29.768;1030.656;0;
1758931332;9.15;-12.322;1013.332;-8.662;29.402;1030.656;0;
1758941386;9.15;-12.322;1013.332;-8.662;29.036;1030.656;0;
1758951909;9.15;-12.322;1013.332;-8.906;28.426;1030.656;0;
1758962005;9.15;-12.322;1013.332;-9.76;27.816;1030.656;0;
1758971224;9.15;-12.322;1013.332;-10.858;27.45;1030.5341;0;
1758981370;9.15;-12.322;1013.332;-11.712;26.84;1030.5341;0;
1758991517;9.15;-12.322;1013.332;-11.834;26.108;1030.412;0;
1759001662;9.15;-12.322;1013.332;-11.346;25.254;1030.412;0;
1759011810;9.15;-12.322;1013.332;-10.736;24.644;1030.5341;0;
1759020191;9.15;-12.322;1013.332;-10.736;24.644;1030.5341;0;
1759026512;9.15;-12.322;1013.332;-10.492;24.522;1030.412;0;
1759032455;9.15;-12.322;1013.332;-10.492;24.644;1030.412;0;
1759041757;9.15;-12.322;1013.332;-10.126;24.644;1030.412;0;
1759050142;9.15;-12.2;1013.454;-10.126;24.644;1030.412;0;
1759055147;9.15;-12.2;1013.454;-9.516;24.644;1030.412;0;
1759061778;9.15;-12.2;1013.454;-8.784;24.522;1030.412;0;
1759070077;9.15;-12.322;1013.332;-8.784;24.522;1030.412;0;
1759076310;9.15;-12.322;1013.332;-7.93;24.4;1030.412;0;
1759082166;9.15;-12.2;1013.454;-7.076;24.278;1030.412;0;
1759090466;9.15;-12.2;1013.454;-7.076;24.278;1030.412;0;
1759095379;9.15;-12.2;1013.454;-6.832;24.522;1030.412;0;
1759102016;9.15;-12.2;1013.332;-7.198;24.644;1030.412;0;
1759110310;9.15;-12.2;1013.332;-7.198;24.644;1030.412;0;
1759115223;9.15;-12.2;1013.332;-7.32;24.888;1030.29;0;
1759121858;9.15;-12.2;1013.454;-7.076;25.254;1030.412;0;
1759130618;9.15;-12.2;1013.454;-7.076;25.254;1030.412;0;
1759135567;9.15;-12.2;1013.454;-6.344;25.376;1030.412;0;
1759142194;9.272;-12.2;1013.332;-5.856;25.498;1030.412;0;
1759150487;9.272;-12.2;1013.332;-5.856;25.498;1030.412;0;
1759155402;9.272;-12.2;1013.332;-5.612;25.498;1030.412;0;
1759161120;9.272;-12.2;1013.454;-5.612;25.498;1030.412;0;
1759166859;9.272;-12.2;1013.454;-5.978;25.62;1030.412;0;
1759173493;9.272;-12.2;1013.454;-6.71;25.742;1030.412;0;
1759180556;9.15;-12.2;1013.454;-6.71;25.742;1030.412;0;
1759185509;9.15;-12.2;1013.454;-7.808;25.986;1030.29;0;
1759191220;9.15;-12.322;1013.332;-7.808;25.986;1030.29;0;
1759196954;9.15;-12.322;1013.332;-8.784;26.352;1030.29;0;
1759203594;9.15;-12.322;1013.454;-9.394;26.596;1030.412;0;
1759210198;9.272;-12.444;1013.454;-9.394;26.596;1030.412;0;
1759215112;9.272;-12.444;1013.454;-9.76;26.474;1030.412;0;
1759220835;9.272;-12.322;1013.454;-9.76;26.474;1030.412;0;
1759227891;9.272;-12.322;1013.454;-9.516;26.108;1030.29;0;
1759233750;9.272;-12.322;1013.332;-9.272;25.742;1030.412;0;
1759240353;9.272;-12.322;1013.332;-9.272;25.742;1030.412;0;
1759245264;9.272;-12.322;1013.332;-9.15;25.254;1030.412;0;
1759250988;9.272;-12.322;1013.332;-9.15;25.254;1030.412;0;
1759256721;9.272;-12.322;1013.332;-9.028;24.644;1030.29;0;
1759263357;9.272;-12.322;1013.332;-9.028;24.034;1030.29;0;
1759269960;9.272;-12.322;1013.332;-9.028;24.034;1030.29;0;
1759276182;9.272;-12.322;1013.332;-9.028;23.302;1030.29;0;
1759281127;9.272;-12.444;1013.332;-9.028;23.302;1030.29;0;
1759286854;9.272;-12.444;1013.332;-9.272;22.448;1030.29;0;
1759293488;9.272;-12.444;1013.332;-9.76;21.472;1030.29;0;
1759300092;9.272;-12.322;1013.332;-9.76;21.472;1030.29;0;
1759305022;9.272;-12.322;1013.332;-10.492;20.74;1030.29;0;
1759310828;9.272;-12.322;1013.332;-10.492;20.74;1030.29;0;
1759316658;9.272;-12.322;1013.332;-11.468;20.008;1030.29;0;
1759324769;9.272;-12.322;1013.332;-12.2;19.276;1030.29;0;
1759329803;9.272;-12.322;1013.332;-12.2;19.276;1030.29;0;
1759335618;9.272;-12.322;1013.332;-12.81;18.422;1030.168;0;
1759341429;9.272;-12.322;1013.332;-12.81;18.422;1030.168;0;
1759347246;9.272;-12.322;1013.332;-13.054;17.446;1030.29;0;
1759353972;9.394;-12.322;1013.332;-13.054;16.47;1030.29;0;
1759359814;9.394;-12.444;1013.332;-13.054;16.47;1030.29;0;
1759366198;9.394;-12.444;1013.332;-12.444;15.982;1030.29;0;
1759371233;9.394;-12.444;1013.332;-12.444;15.982;1030.29;0;
1759377048;9.394;-12.444;1013.332;-11.224;15.616;1030.168;0;
1759383766;9.394;-12.444;1013.332;-10.004;15.372;1030.168;0;
1759389610;9.394;-12.444;1013.21;-10.004;15.372;1030.168;0;
1759394611;9.394;-12.444;1013.21;-9.272;15.494;1030.168;0;
1759400335;9.394;-12.322;1013.21;-9.272;15.494;1030.168;0;
1759406070;9.394;-12.322;1013.21;-9.272;16.104;1030.168;0;
1759413948;9.394;-12.322;1013.21;-9.272;16.47;1030.168;0;
1759419756;9.394;-12.322;1013.21;-9.272;16.47;1030.168;0;
1759424683;9.394;-12.322;1013.21;-8.784;16.47;1030.168;0;
1759430398;9.394;-12.322;1013.21;-8.784;16.47;1030.168;0;
1759436134;9.394;-12.322;1013.21;-8.418;16.47;1030.168;0;
1759441859;9.516;-12.322;1013.21;-8.418;16.47;1030.168;0;
1759447592;9.516;-12.322;1013.21;-8.174;16.592;1030.046;0;
1759454233;9.516;-12.444;1013.21;-8.174;16.958;1030.168;0;
1759460645;9.394;-12.444;1013.21;-8.174;16.958;1030.168;0;
1759465595;9.394;-12.444;1013.21;-8.662;17.446;1030.168;0;
1759471314;9.394;-12.444;1013.332;-8.662;17.446;1030.168;0;
1759477045;9.394;-12.444;1013.332;-8.784;17.934;1030.29;0;
1759482766;9.394;-12.322;1013.332;-8.784;17.934;1030.29;0;
1759488504;9.394;-12.322;1013.332;-8.662;18.3;1030.168;0;
1759495142;9.394;-12.444;1013.21;-8.418;18.91;1030.29;0;
1759500051;9.272;-12.444;1013.21;-8.418;18.91;1030.29;0;
1759507110;9.272;-12.444;1013.21;-7.93;19.398;1030.412;0;
1759512057;9.272;-12.566;1013.21;-7.93;19.398;1030.412;0;
1759517784;9.272;-12.566;1013.21;-7.686;20.008;1030.412;0;
1759523506;9.272;-12.566;1013.332;-7.686;20.008;1030.412;0;
1759530147;9.272;-12.566;1013.332;-7.686;20.74;1030.5341;0;
1759535061;9.272;-12.566;1013.332;-7.564;21.472;1030.5341;0;
1759540782;9.272;-12.566;1013.332;-7.564;21.472;1030.5341;0;
1759546519;9.272;-12.566;1013.332;-7.32;22.082;1030.412;0;
1759553559;9.15;-12.566;1013.332;-7.32;22.082;1030.412;0;
1759558511;9.15;-12.566;1013.332;-7.076;22.57;1030.412;0;
1759565135;9.15;-12.566;1013.332;-7.076;22.936;1030.5341;0;
1759570043;9.15;-12.566;1013.332;-7.076;22.936;1030.5341;0;
1759575775;9.15;-12.566;1013.332;-7.686;23.302;1030.412;0;
1759581501;9.15;-12.444;1013.332;-7.686;23.302;1030.412;0;
1759587237;9.15;-12.444;1013.332;-8.906;23.912;1030.5341;0;
1759592960;9.15;-12.444;1013.332;-8.906;23.912;1030.5341;0;
1759600953;9.15;-12.444;1013.454;-10.248;24.644;1030.656;0;
1759606004;9.15;-12.444;1013.454;-10.98;25.01;1030.656;0;
1759611802;9.272;-12.444;1013.454;-10.98;25.01;1030.656;0;
1759617627;9.272;-12.444;1013.454;-11.468;25.254;1030.656;0;
1759623434;9.272;-12.444;1013.454;-11.468;25.254;1030.656;0;
1759630164;9.272;-12.566;1013.454;-12.81;26.108;1030.5341;0;
1759636012;9.272;-12.566;1013.454;-15.128;27.816;1030.656;0;
1759641010;9.272;-12.444;1013.332;-15.128;27.816;1030.656;0;
1759648141;9.272;-12.444;1013.332;-17.08;29.402;1030.778;0;
1759653170;9.272;-12.444;1013.454;-17.08;29.402;1030.778;0;
1759659895;9.272;-12.566;1013.454;-16.714;29.646;1030.656;0;
1759665745;9.272;-12.566;1013.454;-14.396;28.792;1030.656;0;
1759670742;9.272;-12.444;1013.454;-14.396;28.792;1030.656;0;
1759676563;9.272;-12.444;1013.454;-11.59;27.45;1030.656;0;
1759682373;9.272;-12.566;1013.454;-11.59;27.45;1030.656;0;
1759690411;9.272;-12.444;1013.454;-9.028;26.352;1030.778;0;
1759696207;9.272;-12.444;1013.454;-7.808;25.62;1030.9;0;
1759701114;9.272;-12.444;1013.454;-7.808;25.62;1030.9;0;
1759706851;9.272;-12.444;1013.454;-8.052;25.742;1030.9;0;
1759712577;9.272;-12.444;1013.454;-8.052;25.742;1030.9;0;
1759718310;9.272;-12.444;1013.454;-9.15;25.986;1030.778;0;
1759724030;9.15;-12.444;1013.454;-9.15;25.986;1030.778;0;
1759730673;9.272;-12.444;1013.454;-10.004;25.498;1030.778;0;
1759736994;9.272;-12.444;1013.454;-10.492;24.644;1030.778;0;
1759742021;9.15;-12.444;1013.454;-10.492;24.644;1030.778;0;
1759747840;9.15;-12.444;1013.454;-12.078;24.522;1030.656;0;
1759753645;9.15;-12.444;1013.454;-12.078;24.522;1030.656;0;
1759760376;9.15;-12.444;1013.454;-14.274;24.766;1030.5341;0;
1759767069;9.15;-12.444;1013.454;-16.836;25.132;1030.5341;0;
1759772065;9.028;-12.444;1013.332;-16.836;25.132;1030.5341;0;
1759777887;9.028;-12.444;1013.332;-18.666;25.498;1030.656;0;
1759785008;9.028;-12.444;1013.332;-18.666;25.498;1030.656;0;
1759790953;9.028;-12.566;1013.454;-20.252;26.108;1030.778;0;
1759796806;9.028;-12.566;1013.454;-20.74;26.962;1030.778;0;
1759801794;9.028;-12.444;1013.332;-20.74;26.962;1030.778;0;
1759807618;9.028;-12.444;1013.332;-20.13;27.572;1030.778;0;
1759813427;9.028;-12.566;1013.332;-20.13;27.572;1030.778;0;
1759820156;9.028;-12.444;1013.332;-18.544;28.06;1030.656;0;
1759826850;9.028;-12.444;1013.332;-15.86;28.304;1030.5341;0;
1759833168;9.028;-12.444;1013.332;-15.86;28.304;1030.5341;0;
1759839104;9.028;-12.444;1013.332;-12.688;28.304;1030.5341;0;
1759847499;9.028;-12.444;1013.332;-9.15;27.938;1030.412;0;
1759852407;9.028;-12.322;1013.332;-9.15;27.938;1030.412;0;
1759859053;9.15;-12.322;1013.454;-5.856;27.572;1030.412;0;
1759867359;9.15;-12.322;1013.454;-3.172;27.206;1030.5341;0;
1759872263;9.028;-12.322;1013.454;-3.172;27.206;1030.5341;0;
1759880210;9.028;-12.322;1013.454;-1.708;26.84;1030.656;0;
1759887706;9.028;-12.322;1013.454;-1.342;26.474;1030.5341;0;
1759892619;9.15;-12.322;1013.454;-1.342;26.474;1030.5341;0;
1759899260;9.15;-12.322;1013.454;-2.196;26.108;1030.656;0;
1759907560;9.15;-12.322;1013.454;-4.026;25.864;1030.656;0;
1759912468;9.028;-12.444;1013.454;-4.026;25.864;1030.656;0;
1759919108;9.028;-12.444;1013.454;-5.978;25.254;1030.656;0;
1759929160;9.028;-12.444;1013.454;-7.564;24.4;1030.5341;0;
1759938832;9.028;-12.444;1013.332;-8.784;23.424;1030.5341;0;
1759948935;9.028;-12.322;1013.332;-9.638;22.57;1030.5341;0;
1759959001;9.028;-12.322;1013.332;-10.126;21.96;1030.5341;0;
1759969151;9.028;-12.322;1013.332;-10.37;21.716;1030.5341;0;
1759979300;9.028;-12.322;1013.332;-10.248;21.838;1030.656;0;
1759989448;9.028;-12.444;1013.332;-9.76;22.204;1030.656;0;
1759998661;9.028;-12.444;1013.332;-9.15;22.57;1030.656;0;
1760008720;9.028;-12.444;1013.454;-8.418;23.058;1030.656;0;
1760019244;9.028;-12.322;1013.454;-7.808;23.546;1030.656;0;
1760029334;9.028;-12.322;1013.332;-6.954;23.912;1030.5341;0;
1760038547;9.028;-12.2;1013.332;-6.1;24.156;1030.5341;0;
1760048604;9.028;-12.2;1013.454;-5.368;24.522;1030.5341;0;
1760058663;9.028;-12.2;1013.454;-4.758;24.766;1030.5341;0;
1760068721;9.028;-12.2;1013.454;-4.392;25.132;1030.5341;0;
1760078777;9.028;-12.322;1013.332;-4.392;25.376;1030.5341;0;
1760088836;9.15;-12.444;1013.332;-4.636;25.62;1030.5341;0;
1760097602;9.15;-12.444;1013.332;-4.636;25.62;1030.5341;0;
1760102564;9.15;-12.444;1013.332;-5.002;25.62;1030.5341;0;
1760109193;9.15;-12.322;1013.332;-5.734;25.62;1030.5341;0;
1760117487;9.15;-12.322;1013.21;-5.734;25.62;1030.5341;0;
1760122403;9.15;-12.322;1013.21;-6.71;25.498;1030.5341;0;
1760129033;9.15;-12.322;1013.332;-7.808;25.376;1030.5341;0;
1760139091;9.15;-12.322;1013.332;-8.906;25.132;1030.5341;0;
1760147388;9.15;-12.322;1013.332;-8.906;25.132;1030.5341;0;
1760153686;9.15;-12.322;1013.332;-9.882;24.766;1030.5341;0;
1760159551;9.15;-12.444;1013.332;-10.37;24.4;1030.5341;0;
1760167944;9.272;-12.444;1013.21;-10.37;24.4;1030.5341;0;
1760172950;9.272;-12.444;1013.21;-10.614;23.912;1030.5341;0;
1760179675;9.15;-12.444;1013.332;-10.248;23.424;1030.5341;0;
1760188059;9.15;-12.444;1013.332;-10.248;23.424;1030.5341;0;
1760193066;9.15;-12.444;1013.332;-9.882;22.936;1030.5341;0;
1760199698;9.15;-12.444;1013.21;-9.76;22.814;1030.5341;0;
1760207618;9.15;-12.444;1013.332;-9.76;22.814;1030.5341;0;
1760212566;9.15;-12.444;1013.332;-10.248;22.814;1030.5341;0;
1760218371;9.15;-12.322;1013.454;-10.248;22.814;1030.5341;0;
1760224191;9.15;-12.322;1013.454;-10.736;22.936;1030.5341;0;
1760230914;9.272;-12.444;1013.454;-11.102;22.936;1030.656;0;
1760237603;9.272;-12.444;1013.332;-11.102;22.936;1030.656;0;
1760242609;9.272;-12.444;1013.332;-11.102;22.814;1030.656;0;
1760248411;9.272;-12.444;1013.332;-11.102;22.814;1030.656;0;
1760255440;9.272;-12.444;1013.332;-10.614;22.448;1030.656;0;
1760261381;9.272;-12.566;1013.332;-9.638;21.838;1030.656;0;
1760267139;9.272;-12.566;1013.332;-9.638;21.838;1030.656;0;
1760272055;9.272;-12.566;1013.332;-8.906;21.35;1030.5341;0;
1760277775;9.15;-12.566;1013.454;-8.906;21.35;1030.5341;0;
1760283512;9.15;-12.566;1013.454;-8.174;20.862;1030.656;0;
1760290147;9.272;-12.444;1013.454;-7.808;20.374;1030.656;0;
1760301500;9.272;-12.444;1013.454;-7.564;20.008;1030.656;0;
1760307285;9.272;-12.444;1013.332;-7.564;20.008;1030.656;0;
1760312205;9.272;-12.444;1013.332;-7.076;19.398;1030.5341;0;
1760317927;9.272;-12.444;1013.332;-7.076;19.398;1030.5341;0;
1760323657;9.272;-12.444;1013.332;-6.344;18.422;1030.5341;0;
1760329379;9.272;-12.444;1013.332;-6.344;18.422;1030.5341;0;
1760335118;9.272;-12.444;1013.332;-5.49;17.202;1030.656;0;
1760341755;9.272;-12.444;1013.332;-5.124;16.226;1030.656;0;
1760347986;9.272;-12.566;1013.332;-5.124;16.226;1030.656;0;
1760352930;9.272;-12.566;1013.332;-5.368;15.86;1030.656;0;
1760358648;9.272;-12.566;1013.332;-5.368;15.86;1030.656;0;
1760364385;9.272;-12.566;1013.332;-6.1;15.982;1030.5341;0;
1760371016;9.272;-12.566;1013.332;-7.198;16.47;1030.5341;0;
1760376768;9.272;-12.566;1013.332;-7.198;16.47;1030.5341;0;
1760381681;9.272;-12.566;1013.332;-8.418;16.958;1030.5341;0;
1760387406;9.272;-12.566;1013.332;-8.418;16.958;1030.5341;0;
1760394449;9.272;-12.566;1013.332;-9.882;17.446;1030.5341;0;
1760399389;9.272;-12.566;1013.332;-9.882;17.446;1030.5341;0;
1760405126;9.272;-12.566;1013.332;-11.224;17.69;1030.412;0;
1760411847;9.272;-12.444;1013.454;-11.956;17.812;1030.412;0;
1760416835;9.272;-12.444;1013.454;-11.956;17.812;1030.412;0;
1760422665;9.272;-12.444;1013.454;-12.322;18.056;1030.5341;0;
1760428468;9.272;-12.444;1013.332;-12.322;18.056;1030.5341;0;
1760434292;9.272;-12.444;1013.332;-12.566;18.91;1030.656;0;
1760442337;9.272;-12.322;1013.332;-12.078;19.764;1030.656;0;
1760447366;9.272;-12.444;1013.332;-12.078;19.764;1030.656;0;
1760453181;9.272;-12.444;1013.332;-10.614;20.496;1030.656;0;
1760458995;9.272;-12.444;1013.332;-10.614;20.496;1030.656;0;
1760464815;9.272;-12.444;1013.332;-8.784;21.35;1030.656;0;
1760471449;9.272;-12.444;1013.332;-7.564;22.326;1030.656;0;
1760477205;9.272;-12.566;1013.332;-7.564;22.326;1030.656;0;
1760482114;9.272;-12.566;1013.332;-7.442;23.302;1030.656;0;
1760489154;9.272;-12.566;1013.332;-7.442;23.302;1030.656;0;
1760494105;9.272;-12.566;1013.332;-8.052;24.156;1030.656;0;
1760499822;9.272;-12.566;1013.332;-8.052;24.156;1030.656;0;
1760505554;9.272;-12.566;1013.332;-8.906;24.766;1030.656;0;
1760512193;9.15;-12.444;1013.332;-10.126;25.132;1030.656;0;
1760517187;9.15;-12.444;1013.21;-10.126;25.132;1030.656;0;
1760523008;9.15;-12.444;1013.21;-10.98;25.132;1030.656;0;
1760528818;9.15;-12.444;1013.21;-10.98;25.132;1030.656;0;
1760536017;9.15;-12.444;1013.21;-11.224;24.766;1030.778;0;
1760541962;9.15;-12.444;1013.21;-11.468;24.644;1030.778;0;
1760546964;9.272;-12.566;1013.21;-11.468;24.644;1030.778;0;
1760552788;9.272;-12.566;1013.21;-11.956;24.644;1030.778;0;
1760558592;9.15;-12.566;1013.21;-11.956;24.644;1030.778;0;
1760564421;9.15;-12.566;1013.21;-12.932;24.888;1030.778;0;
1760570226;9.272;-12.444;1013.21;-12.932;24.888;1030.778;0;
1760578337;9.15;-12.444;1013.21;-13.42;24.644;1030.9;0;
1760583372;9.15;-12.444;1013.21;-13.664;24.278;1031.022;0;
1760589176;9.15;-12.444;1013.088;-13.664;24.278;1031.022;0;
1760594998;9.15;-12.444;1013.088;-15.006;24.766;1031.022;0;
1760600806;9.028;-12.444;1013.088;-15.006;24.766;1031.022;0;
1760607534;9.028;-12.566;1013.088;-15.86;24.766;1030.778;0;
1760612538;9.028;-12.566;1013.088;-15.738;24.278;1030.656;0;
1760618346;9.028;-12.566;1013.088;-15.738;24.278;1030.656;0;
1760625483;9.028;-12.566;1013.088;-15.982;24.034;1030.5341;0;
1760630517;9.028;-12.566;1013.088;-15.982;24.034;1030.5341;0;
1760637241;9.15;-12.566;1013.21;-15.372;23.546;1030.5341;0;
1760643088;9.15;-12.566;1013.21;-14.152;22.57;1030.656;0;
1760648085;9.028;-12.444;1013.088;-14.152;22.57;1030.656;0;
1760714787;9.15;-12.81;1013.088;-0.366;16.348;1030.778;0;
1760720490;9.028;-12.566;1013.21;-0.366;16.348;1030.778;0;
1760729140;9.028;-12.566;1013.21;-1.464;16.226;1030.656;0;
1760734111;9.028;-12.566;1013.21;-3.904;16.592;1030.5341;0;
1760739824;9.15;-12.444;1013.21;-3.904;16.592;1030.5341;0;
1760745557;9.15;-12.444;1013.21;-5.368;16.836;1030.5341;0;
1760751278;9.028;-12.566;1013.21;-5.368;16.836;1030.5341;0;
1760757922;9.028;-12.566;1013.21;-6.1;17.202;1030.5341;0;
1760763683;9.028;-12.566;1013.21;-5.734;17.446;1030.5341;0;
1760768588;9.028;-12.566;1013.21;-5.734;17.446;1030.5341;0;
1760775715;9.028;-12.566;1013.21;-4.148;17.568;1030.656;0;
1760780666;9.028;-12.688;1013.21;-4.148;17.568;1030.656;0;
1760787306;9.028;-12.444;1013.21;-2.806;17.934;1030.656;0;
1760793918;9.028;-12.444;1013.21;-0.854;18.3;1030.778;0;
1760798821;9.028;-12.444;1013.21;-0.854;18.3;1030.778;0;
1760804562;9.028;-12.444;1013.21;0.366;18.544;1030.656;0;
1760810197;9.15;-12.444;1013.21;0.366;18.544;1030.656;0;
1760816752;9.15;-12.322;1013.21;0.732;18.91;1030.656;0;
1760824586;9.15;-12.322;1013.21;0.732;19.276;1030.656;0;
1760829435;9.15;-12.566;1013.332;0.732;19.276;1030.656;0;
1760835077;9.15;-12.566;1013.332;-0.122;19.642;1030.5341;0;
1760840802;9.272;-12.322;1013.332;-0.122;19.642;1030.5341;0;
1760847446;9.272;-12.566;1013.21;-0.61;20.008;1030.5341;0;
1760854050;9.272;-12.566;1013.21;-1.22;20.618;1030.5341;0;
1760858961;9.272;-12.566;1013.21;-1.22;20.618;1030.5341;0;
1760864694;9.272;-12.566;1013.21;-1.708;21.106;1030.5341;0;
1760871729;9.394;-12.444;1013.21;-1.708;21.106;1030.5341;0;
1760877588;9.272;-12.688;1013.21;-2.196;21.594;1030.5341;0;
1760885049;9.272;-12.688;1013.21;-2.928;22.204;1030.5341;0;
1760889957;9.272;-12.444;1013.332;-2.928;22.204;1030.5341;0;
1760896599;9.272;-12.688;1013.332;-3.782;22.692;1030.656;0;
1760904905;9.272;-12.688;1013.332;-4.88;23.18;1030.5341;0;
1760909835;9.272;-12.688;1013.21;-4.88;23.18;1030.5341;0;
1760917801;9.272;-12.566;1013.21;-6.222;23.79;1030.5341;0;
1760925307;9.272;-12.566;1013.21;-7.808;24.522;1030.5341;0;
1760930221;9.15;-12.688;1013.21;-7.808;24.522;1030.5341;0;
1760936865;9.272;-12.444;1013.21;-9.638;25.01;1030.5341;0;
1760945171;9.272;-12.444;1013.21;-11.468;25.62;1030.656;0;
1760950169;9.15;-12.566;1013.332;-11.468;25.62;1030.656;0;
1760956897;9.272;-12.566;1013.332;-13.542;26.108;1030.656;0;
1760965287;9.272;-12.566;1013.332;-15.494;26.596;1030.778;0;
1760971599;9.394;-12.444;1013.332;-15.494;26.596;1030.778;0;
1760977548;9.394;-12.688;1013.332;-17.324;27.084;1030.778;0;
1760985102;9.394;-12.688;1013.332;-18.788;27.45;1030.778;0;
1760990098;9.394;-12.566;1013.332;-18.788;27.45;1030.778;0;
1760996827;9.272;-12.688;1013.21;-19.886;27.816;1030.778;0;
1761006126;9.272;-12.688;1013.332;-20.618;27.938;1030.778;0;
1761016278;9.272;-12.688;1013.332;-20.984;28.182;1030.778;0;
1761026424;9.272;-12.688;1013.332;-21.106;28.304;1030.778;0;
1761036260;9.272;-12.444;1013.21;-20.984;28.304;1030.656;0;
1761046441;9.15;-12.444;1013.21;-20.618;28.304;1030.656;0;
1761056593;9.272;-12.322;1013.21;-20.252;28.304;1030.656;0;
1761066738;9.272;-12.322;1013.21;-20.008;28.426;1030.656;0;
1761076038;9.272;-12.444;1013.332;-19.886;28.426;1030.778;0;
1761086188;9.272;-12.444;1013.332;-19.764;28.304;1030.656;0;
1761096333;9.272;-12.688;1013.21;-19.032;27.938;1030.5341;0;
1761106482;9.394;-12.688;1013.21;-17.08;27.206;1030.5341;0;
1761116133;9.272;-12.566;1013.21;-14.884;26.596;1030.5341;0;
1761126320;9.272;-12.688;1013.21;-13.42;26.108;1030.5341;0;
1761136472;9.272;-12.566;1013.21;-12.932;25.742;1030.656;0;
1761144865;9.272;-12.566;1013.21;-12.932;25.742;1030.656;0;
1761149870;9.272;-12.566;1013.21;-12.322;25.132;1030.656;0;
1761156594;9.272;-12.444;1013.21;-11.468;24.4;1030.656;0;
1761164979;9.272;-12.444;1013.21;-11.468;24.4;1030.656;0;
1761169984;9.272;-12.444;1013.21;-10.858;23.79;1030.656;0;
1761178275;9.272;-12.444;1013.21;-10.492;23.302;1030.656;0;
1761184997;9.272;-12.322;1013.21;-10.492;23.302;1030.656;0;
1761190007;9.272;-12.322;1013.21;-10.614;22.814;1030.656;0;
1761196724;9.272;-12.322;1013.21;-10.614;22.204;1030.5341;0;
1761205115;9.15;-12.322;1013.21;-10.614;22.204;1030.5341;0;
1761210136;9.15;-12.322;1013.21;-10.37;21.594;1030.5341;0;
1761216855;9.15;-12.322;1013.21;-9.76;20.984;1030.5341;0;
1761224791;9.15;-12.322;1013.21;-9.76;20.984;1030.5341;0;
1761229750;9.15;-12.322;1013.21;-8.662;20.252;1030.412;0;
1761235470;9.15;-12.322;1013.21;-8.662;20.252;1030.412;0;
1761241204;9.15;-12.322;1013.21;-7.564;19.764;1030.412;0;
1761247837;9.15;-12.444;1013.21;-6.588;19.52;1030.412;0;
1761255283;9.272;-12.444;1013.21;-6.588;19.52;1030.412;0;
1761260199;9.272;-12.444;1013.21;-6.222;19.642;1030.412;0;
1761265919;9.272;-12.444;1013.21;-6.222;19.642;1030.412;0;
1761272966;9.272;-12.444;1013.21;-5.978;19.886;1030.412;0;
1761278821;9.272;-12.444;1013.21;-5.856;19.886;1030.412;0;
1761284580;9.15;-12.322;1013.21;-5.856;19.886;1030.412;0;
1761289496;9.15;-12.322;1013.21;-5.978;20.13;1030.412;0;
1761295216;9.028;-12.444;1013.088;-5.978;20.13;1030.412;0;
1761300951;9.028;-12.444;1013.088;-6.1;20.496;1030.412;0;
1761307589;9.028;-12.322;1013.21;-6.1;20.74;1030.29;0;
1761315035;9.028;-12.322;1013.21;-6.1;20.74;1030.29;0;
1761321269;9.028;-12.322;1013.21;-5.856;20.984;1030.29;0;
1761326209;9.15;-12.2;1013.21;-5.856;20.984;1030.29;0;
1761331941;9.15;-12.2;1013.21;-5.368;21.35;1030.412;0;
1761338579;9.15;-12.2;1013.088;-5.002;21.716;1030.412;0;
1761345180;9.272;-12.322;1013.21;-5.002;21.716;1030.412;0;
1761350094;9.272;-12.322;1013.21;-4.636;21.96;1030.412;0;
1761355818;9.272;-12.444;1013.21;-4.636;21.96;1030.412;0;
1761361556;9.272;-12.444;1013.21;-4.636;22.326;1030.412;0;
1761369508;9.272;-12.566;1013.21;-4.88;22.57;1030.412;0;
1761374451;9.272;-12.566;1013.21;-4.88;22.57;1030.412;0;
1761380185;9.272;-12.566;1013.21;-5.49;22.936;1030.412;0;
1761385904;9.394;-12.444;1013.088;-5.49;22.936;1030.412;0;
1761391641;9.394;-12.444;1013.088;-6.466;23.18;1030.412;0;
1761398268;9.394;-12.444;1013.21;-7.686;23.546;1030.412;0;
1761404875;9.272;-12.322;1013.21;-7.686;23.546;1030.412;0;
1761409791;9.272;-12.322;1013.21;-9.028;23.79;1030.412;0;
1761416830;9.272;-12.322;1013.21;-9.028;23.79;1030.412;0;
1761421779;9.272;-12.322;1013.21;-10.37;24.034;1030.412;0;
1761428501;9.272;-12.444;1013.21;-11.59;24.278;1030.412;0;
1761434344;9.15;-12.444;1013.21;-11.59;24.278;1030.412;0;
1761439349;9.15;-12.444;1013.21;-12.566;24.522;1030.412;0;
1761445158;9.15;-12.444;1013.332;-12.566;24.522;1030.412;0;
1761450979;9.15;-12.444;1013.332;-13.298;24.766;1030.412;0;
1761456789;9.15;-12.444;1013.21;-13.298;24.766;1030.412;0;
1761463992;9.15;-12.444;1013.21;-13.664;24.888;1030.412;0;
1761469934;9.028;-12.444;1013.21;-13.786;25.01;1030.412;0;
1761474934;9.028;-12.444;1013.21;-13.786;25.01;1030.412;0;
1761480757;9.028;-12.444;1013.21;-13.664;25.132;1030.412;0;
1761486564;9.028;-12.444;1013.21;-13.664;25.132;1030.412;0;
1761492387;9.028;-12.444;1013.21;-13.42;25.132;1030.412;0;
1761499111;9.15;-12.444;1013.21;-13.054;25.132;1030.412;0;
1761505422;9.15;-12.444;1013.21;-13.054;25.132;1030.412;0;
1761510462;9.15;-12.444;1013.21;-12.688;25.132;1030.5341;0;
1761516262;9.15;-12.566;1013.21;-12.688;25.132;1030.5341;0;
1761522086;9.15;-12.566;1013.21;-12.322;25.01;1030.5341;0;
1761528805;9.15;-12.566;1013.21;-12.078;25.01;1030.5341;0;
1761534650;9.15;-12.566;1013.21;-12.078;25.01;1030.5341;0;
1761539654;9.15;-12.566;1013.21;-11.834;25.01;1030.412;0;
1761545462;9.15;-12.566;1013.21;-11.834;25.01;1030.412;0;
1761552667;9.15;-12.566;1013.21;-11.834;24.888;1030.5341;0;
1761557698;9.15;-12.566;1013.21;-11.834;24.888;1030.5341;0;
1761563513;9.15;-12.566;1013.21;-11.956;24.888;1030.5341;0;
1761570234;9.15;-12.444;1013.21;-12.078;24.766;1030.5341;0;
1761575234;9.15;-12.444;1013.21;-12.078;24.766;1030.5341;0;
1761581058;9.15;-12.444;1013.21;-12.2;24.644;1030.5341;0;
1761586867;9.15;-12.444;1013.21;-12.2;24.644;1030.5341;0;
1761592688;9.15;-12.444;1013.21;-12.322;24.522;1030.5341;0;
1761600723;9.15;-12.444;1013.21;-12.444;24.4;1030.5341;0;
1761605757;9.15;-12.444;1013.21;-12.444;24.4;1030.5341;0;
1761611572;9.15;-12.444;1013.21;-12.444;24.156;1030.5341;0;
1761617383;9.15;-12.444;1013.21;-12.444;24.156;1030.5341;0;
1761623203;9.15;-12.444;1013.21;-11.834;23.912;1030.5341;0;
1761629924;9.272;-12.444;1013.21;-10.492;23.546;1030.5341;0;
1761634920;9.272;-12.322;1013.088;-10.492;23.546;1030.5341;0;
1761640742;9.272;-12.322;1013.088;-9.028;23.302;1030.5341;0;
1761647781;9.272;-12.322;1013.21;-9.028;23.302;1030.5341;0;
1761652722;9.272;-12.322;1013.21;-7.808;23.058;1030.412;0;
1761658440;9.272;-12.322;1013.21;-7.808;23.058;1030.412;0;
1761665085;9.272;-12.322;1013.21;-7.198;22.814;1030.412;0;
1761669995;9.272;-12.322;1013.21;-6.466;22.57;1030.5341;0;
1761675715;9.272;-12.322;1013.21;-6.466;22.57;1030.5341;0;
1761681453;9.272;-12.322;1013.21;-5.612;22.326;1030.412;0;
1761687174;9.272;-12.322;1013.332;-5.612;22.326;1030.412;0;
1761695130;9.272;-12.444;1013.332;-4.758;22.204;1030.412;0;
1761700072;9.272;-12.444;1013.332;-4.392;22.082;1030.412;0;
1761705793;9.272;-12.444;1013.332;-4.392;22.082;1030.412;0;
1761711529;9.272;-12.444;1013.332;-4.88;21.96;1030.412;0;
1761717251;9.394;-12.444;1013.332;-4.88;21.96;1030.412;0;
1761722985;9.394;-12.444;1013.332;-5.978;21.838;1030.412;0;
1761728707;9.272;-12.444;1013.332;-5.978;21.838;1030.412;0;
1761736673;9.272;-12.444;1013.332;-7.32;21.838;1030.412;0;
1761741631;9.272;-12.444;1013.332;-8.418;21.594;1030.412;0;
1761747347;9.272;-12.444;1013.332;-8.418;21.594;1030.412;0;
1761753084;9.272;-12.444;1013.332;-9.15;21.594;1030.412;0;
1761758803;9.272;-12.322;1013.332;-9.15;21.594;1030.412;0;
1761765448;9.272;-12.322;1013.332;-9.394;21.472;1030.412;0;
1761771204;9.272;-12.322;1013.332;-9.272;21.35;1030.412;0;
1761776113;9.394;-12.444;1013.332;-9.272;21.35;1030.412;0;
1761783165;9.394;-12.444;1013.332;-8.906;21.228;1030.412;0;
1761788109;9.272;-12.444;1013.332;-8.906;21.228;1030.412;0;
1761794744;9.394;-12.444;1013.332;-8.296;21.228;1030.412;0;
1761801356;9.394;-12.444;1013.332;-7.686;21.106;1030.412;0;
1761806267;9.394;-12.444;1013.332;-7.686;21.106;1030.412;0;
1761811998;9.394;-12.444;1013.332;-7.076;20.984;1030.412;0;
1761817719;9.394;-12.566;1013.21;-7.076;20.984;1030.412;0;
1761824366;9.394;-12.444;1013.21;-6.71;20.984;1030.412;0;
1761831510;9.394;-12.444;1013.21;-6.71;20.984;1030.412;0;
1761836451;9.394;-12.444;1013.332;-6.71;20.984;1030.412;0;
1761842176;9.394;-12.444;1013.332;-6.832;20.862;1030.5341;0;
1761847901;9.394;-12.444;1013.332;-6.832;20.862;1030.5341;0;
1761854542;9.272;-12.444;1013.332;-7.32;20.984;1030.5341;0;
1761861150;9.272;-12.444;1013.332;-8.052;20.984;1030.5341;0;
1761866055;9.272;-12.566;1013.332;-8.052;20.984;1030.5341;0;
1761871795;9.272;-12.566;1013.332;-9.028;21.106;1030.5341;0;
1761878712;9.272;-12.566;1013.332;-9.028;21.106;1030.5341;0;
1761884570;9.272;-12.566;1013.332;-5.368;19.764;1030.5341;0;
1761892031;9.272;-12.566;1013.332;4.148;16.47;1030.5341;0;
1761896848;9.15;-12.566;1013.332;4.148;16.47;1030.5341;0;
1761902496;9.15;-12.566;1013.332;24.034;2.318;1028.094;0;
1761908131;10.248;-12.078;1014.064;24.034;2.318;1028.094;0;
1761914771;10.492;-12.566;1013.698;65.758;-43.676;1027.24;0;
1761922406;10.492;-12.566;1013.698;99.918;-112.972;1027.118;0;
1761929149;10.004;-12.2;1012.966;99.918;-112.972;1027.118;0;
1761935278;12.078;-13.176;1013.698;100.528;-176.534;1022.116;0;
1761942254;12.078;-13.176;1013.698;77.714;-221.552;1016.992;0;
1761947431;15.128;-13.42;1014.674;77.714;-221.552;1016.992;0;
1761954332;19.276;-12.566;1016.626;38.43;-252.662;1007.842;0;
1761962051;19.276;-12.566;1016.626;-10.126;-257.908;1004.426;0;
1761967315;20.862;-11.224;1012.6;-10.126;-257.908;1004.426;0;
1761975624;14.396;-12.81;1010.77;-59.658;-222.894;1006.622;0;
1761982633;14.396;-12.81;1010.77;-111.752;-166.164;1005.28;0;
1761987993;8.662;-13.42;1014.43;-111.752;-166.164;1005.28;0;
1761994981;7.442;-8.784;1014.186;-159.088;-103.456;1011.38;0;
1762003609;6.954;-12.444;1013.82;-186.66;-40.382;1018.7;0;
1762013954;8.052;-12.322;1013.82;-192.76;22.448;1022.604;0;
1762022439;8.052;-12.322;1013.82;-178.608;86.742;1028.2161;0;
1762027528;8.052;-10.004;1013.21;-178.608;86.742;1028.2161;0;
1762035668;7.198;-12.078;1012.966;-147.132;148.596;1035.536;0;
1762042587;7.198;-12.078;1012.966;-99.308;203.862;1043.1;0;
1762047679;6.954;-9.15;1012.844;-99.308;203.862;1043.1;0;
1762054401;6.1;-10.004;1013.088;-37.698;251.442;1052.738;0;
1762063790;5.368;-10.858;1013.088;24.278;289.75;1063.5961;0;
1762073936;4.88;-9.76;1012.6;72.834;316.102;1071.77;0;
1762083998;5.246;-12.688;1012.6;101.26;329.4;1075.918;0;
1762093384;6.222;-12.2;1012.722;107.36;330.62;1074.942;0;
1762104086;6.344;-10.858;1013.21;91.866;321.226;1070.428;0;
1762113426;6.1;-11.956;1012.478;63.684;303.414;1065.0601;0;
1762123573;7.564;-10.004;1013.088;45.994;279.258;1060.4241;0;
1762133718;7.564;-9.028;1014.064;31.964;256.322;1056.52;0;
1762143775;6.71;-9.76;1014.186;18.788;234.24;1052.25;0;
1762153834;6.71;-9.394;1014.308;10.37;214.598;1047.614;0;
1762163893;6.954;-10.492;1013.942;1.586;200.202;1045.052;0;
1762173573;7.686;-10.858;1013.942;-2.928;188.856;1042.978;0;
1762183754;11.59;-6.588;1013.332;-6.832;180.682;1041.7581;0;
1762193912;15.738;-6.588;1012.478;-7.564;173.85;1040.9041;0;
1762202297;14.762;-11.712;1012.234;-7.564;173.85;1040.9041;0;
1762207393;14.762;-11.712;1012.234;-4.026;166.408;1037.976;0;
1762214200;10.126;-10.004;1013.088;-0.366;156.892;1035.048;0;
1762222673;3.416;-5.002;1011.746;-0.366;156.892;1035.048;0;
1762227587;3.416;-5.002;1011.746;6.344;147.62;1033.7061;0;
1762235450;2.928;-6.1;1011.99;11.59;132.126;1031.51;0;
1762242087;5.49;-11.956;1013.576;11.59;132.126;1031.51;0;
1762247096;5.49;-11.956;1013.576;16.592;113.216;1028.2161;0;
1762252909;7.076;-13.786;1013.82;16.592;113.216;1028.2161;0;
1762258731;7.076;-13.786;1013.82;25.62;92.476;1028.582;0;
1762265361;8.418;-11.59;1013.698;33.672;66.246;1029.314;0;
1762272806;8.296;-11.956;1013.332;33.672;66.246;1029.314;0;
1762277719;8.296;-11.956;1013.332;42.334;37.088;1027.728;0;
1762285735;8.906;-11.468;1013.576;52.46;5.368;1027.24;0;
1762292288;9.028;-9.638;1013.576;52.46;5.368;1027.24;0;
1762297034;9.028;-9.638;1013.576;61.732;-23.912;1026.5081;0;
1762302758;8.296;-10.98;1013.82;61.732;-23.912;1026.5081;0;
1762308582;8.296;-10.98;1013.82;68.93;-44.774;1026.5081;0;
1762315303;7.93;-11.346;1013.698;73.322;-51.24;1026.996;0;
1762321997;8.296;-12.078;1013.576;73.322;-51.24;1026.996;0;
1762326998;8.296;-12.078;1013.576;73.2;-40.138;1027.728;0;
1762335033;7.93;-14.03;1013.82;68.93;-15.86;1028.826;0;
1762342609;8.174;-12.688;1013.454;68.93;-15.86;1028.826;0;
1762347615;8.174;-12.688;1013.454;61.244;13.786;1028.826;0;
1762353337;8.906;-12.444;1013.454;61.244;13.786;1028.826;0;
1762359070;8.906;-12.444;1013.454;50.386;42.822;1029.9241;0;
1762365706;8.296;-12.688;1013.332;37.576;66.368;1029.558;0;
1762372304;8.418;-10.248;1013.332;37.576;66.368;1029.558;0;
1762377218;8.418;-10.248;1013.332;24.4;83.204;1028.46;0;
1762385229;7.808;-11.346;1013.454;12.566;94.55;1028.2161;0;
1762391871;7.442;-12.688;1013.576;12.566;94.55;1028.2161;0;
1762396791;7.442;-12.688;1013.576;2.684;100.04;1027.118;0;
1762402510;7.808;-12.078;1013.576;2.684;100.04;1027.118;0;
1762408248;7.808;-12.078;1013.576;-6.222;101.626;1026.5081;0;
1762414058;7.076;-13.542;1013.21;-6.222;101.626;1026.5081;0;
1762419878;7.076;-13.542;1013.21;-13.054;100.65;1026.752;0;
1762428059;6.954;-14.03;1012.966;-16.714;97.844;1025.776;0;
1762433101;7.32;-12.322;1012.966;-16.714;97.844;1025.776;0;
1762438911;7.32;-12.322;1012.966;-17.934;94.794;1025.288;0;
1762445635;5.856;-12.688;1012.844;-17.324;92.476;1026.5081;0;
1762452321;3.538;-12.2;1013.088;-17.324;92.476;1026.5081;0;
1762457325;3.538;-12.2;1013.088;-15.494;91.134;1026.264;0;
1762463130;2.806;-9.76;1013.21;-15.494;91.134;1026.264;0;
1762468868;2.806;-9.76;1013.21;-11.956;90.524;1023.702;0;
1762476820;2.806;-9.15;1012.966;-7.32;92.232;1021.75;0;
1762481672;3.416;-10.736;1013.088;-7.32;92.232;1021.75;0;
1762487405;3.416;-10.736;1013.088;-2.074;96.38;1019.92;0;
1762493127;7.076;-12.444;1013.088;-2.074;96.38;1019.92;0;
1762498892;7.076;-12.444;1013.088;3.782;101.382;1017.236;0;
1762504586;10.492;-14.03;1012.966;3.782;101.382;1017.236;0;
1762510408;10.492;-14.03;1012.966;10.004;105.774;1015.894;0;
1762517218;11.468;-14.274;1012.966;14.518;106.14;1014.43;0;
1762523636;11.468;-13.176;1012.844;14.518;106.14;1014.43;0;
1762528769;11.468;-13.176;1012.844;17.446;99.796;1013.82;0;
1762534570;11.59;-13.176;1012.722;17.446;99.796;1013.82;0;
1762540395;11.59;-13.176;1012.722;17.324;83.326;1014.43;0;
1762547119;12.078;-12.688;1013.21;11.346;57.584;1017.358;0;
1762552115;11.59;-12.322;1013.088;11.346;57.584;1017.358;0;
1762557941;11.59;-12.322;1013.088;2.196;24.156;1021.872;0;
1762563656;11.834;-13.42;1012.966;2.196;24.156;1021.872;0;
1762570716;11.834;-13.42;1012.966;-7.93;-15.006;1026.752;0;
1762576751;12.2;-13.542;1013.088;-20.374;-54.412;1032.12;0;
1762581932;12.2;-13.908;1012.966;-20.374;-54.412;1032.12;0;
1762587925;12.2;-13.908;1012.966;-33.428;-91.378;1036.512;0;
1762593907;13.054;-13.42;1013.21;-33.428;-91.378;1036.512;0;
1762599902;13.054;-13.42;1013.21;-44.896;-123.342;1041.88;0;
1762606888;13.786;-12.566;1013.21;-54.046;-151.036;1045.906;0;
1762613460;13.664;-13.176;1013.088;-54.046;-151.036;1045.906;0;
1762618768;13.664;-13.176;1013.088;-60.756;-175.07;1048.224;0;
1762624833;14.396;-11.956;1013.21;-60.756;-175.07;1048.224;0;
1762630909;14.396;-11.956;1013.21;-65.148;-194.956;1048.834;0;
1762637891;14.64;-11.834;1013.332;-67.466;-211.06;1050.298;0;
1762643151;13.664;-13.176;1013.21;-67.466;-211.06;1050.298;0;
1762649238;13.664;-13.176;1013.21;-67.71;-224.724;1050.176;0;
1762655307;14.03;-12.566;1013.21;-67.71;-224.724;1050.176;0;
1762663680;13.786;-12.444;1013.088;-65.758;-235.948;1047.614;0;
1762668986;13.786;-12.444;1013.088;-62.464;-243.634;1044.564;0;
1762675052;14.884;-13.298;1012.966;-62.464;-243.634;1044.564;0;
1762682041;20.252;-15.738;1013.21;-57.706;-248.148;1036.39;0;
1762687318;20.252;-15.738;1013.21;-51.972;-247.538;1027.24;0;
1762693378;18.666;-16.226;1012.966;-51.972;-247.538;1027.24;0;
1762699466;18.666;-16.226;1012.966;-46.604;-237.534;1027.3621;0;
1762707754;13.786;-13.786;1012.844;-42.456;-220.576;1025.41;0;
1762713066;12.81;-11.712;1013.088;-42.456;-220.576;1025.41;0;
1762719142;12.81;-11.712;1013.088;-40.504;-198.86;1019.798;0;
1762725207;12.078;-12.322;1013.088;-40.504;-198.86;1019.798;0;
1762732201;12.2;-13.298;1013.21;-39.894;-170.678;1017.968;0;
1762737469;12.2;-13.298;1013.21;-39.772;-138.226;1014.552;0;
1762743535;12.566;-12.688;1013.332;-39.772;-138.226;1014.552;0;
1762749622;12.566;-12.688;1013.332;-41.236;-103.456;1014.186;0;
1762762165;20.618;-20.13;1015.162;-43.188;-68.442;1014.796;0;
1762768232;20.618;-20.13;1015.162;-44.408;-33.062;1014.186;0;
1762773411;18.056;-15.86;1013.332;-44.408;-33.062;1014.186;0;
1762779404;18.056;-15.86;1013.332;-45.262;1.83;1015.65;0;
1762785214;13.176;-6.71;1012.234;-45.262;1.83;1015.65;0;
1762791853;12.322;-11.834;1012.722;-45.14;34.892;1018.7;0;
1762797793;12.322;-11.834;1012.722;-43.92;66.368;1021.506;0;
1762804232;10.004;-15.25;1012.478;-43.92;66.368;1021.506;0;
1762809358;10.004;-15.25;1012.478;-41.846;97.6;1023.702;0;
1762815256;7.442;-8.662;1012.234;-41.846;97.6;1023.702;0;
1762821898;7.32;-11.468;1012.356;-38.064;128.466;1027.484;0;
1762828685;7.32;-11.468;1012.356;-33.55;157.136;1032.364;0;
1762833774;7.564;-13.054;1012.6;-33.55;157.136;1032.364;0;
1762839681;7.564;-13.054;1012.6;-28.67;181.902;1034.804;0;
1762845574;7.564;-10.004;1012.234;-28.67;181.902;1034.804;0;
1762853712;7.808;-12.688;1012.356;-22.57;200.568;1037.1221;0;
1762858840;7.808;-12.688;1012.356;-18.178;211.426;1038.952;0;
1762864726;7.808;-11.834;1012.234;-18.178;211.426;1038.952;0;
1762871542;6.954;-9.516;1011.746;-15.86;213.5;1039.806;0;
1762879089;6.954;-9.516;1011.746;-13.054;207.034;1037.488;0;
1762884090;7.198;-11.468;1012.356;-13.054;207.034;1037.488;0;
1762889999;7.198;-11.468;1012.356;-10.614;193.492;1035.658;0;
1762895895;8.662;-11.468;1013.332;-10.614;193.492;1035.658;0;
1762904024;8.174;-10.37;1012.722;-9.394;177.266;1035.902;0;
1762909057;8.174;-10.37;1012.722;-8.784;159.698;1034.194;0;
1762914862;8.052;-11.468;1012.844;-8.784;159.698;1034.194;0;
1762921588;8.662;-11.834;1013.332;-8.052;141.764;1031.998;0;
1762929134;8.662;-11.834;1013.332;-7.198;126.026;1031.022;0;
1762934129;8.54;-10.98;1013.332;-7.198;126.026;1031.022;0;
1762939954;8.54;-10.98;1013.332;-5.734;112.362;1030.046;0;
1762947141;7.808;-10.858;1012.966;-5.734;112.362;1030.046;0;
1762953084;7.32;-10.858;1012.478;-6.1;100.528;1029.314;0;
1762958944;7.32;-10.858;1012.478;-5.124;89.792;1028.704;0;
1762963857;7.32;-10.004;1012.478;-5.124;89.792;1028.704;0;
1762969590;7.32;-10.004;1012.478;-2.562;79.788;1027.972;0;
1762975311;7.442;-10.37;1012.722;-2.562;79.788;1027.972;0;
1762981954;7.93;-11.224;1012.966;-0.366;70.028;1027.728;0;
1762989413;7.93;-11.224;1012.966;2.44;60.024;1027.24;0;
1762995547;8.418;-11.346;1013.088;2.44;60.024;1027.24;0;
1763001316;8.662;-12.078;1013.21;5.246;49.166;1026.874;0;
1763009536;8.662;-12.078;1013.21;8.296;37.21;1026.752;0;
1763014357;8.906;-12.078;1013.21;8.296;37.21;1026.752;0;
1763020001;8.906;-12.078;1013.21;10.98;23.79;1026.142;0;
1763025725;9.028;-11.712;1013.088;10.98;23.79;1026.142;0;
1763032367;9.15;-11.834;1013.21;14.03;9.394;1025.41;0;
1763039731;9.15;-11.834;1013.21;16.226;-4.88;1024.922;0;
1763046018;8.906;-11.224;1013.088;16.226;-4.88;1024.922;0;
1763051872;8.906;-11.224;1013.21;18.056;-16.958;1024.556;0;
1763061173;8.784;-11.712;1013.332;19.398;-24.766;1024.312;0;
1763071321;8.906;-11.59;1013.332;20.008;-26.108;1024.312;0;
1763081466;9.028;-12.078;1013.454;19.398;-19.154;1024.922;0;
1763089861;9.028;-12.078;1013.454;17.446;-4.514;1026.264;0;
1763094769;9.028;-12.566;1013.332;17.446;-4.514;1026.264;0;
1763101408;9.028;-12.078;1013.21;15.738;15.128;1027.24;0;
1763111089;8.662;-11.956;1013.332;14.274;36.844;1028.338;0;
1763121184;8.418;-11.956;1013.332;12.322;58.438;1029.558;0;
1763131243;8.174;-11.468;1013.088;10.858;77.958;1030.168;0;
1763141301;7.93;-11.712;1013.088;10.004;94.672;1030.9;0;
1763151356;8.052;-12.2;1013.088;9.15;108.702;1031.266;0;
1763161416;8.418;-12.2;1013.088;8.296;118.828;1031.144;0;
1763171472;8.296;-12.322;1013.088;7.564;125.904;1030.5341;0;
1763180683;8.296;-12.566;1012.966;7.076;132.126;1029.436;0;
1763191271;8.54;-12.322;1012.966;6.832;137.006;1028.582;0;
1763201363;8.296;-12.078;1012.966;6.344;140.666;1027.3621;0;
1763209669;8.418;-12.078;1012.966;6.344;140.666;1027.3621;0;
1763214585;8.418;-12.078;1012.966;5.856;142.862;1025.166;0;
1763221222;8.296;-11.712;1013.088;5.856;144.448;1023.58;0;
1763231280;8.418;-11.956;1013.088;6.466;144.692;1022.36;0;
1763241336;8.662;-12.444;1013.088;6.832;141.154;1020.652;0;
1763249630;7.808;-12.932;1012.966;6.832;141.154;1020.652;0;
1763255920;7.808;-12.932;1012.966;7.442;133.59;1019.432;0;
1763261775;4.026;-13.298;1012.478;6.466;121.39;1020.164;0;
1763270072;-3.294;-14.64;1012.478;6.466;121.39;1020.164;0;
1763275074;-3.294;-14.64;1012.478;3.904;105.774;1025.41;0;
1763281797;-3.782;-14.03;1013.332;-1.708;82.472;1020.042;0;
1763290181;0.854;-10.98;1013.088;-1.708;82.472;1020.042;0;
1763295095;0.854;-10.98;1013.088;-6.954;56.486;1019.188;0;
1763301733;3.416;-11.224;1012.844;-10.37;30.622;1022.848;0;
1763309823;8.906;-12.322;1013.332;-10.37;30.622;1022.848;0;
1763314871;8.906;-12.322;1013.332;-16.226;2.684;1022.238;0;
1763321493;12.81;-11.59;1013.088;-22.326;-23.424;1026.142;0;
1763330063;13.42;-12.932;1013.21;-22.326;-23.424;1026.142;0;
1763335246;13.42;-12.932;1013.21;-26.962;-48.922;1028.094;0;
1763342143;13.542;-12.932;1013.332;-31.11;-72.834;1030.778;0;
1763349860;13.664;-12.322;1013.088;-31.11;-72.834;1030.778;0;
1763356358;13.664;-12.322;1013.088;-34.77;-93.818;1033.34;0;
1763362483;13.908;-13.176;1013.21;-38.186;-112.85;1036.024;0;
1763369445;14.152;-12.2;1013.332;-38.186;-112.85;1036.024;0;
1763374716;14.152;-12.2;1013.332;-40.382;-129.808;1036.756;0;
1763380787;13.908;-12.078;1013.21;-40.382;-129.808;1036.756;0;
1763386863;13.908;-12.078;1013.21;-41.846;-143.96;1037.61;0;
1763393849;13.908;-12.444;1013.332;-42.7;-154.818;1037.61;0;
1763399964;13.908;-11.956;1013.332;-42.7;-154.818;1037.61;0;
1763406551;13.908;-11.956;1013.332;-42.456;-161.406;1037.1221;0;
1763412759;13.908;-12.566;1013.332;-41.968;-162.87;1036.146;0;
1763419726;17.202;-12.444;1013.698;-41.968;-162.87;1036.146;0;
1763425002;17.202;-12.444;1013.698;-41.968;-160.552;1030.412;0;
1763431068;21.228;-11.712;1013.698;-41.968;-160.552;1030.412;0;
1763437150;21.228;-11.712;1013.698;-41.602;-150.426;1030.9;0;
1763444135;14.518;-12.444;1013.332;-40.382;-136.152;1033.7061;0;
1763450722;11.468;-14.03;1013.21;-40.382;-136.152;1033.7061;0;
1763456029;11.468;-14.03;1013.21;-39.162;-121.512;1029.802;0;
1763463005;13.298;-12.322;1013.088;-38.796;-103.212;1028.338;0;
1763469119;12.2;-12.322;1013.088;-38.796;-103.212;1028.338;0;
1763474391;12.2;-12.322;1013.088;-38.918;-83.936;1027.484;0;
1763480371;11.834;-13.054;1012.966;-38.918;-83.936;1027.484;0;
1763486368;11.834;-13.054;1012.966;-38.918;-64.538;1026.63;0;
1763493263;11.224;-12.322;1012.966;-39.04;-45.262;1026.386;0;
1763499824;11.346;-13.176;1013.088;-39.04;-45.262;1026.386;0;
1763505039;11.346;-13.176;1013.088;-38.796;-27.206;1025.532;0;
1763511013;11.224;-13.298;1013.088;-38.796;-27.206;1025.532;0;
1763517007;11.224;-13.298;1013.088;-38.43;-9.76;1025.288;0;
1763523815;11.346;-13.298;1012.966;-37.454;7.198;1025.288;0;
1763529658;10.858;-13.054;1012.966;-37.454;7.198;1025.288;0;
1763534662;10.858;-13.054;1012.966;-35.868;23.912;1026.142;0;
1763541815;10.858;-12.566;1012.966;-35.868;23.912;1026.142;0;
1763546944;10.858;-12.566;1012.966;-33.794;40.016;1026.5081;0;
1763553744;10.37;-12.566;1012.966;-31.11;55.144;1026.996;0;
1763558831;10.248;-12.566;1012.844;-31.11;55.144;1026.996;0;
1763564743;10.248;-12.566;1012.844;-28.182;68.808;1027.606;0;
1763570640;10.126;-12.688;1012.844;-28.182;68.808;1027.606;0;
1763576544;10.126;-12.688;1012.844;-25.498;80.398;1028.2161;0;
1763583355;10.126;-12.932;1012.844;-23.18;88.694;1028.826;0;
1763590004;10.004;-12.932;1012.844;-23.18;88.694;1028.826;0;
1763595133;10.004;-12.932;1012.844;-20.862;92.598;1028.948;0;
1763601016;10.004;-13.054;1012.844;-20.862;92.598;1028.948;0;
1763606928;10.004;-13.054;1012.844;-19.276;92.232;1029.192;0;
1763613737;10.004;-12.81;1012.844;-18.056;87.474;1029.314;0;
1763618828;9.882;-12.566;1012.966;-18.056;87.474;1029.314;0;
1763624645;9.882;-12.566;1012.966;-16.836;79.056;1029.0701;0;
1763631859;9.76;-12.322;1012.966;-16.836;79.056;1029.0701;0;
1763636901;9.76;-12.322;1012.966;-15.616;68.32;1028.704;0;
1763642704;9.638;-12.322;1013.088;-15.616;68.32;1028.704;0;
1763648523;9.638;-12.322;1013.088;-14.64;56.486;1028.338;0;
1763655244;9.638;-12.566;1013.088;-14.03;44.652;1028.094;0;
1763660238;9.638;-12.566;1013.088;-14.03;44.652;1028.094;0;
1763666062;9.638;-12.566;1013.088;-12.81;33.55;1027.606;0;
1763671870;9.76;-12.81;1013.088;-12.81;33.55;1027.606;0;
1763679980;9.76;-12.932;1013.088;-10.98;23.546;1027.484;0;
1763685016;9.76;-12.932;1013.088;-9.394;14.762;1027.118;0;
1763690734;9.76;-12.688;1013.088;-9.394;14.762;1027.118;0;
1763696470;9.76;-12.688;1013.088;-8.174;7.076;1026.63;0;
1763702102;9.76;-12.566;1013.088;-8.174;7.076;1026.63;0;
1763707749;9.76;-12.566;1013.088;-6.466;0.732;1026.5081;0;
1763714300;9.76;-12.444;1013.088;-4.514;-4.514;1026.386;0;
1763719204;9.516;-12.322;1013.088;-4.514;-4.514;1026.386;0;
1763726270;9.516;-12.322;1013.088;-3.05;-8.906;1026.386;0;
1763731213;9.394;-12.444;1013.088;-3.05;-8.906;1026.386;0;
1763736942;9.394;-12.444;1013.088;-1.586;-12.688;1025.8981;0;
1763742746;9.516;-12.566;1013.088;-1.586;-12.688;1025.8981;0;
1763749478;9.76;-12.688;1013.088;0.0;-15.616;1025.41;0;
1763755232;9.76;-12.688;1013.088;1.22;-17.202;1025.166;0;
1763760135;10.126;-12.932;1013.21;1.22;-17.202;1025.166;0;
1763765960;10.126;-12.932;1013.21;2.318;-16.958;1024.8;0;
1763773148;11.102;-13.298;1013.698;2.318;-16.958;1024.8;0;
1763778192;11.102;-13.298;1013.698;3.05;-14.396;1025.0441;0;
1763784903;11.346;-13.908;1014.186;4.27;-8.418;1025.776;0;
1763789813;9.516;-12.932;1013.576;4.27;-8.418;1025.776;0;
1763795460;9.516;-12.932;1013.576;5.856;1.098;1026.142;0;
1763801004;8.296;-11.102;1012.722;5.856;1.098;1026.142;0;
1763806569;8.296;-11.102;1012.722;6.222;13.298;1026.63;0;
1763812210;8.784;-11.956;1013.21;6.222;13.298;1026.63;0;
1763820073;9.15;-12.688;1013.332;6.1;28.06;1027.85;0;
1763825785;9.15;-12.688;1013.332;5.734;44.652;1028.948;0;
1763830610;8.784;-11.59;1013.088;5.734;44.652;1028.948;0;
1763836255;8.784;-11.59;1013.088;5.49;62.342;1030.168;0;
1763841894;8.54;-12.566;1013.088;5.49;62.342;1030.168;0;
1763847540;8.54;-12.566;1013.088;5.856;80.154;1031.754;0;
1763853177;8.418;-13.176;1012.966;5.856;80.154;1031.754;0;
1763859732;8.052;-12.078;1012.722;5.368;97.112;1032.8521;0;
1763865937;8.052;-12.078;1012.722;5.002;112.606;1033.7061;0;
1763870883;7.93;-12.2;1012.722;5.002;112.606;1033.7061;0;
1763876614;7.93;-12.2;1012.722;4.88;126.148;1034.438;0;
1763882335;7.442;-12.2;1012.478;4.88;126.148;1034.438;0;
1763888973;6.344;-11.102;1011.99;4.758;137.25;1034.5601;0;
1763895585;6.344;-11.102;1011.99;5.124;145.79;1034.682;0;
1763900488;4.392;-10.37;1011.38;5.124;145.79;1034.682;0;
1763906223;4.392;-10.37;1011.38;4.88;151.28;1034.438;0;
1763913324;7.076;-11.346;1012.478;4.88;151.28;1034.438;0;
1763919178;8.418;-13.176;1013.332;4.27;154.452;1033.584;0;
1763925792;8.418;-13.176;1013.332;4.026;154.94;1032.974;0;
1763930701;8.052;-12.81;1012.966;4.026;154.94;1032.974;0;
1763936434;8.052;-12.81;1012.966;2.928;152.134;1031.754;0;
1763942158;8.662;-12.322;1013.088;2.928;152.134;1031.754;0;
1763948798;8.174;-12.932;1013.088;2.074;146.156;1030.656;0;
1763956254;8.174;-12.932;1013.088;2.318;136.884;1028.948;0;
1763962534;8.418;-12.078;1013.088;2.318;136.884;1028.948;0;
1763967487;8.418;-12.078;1013.088;1.708;124.684;1027.118;0;
1763973200;8.174;-11.956;1012.966;1.708;124.684;1027.118;0;
1763979839;8.418;-12.2;1013.21;2.074;111.02;1026.5081;0;
1763986447;8.418;-12.2;1013.21;2.318;96.502;1025.776;0;
1763991264;8.54;-12.2;1012.966;2.318;96.502;1025.776;0;
1763996915;8.54;-12.2;1012.966;2.806;80.276;1025.166;0;
1764002548;8.784;-13.054;1013.088;2.806;80.276;1025.166;0;
1764010488;8.174;-13.176;1013.088;3.66;63.806;1025.166;0;
1764017042;8.174;-13.176;1013.088;2.684;47.824;1026.5081;0;
1764021870;6.832;-13.298;1012.844;2.684;47.824;1026.5081;0;
1764027517;6.832;-13.298;1012.844;1.342;31.598;1027.3621;0;
1764033153;5.856;-13.42;1012.966;1.342;31.598;1027.3621;0;
1764039706;7.32;-12.2;1013.088;-0.366;15.494;1027.118;0;
1764047162;7.32;-12.2;1013.088;-3.05;0.732;1026.264;0;
1764051978;9.638;-11.834;1013.21;-3.05;0.732;1026.264;0;
1764059908;10.248;-12.688;1013.21;-5.978;-12.81;1026.874;0;
1764066732;10.248;-12.688;1013.21;-9.76;-25.132;1027.728;0;
1764071827;10.248;-12.2;1013.332;-9.76;-25.132;1027.728;0;
1764078638;10.37;-12.444;1013.332;-13.054;-36.234;1028.2161;0;
1764087213;10.37;-12.444;1013.332;-15.982;-45.262;1028.826;0;
1764092386;10.614;-13.176;1013.332;-15.982;-45.262;1028.826;0;
1764099288;11.346;-12.81;1013.332;-18.91;-52.216;1029.192;0;
1764108415;12.566;-13.176;1013.332;-20.862;-56.852;1028.948;0;
1764117035;12.566;-13.176;1013.332;-22.204;-59.292;1028.094;0;
1764122214;14.152;-12.81;1013.576;-22.204;-59.292;1028.094;0;
1764129115;14.03;-11.468;1013.698;-22.936;-59.048;1027.85;0;
1764138591;10.248;-12.688;1013.332;-22.814;-55.754;1030.5341;0;
1764148917;9.516;-13.176;1013.21;-22.448;-51.362;1030.9;0;
1764158307;10.736;-11.59;1013.21;-21.96;-45.75;1029.802;0;
1764168633;10.004;-13.176;1013.21;-21.35;-38.43;1030.29;0;
1764178581;10.004;-13.542;1013.21;-20.618;-30.866;1029.6801;0;
1764188944;10.004;-12.444;1013.088;-20.252;-22.814;1029.314;0;
1764198424;9.76;-13.664;1013.088;-20.008;-14.64;1029.314;0;
1764208662;9.638;-12.566;1013.088;-20.13;-7.076;1028.948;0;
1764218809;9.76;-12.444;1012.966;-20.496;-0.122;1028.826;0;
1764228106;9.394;-12.932;1013.088;-20.74;6.1;1028.826;0;
1764238166;9.638;-12.322;1013.088;-21.594;11.712;1028.582;0;
1764248786;9.638;-13.054;1013.088;-22.204;16.714;1028.582;0;
1764258122;9.638;-13.054;1013.088;-22.692;20.74;1028.46;0;
1764268277;9.76;-13.054;1013.088;-23.424;23.79;1028.582;0;
1764278422;9.638;-13.42;1013.088;-23.912;25.376;1028.704;0;
1764288569;9.638;-12.688;1013.088;-24.278;25.254;1028.582;0;
1764296952;9.516;-12.688;1013.088;-24.278;25.254;1028.582;0;
1764301956;9.516;-12.688;1013.088;-24.4;23.302;1028.826;0;
1764308677;9.394;-12.444;1013.088;-24.4;19.642;1028.948;0;
1764318507;9.394;-12.322;1013.088;-24.156;14.64;1029.0701;0;
1764326921;9.394;-12.81;1013.088;-24.156;14.64;1029.0701;0;
1764331927;9.394;-12.81;1013.088;-23.912;8.418;1029.314;0;
1764337642;9.638;-12.81;1013.088;-23.912;8.418;1029.314;0;
1764343382;9.638;-12.81;1013.088;-23.18;1.464;1029.314;0;
1764350016;9.76;-13.298;1013.088;-21.96;-5.856;1029.314;0;
1764357555;9.76;-13.176;1013.088;-21.96;-5.856;1029.314;0;
1764362560;9.76;-13.176;1013.088;-20.862;-13.176;1029.314;0;
1764370625;9.76;-12.81;1013.21;-20.008;-20.13;1029.192;0;
1764377442;9.638;-12.81;1013.21;-20.008;-20.13;1029.192;0;
1764382542;9.638;-12.81;1013.21;-18.91;-26.474;1029.0701;0;
1764389344;9.638;-12.2;1013.21;-17.812;-32.086;1028.704;0;
1764396969;9.516;-12.444;1013.21;-17.812;-32.086;1028.704;0;
1764402113;9.516;-12.444;1013.21;-16.836;-36.234;1028.582;0;
1764408007;9.638;-12.566;1013.21;-16.836;-36.234;1028.582;0;
1764413912;9.638;-12.566;1013.21;-15.982;-38.918;1028.2161;0;
1764422308;9.76;-12.688;1013.21;-15.128;-40.748;1027.85;0;
1764427435;9.882;-13.054;1013.21;-15.128;-40.748;1027.85;0;
1764433337;9.882;-13.054;1013.21;-14.64;-41.48;1027.3621;0;
1764440140;9.882;-13.298;1013.21;-14.152;-40.504;1026.874;0;
1764446921;9.76;-13.054;1013.21;-14.152;-40.504;1026.874;0;
1764452013;9.76;-13.054;1013.21;-13.42;-38.186;1026.5081;0;
1764457911;9.76;-12.688;1013.088;-13.42;-38.186;1026.5081;0;
1764465196;9.76;-12.688;1013.088;-13.176;-34.16;1026.142;0;
1764471235;9.638;-12.688;1013.21;-12.932;-28.304;1025.8981;0;
1764477177;9.516;-12.566;1013.21;-12.932;-28.304;1025.8981;0;
1764482274;9.516;-12.566;1013.21;-12.566;-20.618;1025.776;0;
1764488167;9.516;-12.322;1013.21;-12.566;-20.618;1025.776;0;
1764494076;9.516;-12.322;1013.21;-12.566;-11.346;1025.8981;0;
1764500886;9.516;-12.81;1013.21;-12.078;-0.732;1026.264;0;
1764506732;9.76;-13.054;1013.21;-12.078;-0.732;1026.264;0;
1764513112;9.76;-13.054;1013.21;-11.468;10.858;1026.63;0;
1764518150;10.736;-13.298;1013.698;-11.468;10.858;1026.63;0;
1764524053;10.736;-13.298;1013.698;-11.102;23.058;1026.996;0;
1764530860;11.224;-13.908;1014.064;-10.004;35.624;1028.094;0;
1764536796;9.516;-13.176;1013.454;-10.004;35.624;1028.094;0;
1764541791;9.516;-13.176;1013.454;-8.54;48.312;1028.46;0;
1764547515;7.93;-11.468;1012.722;-8.54;48.312;1028.46;0;
1764553253;7.93;-11.468;1012.722;-7.442;60.146;1029.192;0;
1764561201;8.418;-12.322;1013.088;-6.344;70.638;1030.5341;0;
1764566995;8.54;-12.688;1013.21;-6.344;70.638;1030.5341;0;
1764571915;8.54;-12.688;1013.21;-5.246;80.032;1030.656;0;
1764577639;8.052;-11.59;1012.966;-5.246;80.032;1030.656;0;
1764583368;8.052;-11.59;1012.966;-4.27;88.084;1031.022;0;
1764589094;7.686;-12.444;1012.844;-4.27;88.084;1031.022;0;
1764594828;7.686;-12.444;1012.844;-3.172;94.672;1031.876;0;
1764601465;7.442;-12.444;1012.722;-2.44;99.552;1031.876;0;
1764607686;6.71;-11.59;1012.356;-2.44;99.552;1031.876;0;
1764612633;6.71;-11.59;1012.356;-1.464;102.846;1032.12;0;
1764618436;7.32;-11.956;1012.478;-1.464;102.846;1032.12;0;
1764624257;7.32;-11.956;1012.478;-1.586;103.578;1032.2421;0;
1764630984;8.54;-12.688;1013.088;-1.464;102.968;1031.998;0;
1764636826;8.418;-12.322;1013.21;-1.464;102.968;1031.998;0;
1764641828;8.418;-12.322;1013.21;-0.488;100.65;1031.51;0;
1764648953;8.296;-11.956;1013.21;-0.488;100.65;1031.51;0;
1764653991;8.296;-11.956;1013.21;-0.366;96.746;1031.266;0;
1764659705;8.418;-12.322;1013.21;-0.366;96.746;1031.266;0;
1764665440;8.418;-12.322;1013.21;0.488;91.744;1030.9;0;
1764671988;8.296;-12.2;1013.21;0.854;85.522;1030.5341;0;
1764676806;8.54;-12.322;1013.332;0.854;85.522;1030.5341;0;
1764682460;8.54;-12.322;1013.332;1.342;78.69;1030.29;0;
1764688091;8.662;-12.688;1013.332;1.342;78.69;1030.29;0;
1764695130;8.662;-12.688;1013.332;1.952;71.126;1029.802;0;
1764699981;8.662;-12.566;1013.332;1.952;71.126;1029.802;0;
1764705623;8.662;-12.566;1013.332;1.83;63.562;1029.436;0;
1764712169;8.784;-12.688;1013.21;1.952;55.876;1029.0701;0;
1764716988;8.784;-12.444;1013.21;1.952;55.876;1029.0701;0;
1764722635;8.784;-12.444;1013.21;1.586;48.922;1028.826;0;
1764728270;8.784;-12.322;1013.332;1.586;48.922;1028.826;0;
1764733921;8.784;-12.322;1013.332;1.22;42.09;1028.582;0;
1764741849;8.784;-12.2;1013.332;1.342;35.746;1028.338;0;
1764746704;8.784;-12.2;1013.332;1.342;35.746;1028.338;0;
1764752345;8.784;-12.2;1013.332;0.61;30.256;1028.46;0;
1764757979;8.906;-12.444;1013.332;0.61;30.256;1028.46;0;
1764763631;8.906;-12.444;1013.332;0.366;25.376;1028.338;0;
1764769264;9.028;-12.688;1013.332;0.366;25.376;1028.338;0;
1764774911;9.028;-12.688;1013.332;0.244;21.35;1028.2161;0;
1764780549;9.028;-12.81;1013.332;0.244;21.35;1028.2161;0;
1764788488;9.15;-12.566;1013.332;-0.122;18.3;1028.2161;0;
1764793439;9.15;-12.566;1013.332;-0.122;16.47;1028.2161;0;
1764799155;9.028;-12.444;1013.332;-0.122;16.47;1028.2161;0;
1764804885;9.028;-12.444;1013.332;-0.488;15.738;1028.338;0;
1764810607;9.028;-12.322;1013.332;-0.488;15.738;1028.338;0;
1764817249;8.906;-12.2;1013.332;-0.366;15.86;1028.338;0;
1764822164;8.906;-12.2;1013.332;-0.488;16.958;1028.338;0;
1764827882;8.906;-12.322;1013.332;-0.488;16.958;1028.338;0;
1764834993;8.906;-12.322;1013.332;-0.976;18.91;1028.46;0;
1764839933;9.028;-12.444;1013.332;-0.976;18.91;1028.46;0;
1764846569;9.028;-12.688;1013.332;-1.098;21.472;1028.46;0;
1764852329;9.028;-12.688;1013.332;-1.952;24.4;1028.582;0;
1764857236;9.028;-12.81;1013.332;-1.952;24.4;1028.582;0;
1764862968;9.028;-12.81;1013.332;-2.806;27.572;1028.582;0;
1764868692;9.028;-12.81;1013.21;-2.806;27.572;1028.582;0;
1764874426;9.028;-12.81;1013.21;-3.782;30.744;1028.46;0;
1764881464;8.906;-12.688;1013.21;-3.782;30.744;1028.46;0;
1764887324;8.906;-12.444;1013.21;-5.002;33.672;1028.582;0;
1764893088;8.906;-12.444;1013.21;-6.344;35.99;1028.582;0;
1764897994;8.784;-12.444;1013.21;-6.344;35.99;1028.582;0;
1764903737;8.784;-12.444;1013.21;-7.564;37.576;1028.582;0;
1764909455;8.784;-12.322;1013.21;-7.564;37.576;1028.582;0;
1764915192;8.784;-12.322;1013.21;-8.784;38.43;1028.46;0;
1764920911;8.906;-12.444;1013.21;-8.784;38.43;1028.46;0;
1764928947;8.906;-12.688;1013.21;-9.76;38.552;1028.46;0;
1764933898;8.906;-12.688;1013.21;-10.492;38.064;1028.46;0;
1764939703;9.028;-12.688;1013.21;-10.492;38.064;1028.46;0;
1764946430;9.028;-12.81;1013.21;-11.102;36.722;1028.46;0;
1764953131;9.028;-12.81;1013.21;-11.59;34.77;1028.46;0;
1764958126;9.028;-12.688;1013.21;-11.59;34.77;1028.46;0;
1764963945;9.028;-12.688;1013.21;-11.834;31.842;1028.582;0;
1764969756;9.028;-12.566;1013.21;-11.834;31.842;1028.582;0;
1764977867;9.028;-12.566;1013.21;-11.956;28.182;1028.582;0;
1764983752;9.028;-12.566;1013.21;-12.322;23.79;1028.704;0;
1764988753;9.15;-12.444;1013.21;-12.322;23.79;1028.704;0;
1764994572;9.15;-12.444;1013.21;-12.444;18.788;1028.704;0;
1765000382;9.15;-12.444;1013.088;-12.444;18.788;1028.704;0;
1765007111;9.272;-12.566;1013.088;-12.932;13.298;1028.948;0;
1765013809;9.272;-12.566;1013.088;-13.664;7.564;1029.0701;0;
1765020033;9.272;-12.688;1013.088;-13.664;7.564;1029.0701;0;
1765024975;9.272;-12.688;1013.088;-14.396;1.708;1029.314;0;
1765030694;9.394;-12.688;1013.088;-14.396;1.708;1029.314;0;
1765037335;9.394;-12.688;1013.088;-15.372;-4.026;1029.558;0;
1765044035;9.394;-12.688;1013.088;-16.592;-9.638;1029.802;0;
1765049036;9.394;-12.566;1013.088;-16.592;-9.638;1029.802;0;
1765054858;9.394;-12.566;1013.088;-17.568;-14.884;1029.802;0;
1765060755;9.516;-12.444;1013.088;-17.568;-14.884;1029.802;0;
1765068949;9.516;-12.444;1013.088;-18.422;-19.276;1029.9241;0;
1765074075;9.516;-12.444;1013.088;-19.276;-22.57;1030.046;0;
1765079964;9.516;-12.322;1013.088;-19.276;-22.57;1030.046;0;
1765086780;9.516;-12.444;1013.088;-19.886;-25.01;1030.168;0;
1765094417;9.516;-12.444;1013.088;-20.374;-26.718;1030.046;0;
1765099501;9.638;-12.566;1013.088;-20.374;-26.718;1030.046;0;
1765106311;9.638;-12.688;1012.966;-20.74;-27.45;1030.046;0;
1765114801;9.638;-12.688;1012.966;-20.862;-27.45;1029.802;0;
1765121146;9.638;-12.566;1013.088;-20.862;-27.45;1029.802;0;
1765127177;9.638;-12.566;1013.088;-20.862;-26.474;1029.802;0;
1765134817;9.638;-12.566;1013.088;-20.618;-24.766;1029.6801;0;
1765139903;9.638;-12.444;1013.088;-20.618;-24.766;1029.6801;0;
1765146720;9.638;-12.444;1013.088;-20.374;-22.326;1029.436;0;
1765154354;9.638;-12.444;1013.088;-19.886;-19.154;1029.314;0;
1765159439;9.638;-12.444;1013.088;-19.886;-19.154;1029.314;0;
1765167818;9.516;-12.444;1013.088;-19.398;-15.494;1029.192;0;
1765174648;9.516;-12.444;1013.088;-18.788;-11.346;1029.0701;0;
1765179744;9.516;-12.566;1013.088;-18.788;-11.346;1029.0701;0;
1765186555;9.516;-12.688;1013.088;-18.178;-6.832;1028.948;0;
1765195855;9.516;-12.688;1013.088;-17.568;-1.952;1028.948;0;
1765206007;9.516;-12.688;1013.088;-16.958;2.928;1029.0701;0;
1765216082;9.394;-12.688;1013.088;-16.348;7.442;1028.948;0;
1765226135;9.394;-12.444;1013.088;-15.738;11.712;1028.948;0;
1765235986;9.272;-12.444;1013.088;-15.128;15.86;1029.0701;0;
1765246173;9.272;-12.444;1013.088;-14.64;19.764;1029.0701;0;
1765255479;9.272;-12.688;1012.966;-14.03;23.546;1029.0701;0;
1765265633;9.272;-12.81;1012.966;-13.542;26.962;1029.0701;0;
1765275783;9.272;-12.81;1013.088;-13.176;30.012;1029.192;0;
1765285929;9.272;-12.81;1013.088;-12.81;32.574;1029.314;0;
1765296073;9.272;-12.688;1013.088;-12.566;34.77;1029.192;0;
1765304462;9.15;-12.566;1013.088;-12.566;34.77;1029.192;0;
1765310844;9.15;-12.566;1013.088;-12.322;36.478;1029.314;0;
1765316790;9.15;-12.444;1013.088;-12.078;37.82;1029.436;0;
1765326096;9.15;-12.444;1013.088;-11.834;38.674;1029.436;0;
1765334484;9.15;-12.566;1013.088;-11.834;38.674;1029.436;0;
1765339486;9.15;-12.566;1013.088;-11.346;39.162;1029.436;0;
1765346209;9.15;-12.688;1013.088;-10.492;39.162;1029.436;0;
1765354595;9.15;-12.688;1013.088;-10.492;39.162;1029.436;0;
1765359597;9.15;-12.688;1013.088;-9.638;38.918;1029.436;0;
1765367549;9.15;-12.688;1013.088;-8.662;38.43;1029.436;0;
1765375950;9.15;-12.688;1013.088;-7.564;37.82;1029.436;0;
1765384254;9.15;-12.566;1013.088;-7.564;37.82;1029.436;0;
1765389165;9.15;-12.566;1013.088;-6.466;37.21;1029.436;0;
1765394893;9.15;-12.566;1013.088;-6.466;37.21;1029.436;0;
1765400629;9.15;-12.566;1013.088;-5.49;36.722;1029.436;0;
1765407264;9.028;-12.444;1013.088;-4.758;36.722;1029.436;0;
1765414709;9.028;-12.566;1013.088;-4.758;36.722;1029.436;0;
1765420935;9.028;-12.566;1013.088;-4.148;36.844;1029.558;0;
1765426787;9.028;-12.566;1013.088;-3.66;37.088;1029.436;0;
1765434247;9.028;-12.566;1013.21;-3.66;37.088;1029.436;0;
1765439167;9.028;-12.566;1013.21;-3.416;37.332;1029.558;0;
1765444889;9.028;-12.688;1013.21;-3.416;37.332;1029.558;0;
1765450626;9.028;-12.688;1013.21;-3.05;37.82;1029.558;0;
1765457261;9.028;-12.688;1013.21;-2.928;38.308;1029.558;0;
1765464325;9.028;-12.688;1013.21;-2.928;38.308;1029.558;0;
1765469274;9.028;-12.688;1013.21;-2.684;38.918;1029.6801;0;
1765474991;9.028;-12.566;1013.21;-2.684;38.918;1029.6801;0;
1765480726;9.028;-12.566;1013.21;-2.44;39.65;1029.6801;0;
1765487357;9.028;-12.566;1013.21;-2.318;40.382;1029.6801;0;
1765493957;8.906;-12.444;1013.21;-2.318;40.382;1029.6801;0;
1765498873;8.906;-12.444;1013.21;-2.074;41.114;1029.6801;0;
1765504591;9.028;-12.566;1013.21;-2.074;41.114;1029.6801;0;
1765511708;9.028;-12.566;1013.21;-1.708;41.968;1029.6801;0;
1765517556;9.028;-12.566;1013.21;-1.342;42.7;1029.6801;0;
1765524158;9.028;-12.566;1013.21;-1.342;42.7;1029.6801;0;
1765529074;9.028;-12.566;1013.21;-1.098;43.554;1029.802;0;
1765534793;9.028;-12.566;1013.21;-1.098;43.554;1029.802;0;
1765540530;9.028;-12.566;1013.21;-0.854;44.164;1029.802;0;
1765547166;8.906;-12.566;1013.21;-0.854;44.774;1029.802;0;
1765554614;8.906;-12.444;1013.21;-0.854;44.774;1029.802;0;
1765560847;8.906;-12.444;1013.21;-0.976;45.262;1029.802;0;
1765565790;8.906;-12.444;1013.088;-0.976;45.262;1029.802;0;
1765571516;8.906;-12.444;1013.088;-1.342;45.506;1029.802;0;
1765578150;8.906;-12.444;1013.088;-1.83;45.506;1029.802;0;
1765583905;8.906;-12.444;1013.21;-1.83;45.506;1029.802;0;
1765588820;8.906;-12.444;1013.21;-2.318;45.262;1029.6801;0;
1765594540;8.906;-12.566;1013.088;-2.318;45.262;1029.6801;0;
1765600276;8.906;-12.566;1013.088;-2.806;44.652;1029.6801;0;
1765608295;8.906;-12.566;1013.088;-3.294;43.798;1029.6801;0;
1765614084;8.906;-12.566;1013.088;-3.294;43.798;1029.6801;0;
1765619007;8.906;-12.566;1013.088;-3.782;42.334;1029.6801;0;
1765624729;8.906;-12.566;1013.21;-3.782;42.334;1029.6801;0;
1765630456;8.906;-12.566;1013.21;-4.27;40.382;1029.436;0;
1765636182;9.028;-12.444;1013.21;-4.27;40.382;1029.436;0;
1765641916;9.028;-12.444;1013.21;-4.636;38.308;1029.314;0;
1765648554;8.906;-12.444;1013.21;-5.124;36.234;1029.314;0;
1765654835;9.028;-12.444;1013.21;-5.124;36.234;1029.314;0;
1765659784;9.028;-12.444;1013.21;-5.368;34.282;1029.192;0;
1765665502;9.028;-12.444;1013.21;-5.368;34.282;1029.192;0;
1765671236;9.028;-12.444;1013.21;-5.734;32.33;1029.314;0;
1765676957;9.028;-12.566;1013.21;-5.734;32.33;1029.314;0;
1765682696;9.028;-12.566;1013.21;-6.1;30.256;1029.192;0;
1765689327;9.028;-12.566;1013.21;-6.466;28.182;1029.192;0;
1765694237;9.15;-12.566;1013.21;-6.466;28.182;1029.192;0;
1765701288;9.15;-12.566;1013.21;-6.954;26.108;1029.0701;0;
1765706244;9.15;-12.566;1013.21;-6.954;26.108;1029.0701;0;
1765711973;9.15;-12.566;1013.21;-7.564;24.156;1029.0701;0;
1765718606;9.15;-12.566;1013.21;-8.174;22.082;1029.0701;0;
1765723508;9.15;-12.444;1013.21;-8.174;22.082;1029.0701;0;
1765729250;9.15;-12.444;1013.21;-8.906;20.13;1029.0701;0;
1765734973;9.15;-12.444;1013.21;-8.906;20.13;1029.0701;0;
1765740707;9.15;-12.444;1013.21;-9.638;18.178;1029.0701;0;
1765748655;9.272;-12.566;1013.21;-10.492;16.348;1029.0701;0;
1765753694;9.272;-12.566;1013.21;-10.492;16.348;1029.0701;0;
1765759509;9.272;-12.566;1013.21;-11.102;14.64;1029.0701;0;
1765765314;9.272;-12.688;1013.21;-11.102;14.64;1029.0701;0;
1765771135;9.272;-12.688;1013.21;-11.712;12.932;1029.192;0;
1765776944;9.394;-12.688;1013.21;-11.712;12.932;1029.192;0;
1765782762;9.394;-12.688;1013.21;-12.322;11.346;1029.192;0;
1765789487;9.272;-12.566;1013.21;-12.688;9.882;1029.314;0;
1765795778;9.272;-12.444;1013.21;-12.688;9.882;1029.314;0;
1765800721;9.272;-12.444;1013.21;-13.176;8.54;1029.314;0;
1765806437;9.394;-12.444;1013.088;-13.176;8.54;1029.314;0;
1765812171;9.394;-12.444;1013.088;-13.542;7.442;1029.436;0;
1765817898;9.394;-12.566;1013.088;-13.542;7.442;1029.436;0;
1765824536;9.516;-12.566;1013.088;-14.03;6.466;1029.436;0;
1765829449;9.516;-12.566;1013.088;-14.396;5.612;1029.436;0;
1765836494;9.516;-12.688;1012.966;-14.396;5.612;1029.436;0;
1765841435;9.516;-12.688;1012.966;-14.884;4.88;1029.436;0;
1765847152;9.516;-12.688;1012.966;-14.884;4.88;1029.436;0;
1765852891;9.516;-12.688;1012.966;-15.372;4.27;1029.436;0;
1765859526;9.516;-12.566;1012.966;-15.86;3.782;1029.558;0;
1765864433;9.516;-12.566;1013.088;-15.86;3.782;1029.558;0;
1765870164;9.516;-12.566;1013.088;-16.226;3.416;1029.558;0;
1765875890;9.516;-12.444;1013.088;-16.226;3.416;1029.558;0;
1765883914;9.516;-12.444;1012.966;-16.592;3.05;1029.436;0;
1765889717;9.516;-12.444;1012.966;-16.714;2.806;1029.436;0;
1765894626;9.516;-12.444;1012.966;-16.714;2.806;1029.436;0;
1765900362;9.516;-12.444;1012.966;-16.836;2.806;1029.436;0;
1765906083;9.516;-12.444;1012.966;-16.836;2.806;1029.436;0;
1765911822;9.516;-12.444;1012.966;-16.836;2.928;1029.436;0;
1765917537;9.516;-12.566;1012.966;-16.836;2.928;1029.436;0;
1765924185;9.516;-12.566;1013.088;-16.592;3.172;1029.436;0;
1765930403;9.516;-12.566;1013.088;-16.47;3.538;1029.436;0;
1765935363;9.516;-12.566;1013.088;-16.47;3.538;1029.436;0;
1765941083;9.516;-12.566;1013.088;-16.104;4.026;1029.436;0;
1765946806;9.516;-12.566;1013.088;-16.104;4.026;1029.436;0;
1765952544;9.516;-12.566;1013.088;-15.982;4.636;1029.436;0;
1765958266;9.516;-12.566;1012.966;-15.982;4.636;1029.436;0;
1765964905;9.516;-12.566;1012.966;-15.738;5.49;1029.436;0;
1765970670;9.516;-12.566;1012.966;-15.494;6.588;1029.436;0;
1765977152;9.516;-12.566;1012.966;-15.494;6.588;1029.436;0;
1765982107;9.516;-12.566;1012.966;-15.372;7.686;1029.314;0;
1765987818;9.516;-12.566;1012.966;-15.372;7.686;1029.314;0;
1765994464;9.516;-12.566;1013.088;-15.25;8.906;1029.314;0;
1766001075;9.516;-12.566;1013.088;-15.006;10.248;1029.314;0;
1766006089;9.516;-12.566;1013.088;-15.006;10.248;1029.314;0;
1766011912;9.516;-12.566;1013.088;-14.762;11.712;1029.314;0;
1766017718;9.516;-12.566;1013.088;-14.762;11.712;1029.314;0;
1766025850;9.516;-12.566;1013.088;-14.518;13.176;1029.192;0;
1766030894;9.516;-12.566;1013.088;-14.03;14.64;1029.192;0;
1766036696;9.516;-12.688;1013.088;-14.03;14.64;1029.192;0;
1766042520;9.516;-12.688;1013.088;-13.542;16.104;1029.192;0;
1766048324;9.516;-12.688;1013.088;-13.542;16.104;1029.192;0;
1766055054;9.516;-12.688;1013.088;-12.932;17.568;1029.192;0;
