1016683526;10.248;-12.444;1011.014;-7.076;18.788;1029.192;0;
1016690668;10.248;-12.444;1011.014;-7.076;18.788;1029.192;0;
1016696607;10.248;-12.322;1011.014;-7.076;18.91;1029.192;0;
1016702455;10.248;-12.322;1011.014;-7.076;18.91;1029.192;0;
1016707460;10.248;-12.322;1011.014;-7.076;18.91;1029.192;0;
1016713272;10.248;-12.322;1011.014;-7.076;18.91;1029.192;0;
1016719093;10.248;-12.322;1011.014;-7.076;18.788;1029.192;0;
1016725813;10.37;-12.2;1011.014;-7.076;18.788;1029.192;0;
1016732499;10.37;-12.322;1011.014;-7.076;18.788;1029.192;0;
1016738888;10.37;-12.322;1011.014;-7.076;18.91;1029.192;0;
1016743918;10.37;-12.322;1011.014;-7.076;18.91;1029.192;0;
1016749732;10.37;-12.322;1011.014;-7.076;18.91;1029.192;0;
1016756450;10.492;-12.322;1011.014;-7.076;18.91;1029.0701;0;
1016762295;10.492;-12.322;1010.892;-7.076;18.91;1029.0701;0;
1016767297;10.492;-12.322;1010.892;-7.076;18.91;1029.0701;0;
1016773109;10.37;-12.322;1010.892;-7.076;18.91;1029.0701;0;
1016778929;10.37;-12.322;1010.892;-7.076;18.91;1029.0701;0;
1016787028;10.37;-12.322;1010.892;-7.076;18.91;1029.0701;0;
1016792908;10.37;-12.322;1010.892;-7.076;18.91;1029.0701;0;
1016797917;10.37;-12.322;1010.892;-7.076;18.91;1029.0701;0;
1016803721;10.37;-12.322;1010.892;-7.076;18.91;1029.0701;0;
1016809546;10.37;-12.322;1010.892;-7.076;18.91;1029.192;0;
1016816269;10.37;-12.322;1010.892;-7.076;18.91;1029.0701;0;
1016822960;10.492;-12.322;1010.892;-7.076;18.91;1029.0701;0;
1016829219;10.492;-12.322;1010.892;-6.954;18.91;1029.0701;0;
1016834259;10.492;-12.444;1010.892;-6.954;18.91;1029.0701;0;
1016840068;10.492;-12.444;1010.892;-6.954;18.91;1029.0701;0;
1016846792;10.492;-12.322;1010.892;-6.954;18.91;1029.0701;0;
1016852634;10.492;-12.322;1010.892;-6.954;18.91;1029.0701;0;
1016857635;10.492;-12.322;1010.892;-6.954;18.91;1029.0701;0;
1016863441;10.492;-12.444;1010.892;-6.954;18.91;1029.0701;0;
1016869264;10.492;-12.444;1010.892;-6.954;18.91;1029.192;0;
1016877549;10.492;-12.444;1010.892;-6.954;18.91;1029.0701;0;
1016882580;10.492;-12.444;1010.892;-6.954;18.91;1029.0701;0;
1016888396;10.492;-12.444;1010.892;-6.954;18.91;1029.192;0;
1016894204;10.492;-12.444;1010.892;-6.954;18.91;1029.192;0;
1016900022;10.492;-12.444;1010.892;-6.954;18.91;1029.192;0;
1016905833;10.492;-12.444;1010.892;-6.954;18.91;1029.192;0;
1016911657;10.492;-12.444;1010.892;-6.954;18.91;1029.192;0;
1016918378;10.492;-12.444;1010.892;-6.832;18.91;1029.192;0;
1016924705;10.492;-12.444;1010.892;-6.832;18.91;1029.192;0;
1016929748;10.492;-12.444;1010.892;-6.954;18.91;1029.192;0;
1016935549;10.492;-12.444;1010.892;-6.954;18.91;1029.192;0;
1016941374;10.492;-12.444;1010.892;-6.832;18.91;1029.192;0;
1016948095;10.492;-12.444;1010.892;-6.954;18.91;1029.192;0;
1016953096;10.492;-12.444;1011.014;-6.954;18.91;1029.192;0;
1016958911;10.492;-12.444;1011.014;-6.954;18.91;1029.192;0;
1016964723;10.492;-12.444;1011.014;-6.954;18.91;1029.192;0;
1016972764;10.492;-12.444;1011.014;-6.954;18.91;1029.192;0;
1016977807;10.492;-12.444;1011.014;-6.954;18.91;1029.192;0;
1016983611;10.492;-12.444;1011.014;-6.954;18.91;1029.192;0;
1016989435;10.492;-12.444;1011.014;-6.954;18.91;1029.192;0;
1016995241;10.492;-12.444;1011.014;-6.954;18.91;1029.192;0;
1017001067;10.492;-12.444;1011.014;-6.954;18.91;1029.192;0;
1017007783;10.492;-12.444;1011.014;-6.954;18.91;1029.192;0;
1017014163;10.492;-12.444;1011.014;-6.954;18.91;1029.192;0;
1017019202;10.492;-12.444;1011.014;-6.954;18.91;1029.192;0;
1017025005;10.492;-12.444;1011.014;-6.954;18.91;1029.192;0;
1017030820;10.492;-12.444;1011.014;-6.954;18.91;1029.192;0;
1017036635;10.492;-12.566;1011.136;-6.954;18.91;1029.192;0;
1017043360;10.492;-12.444;1011.136;-6.954;18.788;1029.0701;0;
1017048365;10.492;-12.444;1011.136;-6.954;18.788;1029.0701;0;
1017054171;10.492;-12.444;1011.136;-6.954;18.788;1029.0701;0;
1017061309;10.492;-12.444;1011.136;-6.832;18.788;1029.0701;0;
1017066338;10.492;-12.444;1011.136;-6.832;18.788;1029.0701;0;
1017073065;10.492;-12.444;1011.136;-6.832;18.788;1029.0701;0;
1017078065;10.492;-12.444;1011.136;-6.832;18.666;1029.0701;0;
1017083879;10.492;-12.444;1011.136;-6.832;18.666;1029.0701;0;
1017089698;10.492;-12.444;1011.136;-6.832;18.666;1029.0701;0;
1017095510;10.492;-12.444;1011.136;-6.832;18.666;1029.0701;0;
1017101330;10.492;-12.444;1011.136;-6.832;18.666;1029.0701;0;
1017109431;10.492;-12.444;1011.136;-6.832;18.666;1029.0701;0;
1017114458;10.492;-12.444;1011.136;-6.832;18.666;1029.0701;0;
1017120280;10.492;-12.444;1011.136;-6.832;18.666;1029.0701;0;
1017126080;10.492;-12.444;1011.136;-6.832;18.666;1029.0701;0;
1017132815;10.492;-12.444;1011.014;-6.832;18.666;1029.0701;0;
1017138661;10.492;-12.444;1011.014;-6.832;18.666;1028.948;0;
1017143656;10.614;-12.444;1011.014;-6.832;18.666;1028.948;0;
1017149476;10.614;-12.444;1011.014;-6.954;18.666;1028.948;0;
1017156601;10.614;-12.444;1011.136;-6.954;18.666;1028.948;0;
1017162542;10.614;-12.566;1011.014;-6.954;18.666;1029.0701;0;
1017169250;10.614;-12.566;1011.014;-6.954;18.666;1029.0701;0;
1017174244;10.614;-12.566;1011.014;-6.954;18.666;1029.0701;0;
1017180073;10.614;-12.566;1011.014;-6.954;18.666;1029.0701;0;
1017185874;10.614;-12.444;1011.014;-6.954;18.666;1029.0701;0;
1017192608;10.614;-12.444;1011.014;-6.954;18.666;1029.0701;0;
1017198989;10.614;-12.444;1011.014;-6.954;18.666;1029.0701;0;
1017204025;10.492;-12.444;1011.014;-6.954;18.666;1029.0701;0;
1017209837;10.492;-12.444;1011.014;-7.076;18.544;1029.0701;0;
1017215649;10.492;-12.444;1011.014;-7.076;18.544;1029.0701;0;
1017222373;10.492;-12.444;1011.014;-7.076;18.544;1029.192;0;
1017229916;10.492;-12.444;1011.014;-7.076;18.544;1029.192;0;
1017234906;10.492;-12.444;1011.014;-7.076;18.544;1029.192;0;
1017240734;10.492;-12.444;1011.014;-7.076;18.544;1029.192;0;
1017247930;10.492;-12.444;1011.014;-7.076;18.544;1029.192;0;
1017253875;10.492;-12.444;1011.014;-7.076;18.666;1029.192;0;
1017259726;10.492;-12.444;1011.014;-7.076;18.666;1029.192;0;
1017264722;10.37;-12.566;1011.014;-7.076;18.666;1029.192;0;
1017270544;10.37;-12.566;1011.014;-7.076;18.666;1029.192;0;
1017276352;10.492;-12.566;1011.014;-7.076;18.666;1029.192;0;
1017283076;10.492;-12.566;1011.014;-7.076;18.666;1029.314;0;
1017289773;10.492;-12.566;1011.014;-7.198;18.666;1029.314;0;
1017296149;10.492;-12.444;1011.014;-7.198;18.666;1029.314;0;
1017302092;10.492;-12.444;1011.014;-7.198;18.666;1029.314;0;
1017310488;10.492;-12.444;1011.014;-7.198;18.666;1029.314;0;
1017315488;10.37;-12.444;1011.136;-7.198;18.666;1029.314;0;
1017322214;10.37;-12.444;1011.136;-7.198;18.666;1029.314;0;
1017330605;10.37;-12.444;1011.136;-7.198;18.666;1029.314;0;
1017335598;10.492;-12.444;1011.136;-7.198;18.666;1029.314;0;
1017342333;10.492;-12.444;1011.136;-7.198;18.666;1029.314;0;
1017350344;10.492;-12.444;1011.136;-7.198;18.666;1029.314;0;
1017355372;10.492;-12.444;1011.136;-7.198;18.666;1029.314;0;
1017362091;10.37;-12.444;1011.258;-7.198;18.666;1029.314;0;
1017370486;10.37;-12.444;1011.258;-7.198;18.666;1029.314;0;
1017375478;10.37;-12.444;1011.258;-7.198;18.666;1029.314;0;
1017382215;10.37;-12.444;1011.258;-7.198;18.788;1029.192;0;
1017390605;10.37;-12.444;1011.258;-7.198;18.788;1029.192;0;
1017396983;10.37;-12.444;1011.258;-7.198;18.788;1029.192;0;
1017402920;10.37;-12.444;1011.258;-7.198;18.788;1029.192;0;
1017410470;10.37;-12.444;1011.258;-7.198;18.788;1029.192;0;
1017415462;10.492;-12.566;1011.258;-7.198;18.788;1029.192;0;
1017422194;10.492;-12.566;1011.258;-7.198;18.788;1029.192;0;
1017430587;10.492;-12.566;1011.258;-7.198;18.788;1029.192;0;
1017435589;10.37;-12.566;1011.258;-7.198;18.788;1029.192;0;
1017442315;10.37;-12.566;1011.258;-7.198;18.788;1029.192;0;
1017452074;10.37;-12.566;1011.258;-7.198;18.788;1029.192;0;
1017462256;10.37;-12.566;1011.258;-7.198;18.788;1029.192;0;
1017471566;10.37;-12.566;1011.136;-7.076;18.788;1029.192;0;
1017481710;10.492;-12.444;1011.136;-7.076;18.788;1029.192;0;
1017491857;10.37;-12.444;1011.136;-6.954;18.788;1029.192;0;
1017502002;10.37;-12.444;1011.136;-6.954;18.788;1029.192;0;
1017512151;10.492;-12.566;1011.136;-6.954;18.788;1029.0701;0;
1017521447;10.492;-12.566;1011.258;-6.954;18.91;1029.0701;0;
1017531279;10.492;-12.566;1011.258;-6.954;18.91;1029.0701;0;
1017541460;10.492;-12.566;1011.258;-6.954;18.91;1029.0701;0;
1017551622;10.492;-12.566;1011.136;-6.954;18.91;1029.0701;0;
1017561771;10.492;-12.566;1011.258;-6.954;18.91;1029.0701;0;
1017571923;10.492;-12.566;1011.136;-6.954;18.91;1029.0701;0;
1017580310;10.492;-12.566;1011.136;-6.954;18.91;1029.0701;0;
1017585315;10.492;-12.566;1011.136;-6.954;18.91;1029.0701;0;
1017592034;10.492;-12.688;1011.136;-6.954;18.91;1029.0701;0;
1017601864;10.492;-12.688;1011.136;-6.954;18.91;1029.0701;0;
1017610285;10.492;-12.688;1011.136;-6.954;18.91;1029.0701;0;
1017615295;10.492;-12.688;1011.136;-6.954;18.91;1029.0701;0;
1017622014;10.492;-12.566;1011.136;-6.954;18.788;1029.0701;0;
1017630405;10.37;-12.566;1011.258;-6.954;18.788;1029.0701;0;
1017635408;10.37;-12.566;1011.258;-6.954;18.788;1029.0701;0;
1017642134;10.37;-12.566;1011.258;-6.832;18.788;1029.0701;0;
1017650115;10.37;-12.566;1011.136;-6.832;18.788;1029.0701;0;
1017655179;10.37;-12.566;1011.136;-6.832;18.788;1029.0701;0;
1017660970;10.37;-12.566;1011.136;-6.832;18.788;1029.0701;0;
1017666788;10.37;-12.566;1011.136;-6.832;18.788;1029.0701;0;
1017673508;10.37;-12.566;1011.136;-6.832;18.788;1028.948;0;
1017680200;10.37;-12.566;1011.136;-6.832;18.788;1028.948;0;
1017685201;10.37;-12.566;1011.136;-6.832;18.666;1028.948;0;
1017691013;10.37;-12.566;1011.136;-6.832;18.666;1028.948;0;
1017698405;10.37;-12.566;1011.136;-6.832;18.666;1028.948;0;
1017704354;10.37;-12.566;1011.136;-6.954;18.666;1028.948;0;
1017710204;10.37;-12.566;1011.136;-6.954;18.666;1028.948;0;
1017715229;10.37;-12.566;1011.136;-6.954;18.666;1028.948;0;
1017721033;10.37;-12.566;1011.136;-6.954;18.666;1028.948;0;
1017726858;10.37;-12.566;1011.136;-6.954;18.666;1028.948;0;
1017733580;10.37;-12.566;1011.136;-6.954;18.666;1028.948;0;
1017740275;10.37;-12.566;1011.136;-6.954;18.666;1028.948;0;
1017746681;10.37;-12.566;1011.136;-6.954;18.666;1028.948;0;
1017751712;10.37;-12.566;1011.136;-6.954;18.666;1028.948;0;
1017757530;10.37;-12.566;1011.136;-6.954;18.666;1028.948;0;
1017764252;10.492;-12.566;1011.136;-6.954;18.666;1028.948;0;
1017770095;10.492;-12.566;1011.136;-6.954;18.666;1028.948;0;
1017775096;10.492;-12.566;1011.136;-6.954;18.666;1028.948;0;
1017780903;10.37;-12.566;1011.136;-6.954;18.666;1028.948;0;
1017786730;10.37;-12.566;1011.136;-6.954;18.666;1028.948;0;
1017794762;10.492;-12.566;1011.014;-7.076;18.666;1028.948;0;
1017799798;10.492;-12.688;1011.136;-7.076;18.666;1028.948;0;
1017805610;10.492;-12.688;1011.136;-7.076;18.666;1028.948;0;
1017811422;10.492;-12.688;1011.136;-7.076;18.666;1028.948;0;
1017817242;10.492;-12.688;1011.136;-7.076;18.666;1028.948;0;
1017823965;10.492;-12.688;1011.136;-7.076;18.544;1028.948;0;
1017829806;10.492;-12.688;1011.136;-7.076;18.544;1028.948;0;
1017836186;10.492;-12.688;1011.136;-7.076;18.544;1028.948;0;
1017841223;10.492;-12.566;1011.136;-7.076;18.544;1028.948;0;
1017847038;10.492;-12.566;1011.136;-7.076;18.544;1028.948;0;
1017853754;10.492;-12.566;1011.136;-7.076;18.544;1028.948;0;
1017859600;10.492;-12.566;1011.136;-7.076;18.544;1028.948;0;
1017864602;10.492;-12.566;1011.136;-7.076;18.422;1028.948;0;
1017870409;10.492;-12.566;1011.258;-7.076;18.422;1028.948;0;
1017876229;10.492;-12.566;1011.258;-7.076;18.544;1028.948;0;
1017884338;10.492;-12.566;1011.258;-7.076;18.544;1028.948;0;
1017890210;10.492;-12.566;1011.258;-7.076;18.544;1028.948;0;
1017895220;10.492;-12.566;1011.258;-7.076;18.544;1028.948;0;
1017901023;10.492;-12.566;1011.258;-7.076;18.544;1028.948;0;
1017906850;10.492;-12.566;1011.258;-7.198;18.544;1028.948;0;
1017912652;10.492;-12.444;1011.258;-7.198;18.544;1028.948;0;
1017918479;10.492;-12.444;1011.258;-7.198;18.544;1028.948;0;
1017925196;10.492;-12.444;1011.258;-7.198;18.544;1028.948;0;
1017931573;10.492;-12.444;1011.258;-7.198;18.544;1028.948;0;
1017936606;10.492;-12.444;1011.258;-7.198;18.544;1028.948;0;
1017942407;10.492;-12.444;1011.258;-7.198;18.544;1028.948;0;
1017948231;10.492;-12.444;1011.258;-7.198;18.544;1028.826;0;
1017954952;10.492;-12.444;1011.258;-7.198;18.544;1028.948;0;
1017959945;10.492;-12.566;1011.136;-7.198;18.544;1028.948;0;
1017965772;10.492;-12.566;1011.136;-7.198;18.544;1028.948;0;
1017971576;10.614;-12.566;1011.136;-7.198;18.544;1028.948;0;
1017978777;10.614;-12.566;1011.136;-7.198;18.544;1028.948;0;
1017984720;10.614;-12.566;1011.136;-7.076;18.666;1028.948;0;
1017989724;10.614;-12.444;1011.136;-7.076;18.666;1028.948;0;
1017995546;10.614;-12.444;1011.136;-7.076;18.666;1028.948;0;
1018001357;10.492;-12.444;1011.136;-7.076;18.666;1028.948;0;
1018007177;10.492;-12.444;1011.136;-7.076;18.666;1028.948;0;
1018012985;10.492;-12.444;1011.136;-7.076;18.666;1028.948;0;
1018021101;10.492;-12.444;1011.136;-7.076;18.666;1028.948;0;
1018026155;10.492;-12.444;1011.136;-6.954;18.666;1028.948;0;
1018031949;10.614;-12.444;1011.136;-6.954;18.666;1028.948;0;
1018037770;10.614;-12.444;1011.136;-7.076;18.666;1028.948;0;
1018043579;10.614;-12.444;1011.136;-7.076;18.666;1028.948;0;
1018050307;10.614;-12.566;1011.136;-7.076;18.666;1028.948;0;
1018055310;10.614;-12.566;1011.136;-7.076;18.666;1028.948;0;
1018061123;10.614;-12.444;1011.136;-7.076;18.666;1028.948;0;
1018068323;10.614;-12.444;1011.136;-7.076;18.666;1028.948;0;
1018073349;10.614;-12.444;1011.136;-7.076;18.666;1028.948;0;
1018080076;10.614;-12.444;1011.136;-6.954;18.666;1028.948;0;
1018085931;10.614;-12.444;1011.136;-6.954;18.666;1028.948;0;
1018090926;10.614;-12.444;1011.136;-6.954;18.666;1028.948;0;
1018096751;10.614;-12.444;1011.136;-6.954;18.666;1029.0701;0;
1018102556;10.614;-12.444;1011.136;-6.954;18.666;1029.0701;0;
1018108381;10.614;-12.444;1011.136;-6.954;18.788;1029.0701;0;
1018116477;10.492;-12.444;1011.136;-6.954;18.788;1028.948;0;
1018121512;10.492;-12.444;1011.136;-6.954;18.788;1028.948;0;
1018127327;10.492;-12.444;1011.136;-6.954;18.788;1028.948;0;
1018133137;10.492;-12.444;1011.136;-6.954;18.788;1028.948;0;
1018139864;10.492;-12.444;1011.136;-6.832;18.788;1028.948;0;
1018145711;10.492;-12.444;1011.136;-6.832;18.788;1028.948;0;
1018150704;10.492;-12.444;1011.136;-6.832;18.788;1028.948;0;
1018156530;10.492;-12.444;1011.136;-6.954;18.788;1028.948;0;
1018163651;10.492;-12.444;1011.136;-6.954;18.788;1028.948;0;
1018168692;10.492;-12.444;1011.136;-6.954;18.788;1029.0701;0;
1018174487;10.492;-12.444;1011.136;-6.954;18.788;1029.0701;0;
1018181219;10.492;-12.444;1011.136;-6.954;18.788;1029.0701;0;
1018186223;10.492;-12.444;1011.136;-6.954;18.788;1029.0701;0;
1018192032;10.492;-12.444;1011.258;-6.954;18.788;1029.0701;0;
1018197850;10.492;-12.444;1011.258;-6.954;18.788;1029.0701;0;
1018203665;10.492;-12.444;1011.136;-6.954;18.788;1029.0701;0;
1018211710;10.492;-12.444;1011.136;-6.954;18.788;1029.0701;0;
1018216747;10.492;-12.444;1011.136;-6.832;18.788;1029.0701;0;
1018222548;10.492;-12.444;1011.136;-6.832;18.788;1029.0701;0;
1018228375;10.492;-12.444;1011.136;-6.832;18.666;1029.0701;0;
1018234181;10.492;-12.444;1011.136;-6.832;18.666;1029.0701;0;
1018240911;10.492;-12.444;1011.136;-6.832;18.666;1029.0701;0;
1018246760;10.492;-12.444;1011.136;-6.832;18.666;1029.0701;0;
1018253077;10.492;-12.444;1011.136;-6.832;18.666;1029.0701;0;
1018258116;10.492;-12.444;1011.136;-6.832;18.788;1029.0701;0;
1018263920;10.492;-12.444;1011.136;-6.832;18.788;1029.0701;0;
1018270644;10.492;-12.444;1011.136;-6.832;18.666;1029.0701;0;
1018276498;10.492;-12.444;1011.136;-6.832;18.666;1029.0701;0;
1018281493;10.492;-12.444;1011.136;-6.832;18.666;1029.0701;0;
1018287319;10.492;-12.444;1011.136;-6.832;18.788;1029.0701;0;
1018293124;10.492;-12.444;1011.136;-6.832;18.788;1029.0701;0;
1018301233;10.492;-12.444;1011.136;-6.832;18.788;1029.0701;0;
1018307119;10.492;-12.444;1011.136;-6.832;18.666;1029.0701;0;
1018312127;10.492;-12.566;1011.136;-6.832;18.666;1029.0701;0;
1018317941;10.492;-12.566;1011.136;-6.832;18.666;1029.0701;0;
1018323751;10.614;-12.566;1011.136;-6.832;18.666;1029.0701;0;
1018330476;10.614;-12.566;1011.136;-6.832;18.666;1029.0701;0;
1018337174;10.614;-12.566;1011.136;-6.832;18.666;1029.192;0;
1018342167;10.614;-12.444;1011.136;-6.832;18.666;1029.192;0;
1018350280;10.614;-12.444;1011.258;-6.832;18.666;1029.192;0;
1018357853;10.614;-12.444;1011.258;-6.832;18.666;1029.314;0;
1018362858;10.614;-12.444;1011.258;-6.832;18.666;1029.314;0;
1018369580;10.614;-12.444;1011.136;-6.832;18.666;1029.314;0;
1018377975;10.614;-12.444;1011.136;-6.832;18.666;1029.314;0;
1018382970;10.614;-12.566;1011.136;-6.832;18.666;1029.314;0;
1018389696;10.614;-12.566;1011.136;-6.832;18.666;1029.436;0;
1018398086;10.614;-12.566;1011.136;-6.954;18.666;1029.314;0;
1018404342;10.614;-12.566;1011.136;-6.954;18.666;1029.314;0;
1018410283;10.614;-12.566;1011.136;-6.954;18.666;1029.314;0;
1018417832;10.614;-12.566;1011.136;-6.832;18.666;1029.314;0;
1018422831;10.614;-12.444;1011.136;-6.832;18.666;1029.314;0;
1018429563;10.492;-12.566;1011.014;-6.954;18.666;1029.314;0;
1018437953;10.492;-12.566;1011.014;-6.954;18.544;1029.314;0;
1018442954;10.492;-12.444;1011.014;-6.954;18.544;1029.314;0;
1018451241;10.614;-12.444;1011.136;-6.954;18.544;1029.314;0;
1018457973;10.614;-12.444;1011.136;-6.954;18.544;1029.314;0;
1018462978;10.614;-12.444;1011.136;-6.954;18.544;1029.314;0;
1018469710;10.614;-12.566;1011.136;-6.954;18.544;1029.192;0;
1018479011;10.614;-12.566;1011.136;-6.954;18.666;1029.192;0;
1018489161;10.614;-12.444;1011.136;-6.954;18.666;1029.192;0;
1018499307;10.614;-12.444;1011.136;-6.954;18.544;1029.192;0;
1018509463;10.614;-12.444;1011.136;-6.954;18.544;1029.192;0;
1018519327;10.614;-12.444;1011.136;-6.954;18.544;1029.192;0;
1018529510;10.614;-12.444;1011.136;-7.076;18.544;1029.192;0;
1018538813;10.614;-12.444;1011.136;-7.076;18.544;1029.192;0;
1018548960;10.614;-12.444;1011.136;-7.076;18.544;1029.0701;0;
1018559106;10.614;-12.444;1011.136;-7.076;18.544;1029.192;0;
1018569253;10.614;-12.444;1011.136;-7.076;18.666;1029.192;0;
1018579395;10.614;-12.444;1011.136;-7.076;18.666;1029.192;0;
1018588696;10.614;-12.444;1011.136;-7.076;18.666;1029.192;0;
1018599378;10.614;-12.444;1011.136;-7.076;18.544;1029.192;0;
1018607795;10.614;-12.444;1011.136;-7.076;18.544;1029.192;0;
1018612802;10.614;-12.444;1011.136;-7.076;18.544;1029.0701;0;
1018619525;10.614;-12.444;1011.136;-7.076;18.544;1029.0701;0;
1018627912;10.614;-12.444;1011.136;-7.076;18.544;1029.0701;0;
1018632914;10.614;-12.444;1011.136;-7.076;18.666;1029.0701;0;
1018639635;10.614;-12.444;1011.136;-7.198;18.666;1029.0701;0;
1018648017;10.614;-12.444;1011.258;-7.198;18.666;1029.0701;0;
1018654397;10.614;-12.444;1011.258;-7.198;18.666;1029.0701;0;
1018660344;10.492;-12.444;1011.258;-7.198;18.666;1029.0701;0;
1018667888;10.492;-12.444;1011.258;-7.198;18.666;1029.0701;0;
1018672892;10.492;-12.444;1011.258;-7.198;18.666;1029.0701;0;
1018679614;10.492;-12.444;1011.258;-7.076;18.788;1029.0701;0;
1018688001;10.614;-12.566;1011.136;-7.076;18.788;1029.0701;0;
1018693002;10.614;-12.566;1011.136;-7.076;18.788;1029.0701;0;
1018701038;10.614;-12.566;1011.136;-7.076;18.788;1029.192;0;
1018707764;10.614;-12.566;1011.258;-7.076;18.788;1029.192;0;
1018712774;10.614;-12.566;1011.258;-7.076;18.788;1029.0701;0;
1018718581;10.614;-12.566;1011.258;-7.076;18.788;1029.0701;0;
1018724404;10.614;-12.566;1011.258;-7.076;18.788;1029.0701;0;
1018731123;10.614;-12.566;1011.258;-7.076;18.788;1029.0701;0;
1018737814;10.614;-12.566;1011.258;-7.076;18.788;1029.0701;0;
1018742818;10.614;-12.566;1011.258;-7.076;18.788;1029.0701;0;
1018750922;10.614;-12.566;1011.258;-6.954;18.788;1029.0701;0;
1018757645;10.614;-12.566;1011.258;-6.954;18.788;1029.0701;0;
1018762653;10.614;-12.566;1011.258;-7.076;18.788;1029.0701;0;
1018768460;10.492;-12.566;1011.258;-7.076;18.788;1029.0701;0;
1018774283;10.492;-12.566;1011.258;-7.076;18.788;1029.0701;0;
1018781001;10.492;-12.566;1011.258;-7.076;18.788;1029.0701;0;
1018787692;10.492;-12.566;1011.258;-7.076;18.788;1029.0701;0;
1018792691;10.492;-12.566;1011.258;-7.076;18.91;1029.0701;0;
1018800800;10.492;-12.566;1011.258;-7.076;18.788;1029.0701;0;
1018807530;10.492;-12.688;1011.258;-7.076;18.788;1029.0701;0;
1018812540;10.492;-12.688;1011.258;-7.076;18.788;1029.0701;0;
1018818346;10.492;-12.688;1011.258;-7.076;18.788;1029.0701;0;
1018824171;10.492;-12.688;1011.258;-7.076;18.788;1028.948;0;
1018830888;10.492;-12.566;1011.258;-6.954;18.788;1029.0701;0;
1018837583;10.37;-12.566;1011.258;-6.954;18.788;1029.0701;0;
1018842584;10.37;-12.566;1011.258;-6.954;18.788;1029.0701;0;
1018850704;10.37;-12.566;1011.258;-6.954;18.788;1029.0701;0;
1018857435;10.37;-12.566;1011.258;-6.954;18.788;1029.0701;0;
1018862445;10.37;-12.566;1011.258;-6.954;18.788;1029.0701;0;
1018868249;10.37;-12.566;1011.258;-6.954;18.788;1029.0701;0;
1018874075;10.37;-12.566;1011.258;-6.954;18.788;1029.0701;0;
1018880796;10.37;-12.566;1011.258;-6.954;18.788;1029.192;0;
1018887487;10.492;-12.566;1011.38;-6.954;18.788;1029.192;0;
1018893874;10.492;-12.566;1011.38;-6.954;18.788;1029.314;0;
1018898902;10.492;-12.566;1011.38;-6.954;18.788;1029.314;0;
1018904719;10.492;-12.566;1011.38;-6.954;18.788;1029.192;0;
1018911440;10.492;-12.566;1011.258;-7.076;18.788;1029.192;0;
1018917281;10.492;-12.566;1011.258;-7.076;18.788;1029.192;0;
1018922283;10.492;-12.566;1011.258;-7.076;18.788;1029.192;0;
1018928091;10.492;-12.566;1011.38;-7.076;18.788;1029.192;0;
1018933916;10.492;-12.566;1011.38;-7.076;18.788;1029.192;0;
1018942014;10.492;-12.566;1011.38;-7.076;18.788;1029.314;0;
1018947045;10.492;-12.688;1011.38;-7.076;18.788;1029.314;0;
1018952858;10.492;-12.688;1011.38;-7.076;18.666;1029.314;0;
1018958668;10.492;-12.566;1011.38;-7.076;18.666;1029.314;0;
1018964488;10.492;-12.566;1011.38;-7.076;18.666;1029.192;0;
1018970299;10.614;-12.688;1011.38;-7.076;18.666;1029.192;0;
1018976120;10.614;-12.688;1011.38;-7.076;18.666;1029.192;0;
1018982844;10.614;-12.688;1011.38;-7.076;18.666;1029.192;0;
1018989221;10.614;-12.566;1011.502;-7.076;18.666;1029.192;0;
1018994259;10.614;-12.566;1011.502;-7.076;18.666;1029.192;0;
1019000061;10.614;-12.566;1011.502;-7.076;18.666;1029.192;0;
1019005884;10.614;-12.566;1011.502;-7.076;18.666;1029.192;0;
1019012605;10.492;-12.566;1011.502;-7.076;18.666;1029.0701;0;
1019017600;10.492;-12.566;1011.38;-7.076;18.666;1029.0701;0;
1019023421;10.492;-12.566;1011.38;-7.076;18.666;1029.0701;0;
1019029236;10.492;-12.566;1011.502;-7.076;18.666;1029.0701;0;
1019036365;10.492;-12.566;1011.502;-7.076;18.666;1029.192;0;
1019042314;10.492;-12.566;1011.502;-7.076;18.666;1029.192;0;
1019047317;10.492;-12.566;1011.502;-7.076;18.666;1029.192;0;
1019053137;10.492;-12.566;1011.502;-7.076;18.666;1029.192;0;
1019058944;10.37;-12.566;1011.624;-7.076;18.666;1029.192;0;
1019064769;10.37;-12.566;1011.624;-7.076;18.666;1029.192;0;
1019070577;10.37;-12.566;1011.502;-7.076;18.666;1029.192;0;
1019078635;10.37;-12.566;1011.502;-7.076;18.788;1029.0701;0;
1019083665;10.37;-12.566;1011.502;-7.076;18.788;1029.192;0;
1019089472;10.37;-12.566;1011.502;-7.076;18.788;1029.192;0;
1019095290;10.37;-12.566;1011.502;-7.076;18.788;1029.192;0;
1019101103;10.37;-12.566;1011.624;-7.076;18.788;1029.192;0;
1019107831;10.37;-12.566;1011.624;-7.076;18.666;1029.0701;0;
1019112831;10.37;-12.566;1011.624;-7.076;18.666;1029.0701;0;
1019118637;10.37;-12.566;1011.624;-7.076;18.666;1029.0701;0;
1019125841;10.37;-12.566;1011.624;-7.076;18.666;1029.0701;0;
1019130875;10.37;-12.444;1011.502;-7.076;18.666;1029.0701;0;
1019137599;10.492;-12.444;1011.502;-7.076;18.788;1029.0701;0;
1019142600;10.492;-12.444;1011.502;-7.076;18.666;1029.0701;0;
1019148412;10.492;-12.444;1011.624;-7.076;18.666;1029.0701;0;
1019154233;10.492;-12.444;1011.624;-7.076;18.666;1029.0701;0;
1019160043;10.492;-12.444;1011.624;-7.076;18.666;1029.0701;0;
1019165865;10.492;-12.444;1011.624;-7.076;18.788;1029.0701;0;
1019173963;10.492;-12.444;1011.624;-7.076;18.666;1029.0701;0;
1019178995;10.492;-12.566;1011.502;-7.076;18.666;1029.0701;0;
1019184814;10.492;-12.566;1011.502;-7.076;18.666;1029.0701;0;
1019190621;10.492;-12.566;1011.502;-7.076;18.666;1029.0701;0;
1019197349;10.492;-12.566;1011.502;-7.076;18.666;1029.0701;0;
1019203195;10.492;-12.566;1011.502;-7.076;18.666;1029.192;0;
1019208191;10.492;-12.688;1011.624;-7.076;18.666;1029.192;0;
1019214012;10.492;-12.688;1011.624;-7.076;18.788;1029.192;0;
1019221080;10.492;-12.688;1011.624;-7.076;18.788;1029.192;0;
1019226117;10.492;-12.688;1011.624;-7.076;18.788;1029.0701;0;
1019231922;10.492;-12.688;1011.624;-7.076;18.788;1029.0701;0;
1019238646;10.492;-12.688;1011.746;-7.076;18.788;1029.192;0;
1019243652;10.492;-12.688;1011.746;-7.076;18.788;1029.192;0;
1019249454;10.492;-12.688;1011.746;-7.076;18.788;1029.192;0;
1019255280;10.492;-12.688;1011.746;-7.076;18.788;1029.314;0;
1019263567;10.492;-12.688;1011.746;-6.954;18.788;1029.314;0;
1019268604;10.492;-12.688;1011.746;-6.954;18.788;1029.314;0;
1019274415;10.492;-12.688;1011.746;-6.954;18.666;1029.192;0;
1019280225;10.492;-12.566;1011.746;-6.954;18.666;1029.192;0;
1019286947;10.37;-12.566;1011.746;-6.954;18.666;1029.192;0;
1019293644;10.37;-12.566;1011.746;-6.954;18.666;1029.192;0;
1019298637;10.37;-12.566;1011.746;-6.954;18.666;1029.192;0;
1019304461;10.37;-12.566;1011.746;-6.954;18.666;1029.192;0;
1019311660;10.492;-12.566;1011.746;-6.954;18.666;1029.192;0;
1019317620;10.492;-12.688;1011.746;-6.954;18.788;1029.314;0;
1019324323;10.492;-12.688;1011.746;-6.954;18.788;1029.314;0;
1019329321;10.492;-12.688;1011.746;-6.954;18.788;1029.314;0;
1019335141;10.492;-12.688;1011.746;-6.954;18.788;1029.314;0;
1019340953;10.614;-12.688;1011.746;-6.954;18.788;1029.314;0;
1019347679;10.614;-12.688;1011.746;-6.954;18.91;1029.314;0;
1019354380;10.614;-12.688;1011.746;-6.954;18.788;1029.314;0;
1019360751;10.614;-12.688;1011.746;-6.954;18.788;1029.314;0;
1019365786;10.614;-12.688;1011.746;-6.954;18.788;1029.314;0;
1019371588;10.614;-12.566;1011.746;-6.954;18.788;1029.314;0;
1019378319;10.614;-12.566;1011.746;-6.954;18.788;1029.314;0;
1019385013;10.614;-12.566;1011.746;-6.954;18.788;1029.314;0;
1019390010;10.614;-12.566;1011.624;-6.954;18.788;1029.314;0;
1019396735;10.614;-12.566;1011.624;-6.954;18.91;1029.314;0;
1019405129;10.614;-12.566;1011.624;-6.954;18.788;1029.192;0;
1019411512;10.614;-12.566;1011.624;-6.954;18.788;1029.192;0;
1019417446;10.614;-12.566;1011.624;-6.954;18.788;1029.314;0;
1019424993;10.614;-12.566;1011.624;-6.954;18.788;1029.314;0;
1019429987;10.614;-12.566;1011.624;-6.954;18.788;1029.314;0;
1019436718;10.614;-12.566;1011.624;-6.954;18.788;1029.314;0;
1019445112;10.614;-12.566;1011.624;-6.954;18.91;1029.314;0;
1019450109;10.614;-12.566;1011.624;-6.954;18.91;1029.314;0;
1019458215;10.614;-12.566;1011.624;-6.954;18.91;1029.192;0;
1019464947;10.614;-12.566;1011.624;-6.954;18.91;1029.314;0;
1019469955;10.736;-12.566;1011.624;-6.954;18.91;1029.314;0;
1019476680;10.736;-12.688;1011.624;-6.954;18.91;1029.314;0;
1019485074;10.736;-12.688;1011.624;-6.954;18.91;1029.314;0;
1019490070;10.614;-12.688;1011.624;-6.954;18.91;1029.314;0;
1019496800;10.614;-12.688;1011.624;-6.954;18.91;1029.314;0;
1019505191;10.614;-12.688;1011.624;-6.954;18.91;1029.314;0;
1019511566;10.614;-12.688;1011.746;-6.954;18.91;1029.314;0;
1019517512;10.614;-12.688;1011.624;-6.954;18.91;1029.314;0;
1019526819;10.614;-12.688;1011.624;-6.954;18.91;1029.314;0;
1019536969;10.614;-12.688;1011.624;-6.954;18.91;1029.314;0;
1019546270;10.614;-12.688;1011.624;-6.954;18.91;1029.436;0;
1019556411;10.614;-12.566;1011.624;-6.954;18.91;1029.436;0;
1019566558;10.492;-12.566;1011.624;-6.954;18.91;1029.558;0;
1019646753;10.492;-12.566;1011.746;-6.954;18.91;1029.436;0;
1019655191;10.37;-12.566;1011.746;-6.954;18.91;1029.436;0;
1019660202;10.37;-12.566;1011.746;-6.954;18.91;1029.436;0;
1019666918;10.37;-12.566;1011.746;-6.954;18.91;1029.436;0;
1019675303;10.492;-12.566;1011.746;-6.954;18.91;1029.436;0;
1019680306;10.492;-12.566;1011.746;-6.954;18.91;1029.436;0;
1019687029;10.492;-12.566;1011.746;-6.954;18.91;1029.314;0;
1019695413;10.492;-12.566;1011.746;-6.954;18.91;1029.314;0;
1019701740;10.492;-12.566;1011.746;-6.954;18.91;1029.314;0;
1019707684;10.492;-12.566;1011.746;-6.954;18.91;1029.436;0;
1019715228;10.492;-12.688;1011.624;-6.954;18.91;1029.436;0;
1019720229;10.492;-12.688;1011.624;-6.954;18.91;1029.436;0;
1019726955;10.492;-12.688;1011.624;-6.954;18.788;1029.314;0;
1019735339;10.614;-12.688;1011.746;-6.954;18.788;1029.314;0;
1019740341;10.614;-12.688;1011.746;-6.954;18.788;1029.436;0;
1019748430;10.492;-12.688;1011.746;-6.954;18.788;1029.436;0;
1019755163;10.614;-12.566;1011.746;-6.954;18.788;1029.436;0;
1019760170;10.614;-12.566;1011.746;-6.954;18.788;1029.436;0;
1019765977;10.492;-12.444;1011.746;-6.954;18.788;1029.436;0;
1019771797;10.492;-12.444;1011.746;-6.954;18.788;1029.436;0;
1019778524;10.492;-12.444;1011.746;-6.954;18.788;1029.314;0;
1019785218;10.492;-12.566;1011.624;-6.954;18.788;1029.314;0;
1019790221;10.492;-12.566;1011.624;-6.954;18.788;1029.314;0;
1019798328;10.492;-12.688;1011.624;-6.954;18.788;1029.314;0;
1019805055;10.614;-12.81;1011.624;-6.954;18.788;1029.314;0;
1019810058;10.614;-12.81;1011.624;-6.954;18.788;1029.314;0;
1019815872;10.614;-12.81;1011.624;-6.954;18.788;1029.314;0;
1019821693;10.614;-12.81;1011.624;-7.076;18.666;1029.314;0;
1019828415;10.614;-12.81;1011.502;-7.076;18.666;1029.314;0;
1019835103;10.614;-12.688;1011.624;-7.076;18.666;1029.314;0;
1019840110;10.614;-12.688;1011.624;-7.076;18.666;1029.436;0;
1019848209;10.492;-12.444;1011.502;-7.076;18.666;1029.314;0;
1019854934;10.492;-12.444;1011.502;-7.076;18.666;1029.314;0;
1019859938;10.492;-12.444;1011.502;-7.076;18.666;1029.314;0;
1019865748;10.614;-12.444;1011.502;-7.076;18.666;1029.314;0;
1019871568;10.614;-12.444;1011.502;-6.954;18.666;1029.314;0;
1019878294;10.492;-12.444;1011.502;-6.954;18.666;1029.192;0;
1019884980;10.492;-12.688;1011.502;-6.954;18.666;1029.192;0;
1019889981;10.492;-12.688;1011.502;-6.954;18.666;1029.314;0;
1019898088;10.492;-12.688;1011.502;-6.954;18.666;1029.436;0;
1019904818;10.614;-12.566;1011.502;-6.954;18.666;1029.436;0;
1019909825;10.614;-12.566;1011.502;-6.954;18.666;1029.314;0;
1019915631;10.614;-12.688;1011.38;-6.954;18.666;1029.314;0;
1019921456;10.614;-12.688;1011.38;-6.954;18.666;1029.314;0;
1019928175;10.492;-12.444;1011.502;-6.954;18.666;1029.314;0;
1019934864;10.614;-12.322;1011.502;-6.954;18.666;1029.314;0;
1019939871;10.614;-12.322;1011.502;-6.954;18.666;1029.314;0;
1019947052;10.492;-12.444;1011.502;-6.954;18.666;1029.314;0;
1019952089;10.492;-12.444;1011.502;-6.954;18.666;1029.314;0;
1019958806;10.492;-12.444;1011.502;-6.954;18.666;1029.314;0;
1019964652;10.492;-12.566;1011.502;-6.954;18.666;1029.314;0;
1019969651;10.492;-12.566;1011.502;-6.954;18.666;1029.314;0;
1019975463;10.614;-12.688;1011.502;-6.954;18.666;1029.314;0;
1019981282;10.614;-12.688;1011.502;-6.954;18.666;1029.314;0;
1019989388;10.614;-12.688;1011.502;-6.954;18.666;1029.436;0;
1019994414;10.614;-12.566;1011.502;-6.954;18.666;1029.436;0;
1020000233;10.614;-12.566;1011.502;-6.954;18.666;1029.314;0;
1020006038;10.492;-12.566;1011.502;-6.954;18.666;1029.314;0;
1020011863;10.492;-12.566;1011.502;-6.954;18.666;1029.314;0;
1020017669;10.492;-12.444;1011.502;-6.954;18.666;1029.314;0;
1020023495;10.492;-12.444;1011.502;-6.954;18.666;1029.314;0;
1020030212;10.492;-12.444;1011.502;-6.954;18.666;1029.436;0;
1020036585;10.37;-12.444;1011.502;-6.954;18.666;1029.436;0;
1020041620;10.37;-12.444;1011.502;-6.954;18.666;1029.436;0;
1020047422;10.492;-12.444;1011.38;-6.954;18.666;1029.436;0;
1020053241;10.492;-12.444;1011.38;-7.076;18.666;1029.436;0;
1020059969;10.492;-12.566;1011.38;-7.076;18.666;1029.436;0;
1020064964;10.614;-12.688;1011.38;-7.076;18.666;1029.436;0;
1020070793;10.614;-12.688;1011.38;-7.076;18.666;1029.436;0;
1020076598;10.614;-12.688;1011.38;-7.076;18.666;1029.436;0;
1020083678;10.614;-12.688;1011.38;-7.076;18.666;1029.436;0;
1020089621;10.492;-12.566;1011.502;-6.954;18.666;1029.436;0;
1020094623;10.492;-12.566;1011.502;-6.954;18.666;1029.436;0;
1020100439;10.492;-12.566;1011.502;-7.076;18.666;1029.436;0;
1020106250;10.492;-12.444;1011.38;-7.076;18.666;1029.436;0;
1020112070;10.492;-12.444;1011.38;-7.076;18.666;1029.436;0;
1020117881;10.492;-12.444;1011.38;-7.076;18.666;1029.436;0;
1020123698;10.492;-12.444;1011.38;-6.954;18.666;1029.436;0;
1020132012;10.492;-12.444;1011.502;-6.954;18.788;1029.436;0;
1020137050;10.492;-12.444;1011.502;-6.954;18.788;1029.436;0;
1020142863;10.492;-12.444;1011.502;-7.076;18.788;1029.436;0;
1020148666;10.614;-12.444;1011.502;-7.076;18.788;1029.436;0;
1020155400;10.614;-12.566;1011.624;-6.954;18.788;1029.436;0;
1020160408;10.614;-12.566;1011.624;-7.076;18.666;1028.948;0;
1020166215;8.052;-11.346;1011.746;-7.076;18.666;1028.948;0;
1020173336;8.052;-11.346;1011.746;-7.808;18.666;1029.0701;0;
1020178286;3.782;-9.516;1012.844;-7.808;18.666;1029.0701;0;
1020184832;2.562;-9.76;1011.38;-8.662;17.934;1028.704;0;
1020190510;2.562;-9.76;1011.38;-9.516;18.544;1029.6801;0;
1020195330;4.026;-12.81;1010.282;-9.516;18.544;1029.6801;0;
1020201065;4.026;-12.81;1010.282;-9.638;20.13;1031.632;0;
1020206789;6.71;-15.86;1011.868;-9.638;20.13;1031.632;0;
1020212518;6.71;-15.86;1011.868;-4.758;26.352;1037.1221;0;
1020220539;40.992;-6.1;1013.454;-5.612;25.376;1032.608;0;
1020225483;107.116;-7.93;1016.748;-5.612;25.376;1032.608;0;
1020231302;107.116;-7.93;1016.748;-9.516;24.156;1027.606;0;
1020237107;173.362;-27.572;1014.796;-9.516;24.156;1027.606;0;
1020243015;173.362;-27.572;1014.796;-13.054;22.814;1026.63;0;
1020249003;224.724;-29.158;1011.38;-13.054;22.814;1026.63;0;
1020255903;234.606;-27.572;1007.964;-13.664;20.252;1027.3621;0;
1020261084;234.606;-27.572;1007.964;-7.808;13.542;1027.728;0;
1020268362;208.498;-27.084;1011.258;-7.808;13.542;1027.728;0;
1020273490;208.498;-27.084;1011.258;1.098;-1.098;1024.556;0;
1020279291;170.312;-9.028;1012.722;1.098;-1.098;1024.556;0;
1020285934;137.006;0.854;1009.794;3.172;-16.47;1024.1901;0;
1020290851;137.006;0.854;1009.794;2.928;-29.524;1028.46;0;
1020296572;105.774;-5.612;1010.038;2.928;-29.524;1028.46;0;
1020302395;105.774;-5.612;1010.038;9.638;-46.116;1018.456;0;
1020308208;54.29;-12.81;1014.796;9.638;-46.116;1018.456;0;
1020316315;-17.934;-11.102;1018.212;18.544;-57.95;1027.484;0;
1020321533;-17.934;-11.102;1018.212;21.228;-63.684;1047.37;0;
1020327506;-65.026;-1.586;1013.332;21.228;-63.684;1047.37;0;
1020334321;-76.616;-2.806;1013.332;13.054;-77.226;1037.61;0;
1020341112;-76.616;-2.806;1013.332;6.466;-81.252;1036.146;0;
1020346107;-88.328;-12.81;1015.284;6.466;-81.252;1036.146;0;
1020352019;-88.328;-12.81;1015.284;2.196;-79.056;1038.83;0;
1020359291;-112.85;-13.298;1014.674;2.196;-79.056;1038.83;0;
1020365419;-153.476;-1.952;1014.186;-0.61;-76.616;1038.464;0;
1020371458;-153.476;-1.952;1014.186;-3.904;-72.224;1034.194;0;
1020376636;-198.372;5.124;1014.918;-3.904;-72.224;1034.194;0;
1020382546;-198.372;5.124;1014.918;-6.954;-62.586;1029.192;0;
1020388439;-223.138;8.052;1015.284;-6.954;-62.586;1029.192;0;
1020395256;-222.772;14.518;1014.308;-9.882;-50.508;1022.36;0;
1020402132;-222.772;14.518;1014.308;-16.348;-35.38;1010.648;0;
1020408781;-201.422;7.564;1015.162;-16.348;-35.38;1010.648;0;
1020414902;-173.118;-11.712;1017.114;-21.35;-14.518;1006.866;0;
1020421982;-173.118;-11.712;1017.114;-23.058;10.004;1010.038;0;
1020427247;-149.938;-15.128;1015.406;-23.058;10.004;1010.038;0;
1020434234;-120.536;-2.44;1016.382;-24.888;34.526;1010.038;0;
1020441960;-120.536;-2.44;1016.382;-20.252;63.44;1016.016;0;
1020447130;-86.01;3.538;1013.088;-20.252;63.44;1016.016;0;
1020455246;-25.01;-3.782;1009.672;-19.276;92.964;1027.3621;0;
1020462072;-25.01;-3.782;1009.672;-18.91;113.826;1034.072;0;
1020467252;50.752;-15.25;1016.138;-18.91;113.826;1034.072;0;
1020474149;88.328;-16.104;1016.748;-15.494;131.15;1039.684;0;
1020482723;88.328;-16.104;1016.748;-13.298;148.352;1044.564;0;
1020487900;99.186;-10.004;1010.648;-13.298;148.352;1044.564;0;
1020494802;112.972;-2.928;1009.794;-10.004;157.258;1048.3461;0;
1020502524;112.972;-2.928;1009.794;-12.444;159.942;1050.542;0;
1020509073;139.08;-5.978;1010.16;-12.444;159.942;1050.542;0;
1020515197;173.118;-19.154;1009.794;-13.542;158.966;1049.688;0;
1020523919;200.934;-17.69;1011.746;-15.494;151.036;1048.468;0;
1020532584;200.934;-17.69;1011.746;-19.154;137.616;1041.7581;0;
1020537845;215.574;-18.178;1012.112;-19.154;137.616;1041.7581;0;
1020544835;215.818;-28.792;1010.648;-21.594;120.17;1033.828;0;
1020552651;215.818;-28.792;1010.648;-21.594;100.65;1030.656;0;
1020559296;195.322;-24.156;1010.526;-21.594;100.65;1030.656;0;
1020565506;164.578;-2.806;1012.112;-18.056;78.568;1028.46;0;
1020574053;147.62;5.978;1012.478;-16.836;55.266;1023.092;0;
1020584204;135.054;-6.222;1012.6;-16.714;30.988;1018.212;0;
1020594436;99.796;-22.448;1015.528;-15.86;6.344;1018.09;0;
1020603733;12.932;-17.568;1015.528;-12.566;-19.032;1025.6541;0;
1020614065;-66.978;7.564;1014.186;-7.808;-46.848;1029.0701;0;
1020624210;-92.964;8.296;1013.942;-6.832;-67.344;1032.608;0;
1020634037;-101.26;-12.2;1013.332;-5.856;-82.228;1036.2681;0;
1020643647;-112.972;-17.202;1013.942;-2.196;-96.136;1035.78;0;
1020654071;-133.468;-4.514;1014.43;-2.074;-106.018;1031.754;0;
1020663643;-166.774;1.342;1014.43;-2.806;-110.898;1024.434;0;
1020673967;-200.69;-1.952;1013.82;-0.732;-106.262;1021.262;0;
1020683533;-212.158;7.686;1013.942;1.586;-96.258;1016.748;0;
1020693683;-199.226;22.57;1014.186;-0.976;-80.764;1005.28;0;
1020704012;-170.922;2.074;1015.284;-5.734;-56.242;1002.718;0;
1020713932;-136.152;-25.254;1016.26;-9.394;-25.742;1007.11;0;
1020722625;-101.626;-16.104;1014.552;-9.394;-25.742;1007.11;0;
1020727903;-101.626;-16.104;1014.552;-11.468;8.418;1009.306;0;
1020734792;-60.756;11.102;1014.308;-19.642;42.578;1016.138;0;
1020742417;-2.44;12.566;1014.308;-19.642;42.578;1016.138;0;
1020747419;-2.44;12.566;1014.308;-24.644;80.764;1028.46;0;
1020754139;57.462;-22.448;1015.162;-20.862;117.242;1041.27;0;
1020762389;95.526;-29.524;1018.212;-20.862;117.242;1041.27;0;
1020767608;95.526;-29.524;1018.212;-21.472;144.326;1048.3461;0;
1020774495;116.388;-5.856;1010.526;-19.398;171.044;1052.006;0;
1020783059;133.59;6.466;1001.742;-19.398;171.044;1052.006;0;
1020788155;133.59;6.466;1001.742;-15.006;192.028;1052.86;0;
1020794960;153.72;-3.904;1009.062;-11.956;205.082;1055.91;0;
1020802675;180.072;-22.082;1011.746;-11.956;205.082;1055.91;0;
1020807943;180.072;-22.082;1011.746;-12.322;212.646;1051.03;0;
1020816304;204.838;-18.422;1010.648;-11.956;214.11;1044.198;0;
1020822458;218.746;-15.616;1012.6;-11.956;214.11;1044.198;0;
1020827730;218.746;-15.616;1012.6;-11.346;207.522;1036.024;0;
1020834717;215.208;-26.108;1011.014;-10.126;192.76;1023.214;0;
1020842521;192.516;-25.132;1010.404;-10.126;192.76;1023.214;0;
1020847791;192.516;-25.132;1010.404;-5.856;176.656;1020.042;0;
1020854684;160.552;-6.588;1010.77;-5.368;157.502;1022.604;0;
1020862838;140.788;3.538;1013.332;-5.368;157.502;1022.604;0;
1020867881;140.788;3.538;1013.332;-8.54;127.124;1010.77;0;
1020873684;118.096;-5.734;1013.82;-8.54;127.124;1010.77;0;
1020879593;118.096;-5.734;1013.82;-10.614;94.306;1006.256;0;
1020886401;77.836;-11.59;1012.722;-9.394;60.634;1010.038;0;
1020892246;14.274;-9.516;1013.576;-9.394;60.634;1010.038;0;
1020897161;14.274;-9.516;1013.576;-4.88;22.57;1022.604;0;
1020902881;-58.072;-3.294;1013.088;-4.88;22.57;1022.604;0;
1020910011;-58.072;-3.294;1013.088;-1.098;-12.2;1042.124;0;
1020916078;-99.064;0.122;1014.186;1.22;-48.8;1035.78;0;
1020922677;-121.634;-3.172;1015.406;1.22;-48.8;1035.78;0;
1020927768;-121.634;-3.172;1015.406;2.318;-75.762;1040.05;0;
1020933666;-139.934;-4.88;1013.454;2.318;-75.762;1040.05;0;
1020939576;-139.934;-4.88;1013.454;1.586;-96.014;1048.712;0;
1020946380;-155.55;-8.296;1014.064;1.708;-116.144;1045.906;0;
1020952404;-174.216;-11.468;1016.016;1.708;-116.144;1045.906;0;
1020959250;-174.216;-11.468;1016.016;-0.122;-127.002;1043.954;0;
1020965556;-184.464;2.196;1014.796;-5.246;-132.858;1038.098;0;
1020972431;-190.808;16.714;1013.088;-5.246;-132.858;1038.098;0;
1020977704;-190.808;16.714;1013.088;-7.93;-132.736;1031.632;0;
1020983773;-183.61;2.318;1016.016;-7.93;-132.736;1031.632;0;
1020989765;-183.61;2.318;1016.016;-11.224;-127.246;1021.75;0;
1020996750;-163.48;-22.326;1017.602;-14.03;-115.168;1017.846;0;
1021003589;-144.814;-17.934;1009.428;-14.03;-115.168;1017.846;0;
1021009074;-144.814;-17.934;1009.428;-11.102;-90.158;1027.728;0;
1021016141;-93.696;18.91;1010.16;-14.03;-72.834;1021.506;0;
1021022163;-12.2;11.346;1017.602;-14.03;-72.834;1021.506;0;
1021027347;-12.2;11.346;1017.602;-16.592;-55.388;1014.186;0;
1021033328;58.194;-34.648;1019.188;-16.592;-55.388;1014.186;0;
1021039324;58.194;-34.648;1019.188;-10.126;-29.402;1024.068;0;
1021047601;92.964;-28.06;1015.284;-2.562;-8.052;1024.068;0;
1021052636;96.99;0.122;1012.6;-2.562;-8.052;1024.068;0;
1021058272;96.99;0.122;1012.6;0.366;12.81;1028.2161;0;
1021063817;97.722;9.028;1009.55;0.366;12.81;1028.2161;0;
1021069379;97.722;9.028;1009.55;-1.586;29.402;1031.022;0;
1021075017;119.316;-6.344;1008.086;-1.586;29.402;1031.022;0;
1021080841;119.316;-6.344;1008.086;-3.538;47.702;1033.7061;0;
1021087561;163.48;-23.912;1009.184;-6.466;64.538;1038.342;0;
1021094026;205.448;-14.762;1009.55;-6.466;64.538;1038.342;0;
1021099149;205.448;-14.762;1009.55;-10.492;75.884;1036.8781;0;
1021105131;233.264;-15.372;1010.404;-10.492;75.884;1036.8781;0;
1021111127;233.264;-15.372;1010.404;-11.59;80.154;1033.95;0;
1021118019;239.852;-29.402;1011.136;-10.98;79.178;1029.314;0;
1021123195;215.696;-26.23;1012.722;-10.98;79.178;1029.314;0;
1021129191;215.696;-26.23;1012.722;-8.296;75.518;1026.874;0;
1021135087;179.706;-4.636;1011.258;-8.296;75.518;1026.874;0;
1021143193;157.014;9.028;1011.868;-6.588;67.466;1021.872;0;
1021148137;157.014;9.028;1011.868;-11.834;57.096;1020.652;0;
1021153947;138.226;-4.392;1011.868;-11.834;57.096;1020.652;0;
1021159854;138.226;-4.392;1011.868;-18.178;44.53;1022.238;0;
1021165748;111.264;-19.764;1013.332;-18.178;44.53;1022.238;0;
1021172653;55.022;-23.546;1014.064;-17.934;25.254;1014.796;0;
1021177747;55.022;-23.546;1014.064;-10.126;7.198;1017.968;0;
1021183551;-23.79;-5.49;1013.454;-10.126;7.198;1017.968;0;
1021190762;-23.79;-5.49;1013.454;-7.564;-9.394;1028.2161;0;
1021195789;-71.98;7.32;1012.844;-7.564;-9.394;1028.2161;0;
1021202422;-91.622;-5.49;1013.82;-12.322;-25.498;1032.608;0;
1021207604;-91.622;-5.49;1013.82;-14.03;-37.576;1036.146;0;
1021213587;-106.384;-14.274;1015.284;-14.03;-37.576;1036.146;0;
1021219761;-106.384;-14.274;1015.284;-13.786;-48.312;1036.024;0;
1021225915;-128.954;-6.588;1014.674;-13.786;-48.312;1036.024;0;
1021234297;-163.114;2.684;1014.186;-15.25;-57.096;1033.462;0;
1021239513;-163.114;2.684;1014.186;-15.128;-62.83;1029.6801;0;
1021245492;-192.272;3.66;1014.186;-15.128;-62.83;1029.6801;0;
1021252391;-206.302;7.32;1015.894;-16.348;-62.464;1025.8981;0;
1021257573;-206.302;7.32;1015.894;-22.814;-57.462;1022.116;0;
1021263557;-198.982;12.688;1015.284;-22.814;-57.462;1022.116;0;
1021269641;-198.982;12.688;1015.284;-27.572;-51.728;1016.992;0;
1021275714;-178.364;-1.952;1014.308;-27.572;-51.728;1016.992;0;
1021284079;-156.77;-18.666;1014.674;-25.376;-41.602;1011.38;0;
1021289480;-156.77;-18.666;1014.674;-24.766;-26.474;1010.16;0;
1021295627;-128.466;-11.468;1016.016;-24.766;-26.474;1010.16;0;
1021302703;-80.398;10.004;1017.846;-20.862;-6.954;1013.332;0;
1021308646;-80.398;10.004;1017.846;-22.692;13.786;1023.702;0;
1021313729;-8.296;2.806;1014.064;-22.692;13.786;1023.702;0;
1021319462;-8.296;2.806;1014.064;-28.914;28.304;1024.1901;0;
1021326560;64.538;-21.96;1013.698;-28.914;28.304;1024.1901;0;
1021332595;98.454;-15.494;1015.406;-22.326;45.994;1028.826;0;
1021338538;98.454;-15.494;1015.406;-14.884;67.1;1041.392;0;
1021343630;100.162;-7.198;1011.38;-14.884;67.1;1041.392;0;
1021349539;100.162;-7.198;1011.38;-11.834;79.178;1040.2941;0;
1021355436;105.042;-5.978;1008.94;-11.834;79.178;1040.2941;0;
1021362246;128.588;0.61;1009.428;-13.542;86.498;1039.928;0;
1021368942;128.588;0.61;1009.428;-16.104;92.72;1045.052;0;
1021375315;168.604;-11.956;1009.672;-16.104;92.72;1045.052;0;
1021380532;168.604;-11.956;1009.672;-17.812;96.99;1045.418;0;
1021386506;207.644;-20.13;1009.672;-17.812;96.99;1045.418;0;
1021393414;232.288;-13.664;1011.624;-23.302;97.6;1042.246;0;
1021398591;232.288;-13.664;1011.624;-23.18;95.648;1040.538;0;
1021404575;234.484;-22.692;1011.868;-23.18;95.648;1040.538;0;
1021410572;234.484;-22.692;1011.868;-16.47;88.45;1038.342;0;
1021418847;209.596;-25.132;1010.282;-11.712;74.786;1032.2421;0;
1021424057;177.754;-7.93;1011.624;-11.712;74.786;1032.2421;0;
1021429957;177.754;-7.93;1011.624;-9.394;61.854;1028.2161;0;
1021435765;158.234;2.928;1011.99;-9.394;61.854;1028.2161;0;
1021442398;135.664;-7.686;1011.868;-13.054;45.262;1024.556;0;
1021449186;135.664;-7.686;1011.868;-14.64;29.158;1019.066;0;
1021454267;97.234;-13.298;1014.308;-14.64;29.158;1019.066;0;
1021460177;97.234;-13.298;1014.308;-14.274;11.956;1026.142;0;
1021467458;19.764;-9.15;1015.162;-14.274;11.956;1026.142;0;
1021473405;-52.46;0.61;1013.332;-11.346;-5.246;1032.2421;0;
1021479262;-52.46;0.61;1013.332;-7.442;-17.812;1030.046;0;
1021484262;-76.128;1.83;1013.088;-7.442;-17.812;1030.046;0;
1021490086;-76.128;1.83;1013.088;-7.442;-26.108;1029.9241;0;
1021495893;-87.596;-12.322;1013.698;-7.442;-26.108;1029.9241;0;
1021502801;-106.018;-13.542;1014.43;-5.49;-32.818;1030.5341;0;
1021509767;-106.018;-13.542;1014.43;-1.342;-38.064;1028.094;0;
1021516407;-140.3;-2.562;1014.796;-1.342;-38.064;1028.094;0;
1021522530;-180.804;2.196;1015.284;4.026;-37.82;1023.824;0;
1021530078;-180.804;2.196;1015.284;6.344;-33.062;1021.75;0;
1021535073;-206.912;3.782;1014.186;6.344;-33.062;1021.75;0;
1021541806;-210.084;13.054;1013.454;5.368;-25.01;1019.798;0;
1021550288;-210.084;13.054;1013.454;0.854;-14.762;1009.55;0;
1021555374;-191.296;15.006;1013.942;0.854;-14.762;1009.55;0;
1021563561;-166.896;-6.71;1014.308;-2.318;2.928;1010.282;0;
1021571207;-141.154;-20.008;1014.552;-3.66;23.058;1013.698;0;
1021579791;-141.154;-20.008;1014.552;-5.734;43.31;1010.282;0;
1021584967;-110.654;-6.588;1012.722;-5.734;43.31;1010.282;0;
1021591780;-66.002;10.492;1011.502;-11.956;69.174;1018.944;0;
1021601170;5.49;-0.366;1012.478;-13.542;99.43;1034.926;0;
1021611225;68.686;-23.18;1016.504;-8.54;119.56;1040.538;0;
1021621458;96.136;-17.568;1014.918;-9.882;132.004;1037.366;0;
1021631385;102.236;-1.342;1010.526;-10.126;143.96;1040.05;0;
1021641748;113.46;0.976;1012.234;-8.052;152.012;1041.514;0;
1021651054;145.058;-12.566;1011.502;-7.442;158.112;1043.1;0;
1021661380;184.708;-18.178;1011.136;-7.076;156.77;1040.538;0;
1021671706;215.94;-13.664;1013.088;-7.076;149.328;1034.194;0;
1021681182;229.726;-21.106;1011.136;-6.1;140.056;1032.974;0;
1021691507;225.944;-32.94;1011.38;-5.49;123.342;1024.312;0;
1021700985;197.64;-17.69;1013.698;-1.952;97.722;1014.064;0;
1021711637;161.284;7.808;1011.38;-0.122;78.324;1023.214;0;
1021720887;140.788;9.638;1012.356;-2.806;50.752;1017.358;0;
1021730948;115.046;-8.54;1013.332;0.488;19.764;1014.674;0;
1021741003;78.934;-24.644;1011.502;-1.098;-9.15;1019.92;0;
1021751154;33.672;-18.544;1015.528;-3.66;-46.848;1010.16;0;
1021761390;-27.572;-2.928;1015.406;4.026;-71.736;1030.5341;0;
1021771533;-80.154;-2.196;1013.332;11.712;-94.062;1046.272;0;
1021779898;-109.312;-9.272;1014.918;11.712;-94.062;1046.272;0;
1021785120;-109.312;-9.272;1014.918;10.858;-118.218;1042.49;0;
1021792095;-132.736;-1.586;1014.918;8.54;-130.906;1046.028;0;
1021799816;-153.354;1.342;1014.918;8.54;-130.906;1046.028;0;
1021804913;-153.354;1.342;1014.918;6.344;-139.324;1043.71;0;
1021811720;-173.24;-3.538;1014.308;1.098;-142.374;1038.098;0;
1021820281;-190.076;0.0;1015.528;1.098;-142.374;1038.098;0;
1021825369;-190.076;0.0;1015.528;-3.904;-135.908;1033.95;0;
1021833652;-193.858;9.028;1014.186;-10.98;-123.22;1027.972;0;
1021839801;-179.95;5.734;1014.43;-10.98;-123.22;1027.972;0;
1021845075;-179.95;5.734;1014.43;-17.934;-108.336;1020.042;0;
1021852062;-163.724;-11.59;1015.162;-20.74;-89.182;1014.308;0;
1021859959;-145.302;-12.444;1015.406;-20.74;-89.182;1014.308;0;
1021865315;-145.302;-12.444;1015.406;-22.204;-66.002;1010.77;0;
1021872390;-113.582;2.806;1013.698;-18.056;-36.112;1012.356;0;
1021879784;-53.802;3.172;1009.672;-18.056;-36.112;1012.356;0;
1021884913;-53.802;3.172;1009.672;-19.154;-3.782;1021.994;0;
1021890715;37.21;-14.152;1013.454;-19.154;-3.782;1021.994;0;
1021896625;37.21;-14.152;1013.454;-25.742;19.276;1021.628;0;
1021903429;95.77;-22.326;1018.09;-21.838;48.19;1031.876;0;
1021910210;109.434;-16.836;1013.21;-21.838;48.19;1031.876;0;
1021915395;109.434;-16.836;1013.21;-16.348;78.202;1041.27;0;
1021922291;113.582;-9.516;1010.526;-8.54;97.6;1037.7321;0;
1021929517;120.414;0.122;1010.16;-8.54;97.6;1037.7321;0;
1021934460;120.414;0.122;1010.16;-6.71;114.192;1039.684;0;
1021940265;143.716;-5.368;1010.648;-6.71;114.192;1039.684;0;
1021946175;143.716;-5.368;1010.648;-11.59;127.246;1043.1;0;
1021953071;179.828;-21.472;1012.112;-17.446;135.908;1041.27;0;
1021960032;215.696;-17.568;1010.16;-17.446;135.908;1041.27;0;
1021965300;215.696;-17.568;1010.16;-24.888;139.202;1036.024;0;
1021973659;235.948;-17.812;1012.234;-25.498;136.64;1032.608;0;
1021979812;227.896;-30.256;1012.966;-25.498;136.64;1032.608;0;
1021985094;227.896;-30.256;1012.966;-21.472;126.148;1025.288;0;
1021991163;195.566;-21.35;1012.6;-21.472;126.148;1025.288;0;
1021997240;195.566;-21.35;1012.6;-16.226;110.776;1022.482;0;
1022004227;164.944;-4.148;1011.38;-15.25;93.574;1021.75;0;
1022009313;148.596;0.122;1010.892;-15.25;93.574;1021.75;0;
1022015133;148.596;0.122;1010.892;-19.154;70.638;1018.578;0;
1022023246;126.148;-5.002;1012.356;-21.106;40.87;1005.89;0;
1022029220;65.392;-15.86;1012.112;-21.106;40.87;1005.89;0;
1022034317;65.392;-15.86;1012.112;-15.982;12.444;1019.554;0;
1022040214;-26.23;-4.026;1012.356;-15.982;12.444;1019.554;0;
1022046121;-26.23;-4.026;1012.356;-9.394;-14.762;1036.512;0;
1022052017;-80.52;12.078;1013.454;-9.394;-14.762;1036.512;0;
1022057923;-80.52;12.078;1013.454;-9.028;-42.822;1031.022;0;
1022064734;-95.038;0.244;1013.576;-12.566;-63.684;1034.5601;0;
1022071197;-103.822;-14.03;1014.43;-12.566;-63.684;1034.5601;0;
1022076593;-103.822;-14.03;1014.43;-15.372;-79.666;1037.0;0;
1022083655;-114.924;-12.2;1013.82;-14.152;-95.038;1033.34;0;
1022089011;-143.106;-3.538;1013.21;-14.152;-95.038;1033.34;0;
1022095096;-143.106;-3.538;1013.21;-10.004;-103.212;1033.34;0;
1022101250;-179.584;0.488;1013.82;-10.004;-103.212;1033.34;0;
1022107333;-179.584;0.488;1013.82;-9.76;-106.628;1032.2421;0;
1022115616;-205.082;5.368;1016.26;-12.078;-108.458;1026.5081;0;
1022120919;-209.352;17.324;1014.918;-12.078;-108.458;1026.5081;0;
1022127077;-209.352;17.324;1014.918;-17.812;-103.212;1015.284;0;
1022134149;-190.686;10.736;1013.942;-21.35;-91.744;1010.648;0;
1022139415;-164.944;-16.104;1014.552;-21.35;-91.744;1010.648;0;
1022145589;-164.944;-16.104;1014.552;-19.276;-74.908;1008.452;0;
1022151743;-133.834;-19.52;1013.942;-19.276;-74.908;1008.452;0;
1022160190;-79.544;12.932;1015.284;-16.104;-51.606;1007.842;0;
1022165415;-79.544;12.932;1015.284;-20.74;-28.67;1010.77;0;
1022171388;-11.102;7.93;1013.576;-20.74;-28.67;1010.77;0;
1022177293;-11.102;7.93;1013.576;-22.326;-3.294;1013.698;0;
1022184014;51.362;-27.816;1014.186;-12.932;28.548;1030.5341;0;
1022189092;92.354;-19.276;1016.748;-12.932;28.548;1030.5341;0;
1022195004;92.354;-19.276;1016.748;-13.054;52.094;1038.952;0;
1022200901;104.432;-0.244;1013.942;-13.054;52.094;1038.952;0;
1022208191;104.432;-0.244;1013.942;-13.054;73.566;1036.756;0;
1022214224;107.848;-0.244;1004.304;-11.468;96.014;1040.538;0;
1022219319;130.174;-2.44;1007.842;-11.468;96.014;1040.538;0;
1022225226;130.174;-2.44;1007.842;-14.396;113.338;1047.248;0;
1022231214;169.702;-11.468;1012.966;-14.396;113.338;1047.248;0;
1022237295;169.702;-11.468;1012.966;-14.762;127.612;1050.542;0;
1022243363;203.984;-22.936;1009.794;-14.762;127.612;1050.542;0;
1022250357;227.652;-21.228;1012.6;-15.616;135.908;1047.614;0;
1022257006;227.652;-21.228;1012.6;-14.762;138.714;1045.906;0;
1022262303;232.776;-21.35;1011.99;-14.762;138.714;1045.906;0;
1022268381;232.776;-21.35;1011.99;-10.126;135.176;1038.5861;0;
1022275361;208.62;-17.568;1010.77;-5.49;126.27;1031.754;0;
1022280534;178.12;-4.636;1012.234;-5.49;126.27;1031.754;0;
1022286442;178.12;-4.636;1012.234;-5.49;114.314;1027.606;0;
1022292340;158.844;0.244;1012.234;-5.49;114.314;1027.606;0;
1022300452;137.128;-11.712;1012.112;-10.98;98.942;1020.774;0;
1022305665;137.128;-11.712;1012.112;-14.762;81.984;1017.602;0;
1022311639;96.014;-14.762;1013.088;-14.762;81.984;1017.602;0;
1022317547;96.014;-14.762;1013.088;-13.42;60.512;1019.676;0;
1022323443;27.816;-5.734;1013.088;-13.42;60.512;1019.676;0;
1022330170;-36.112;-3.416;1013.088;-5.368;41.358;1026.142;0;
1022335177;-36.112;-3.416;1013.088;-3.172;24.4;1027.118;0;
1022340987;-64.05;-2.196;1014.064;-3.172;24.4;1027.118;0;
1022348188;-64.05;-2.196;1014.064;-6.832;5.734;1025.776;0;
1022353134;-82.716;-8.296;1014.552;-6.832;5.734;1025.776;0;
1022359767;-106.018;-7.93;1014.186;-5.124;-8.662;1026.386;0;
1022365704;-106.018;-7.93;1014.186;-1.83;-20.252;1028.704;0;
1022370878;-142.374;0.244;1014.186;-1.83;-20.252;1028.704;0;
1022376785;-142.374;0.244;1014.186;-0.366;-29.158;1030.29;0;
1022382681;-185.684;2.44;1014.308;-0.366;-29.158;1030.29;0;
1022390876;-206.79;6.71;1015.65;1.83;-33.672;1030.29;0;
1022395913;-206.79;6.71;1015.65;3.66;-35.502;1025.776;0;
1022401714;-208.01;14.762;1014.064;3.66;-35.502;1025.776;0;
1022407621;-208.01;14.762;1014.064;-1.464;-32.208;1017.358;0;
1022413611;-191.906;10.614;1013.82;-1.464;-32.208;1017.358;0;
1022420511;-171.166;-10.004;1015.894;-4.88;-24.888;1013.454;0;
1022425782;-171.166;-10.004;1015.894;-4.148;-14.152;1012.844;0;
1022431848;-150.67;-17.324;1014.796;-4.148;-14.152;1012.844;0;
1022440215;-122.366;-2.074;1012.6;-5.978;-1.098;1013.942;0;
1022446185;-122.366;-2.074;1012.6;-8.296;15.616;1012.112;0;
1022451280;-68.564;9.76;1013.21;-8.296;15.616;1012.112;0;
1022457009;-68.564;9.76;1013.21;-5.124;40.26;1027.606;0;
1022462736;10.37;-8.54;1013.942;-5.124;40.26;1027.606;0;
1022469376;72.468;-25.01;1017.724;-3.294;54.778;1033.462;0;
1022476079;72.468;-25.01;1017.724;-7.808;65.026;1027.85;0;
1022481077;96.746;-11.712;1016.992;-7.808;65.026;1027.85;0;
1022489070;98.942;0.366;1009.794;-8.174;81.74;1037.1221;0;
1022496475;98.942;0.366;1009.794;-5.49;91.378;1039.196;0;
1022501298;109.922;-1.098;1011.014;-5.49;91.378;1039.196;0;
1022507122;109.922;-1.098;1011.014;-5.246;98.21;1039.562;0;
1022512930;143.472;-14.152;1011.38;-5.246;98.21;1039.562;0;
1022519748;185.196;-16.226;1010.282;-6.1;102.236;1040.538;0;
1022526626;185.196;-16.226;1010.282;-8.296;100.406;1038.342;0;
1022531795;221.308;-11.224;1012.112;-8.296;100.406;1038.342;0;
1022540216;237.046;-23.302;1010.16;-8.906;96.868;1033.828;0;
1022547040;237.046;-23.302;1010.16;-10.492;86.864;1026.63;0;
1022552223;231.8;-34.892;1010.892;-10.492;86.864;1026.63;0;
1022559123;201.056;-13.054;1011.868;-8.296;74.054;1025.166;0;
1022566760;201.056;-13.054;1011.868;-3.782;62.952;1034.316;0;
1022571844;166.042;11.834;1009.428;-3.782;62.952;1034.316;0;
1022577667;166.042;11.834;1009.428;-5.368;41.846;1021.506;0;
1022584800;150.304;8.784;1011.868;-5.368;41.846;1021.506;0;
1022590654;129.686;-8.662;1013.21;-6.1;19.276;1011.136;0;
1022597359;129.686;-8.662;1013.21;-7.686;-0.854;1012.966;0;
1022602351;97.966;-27.206;1014.064;-7.686;-0.854;1012.966;0;
1022609085;24.522;-18.3;1013.698;-6.222;-21.96;1028.2161;0;
1022617563;24.522;-18.3;1013.698;1.464;-43.676;1041.636;0;
1022622561;-54.412;3.782;1012.356;1.464;-43.676;1041.636;0;
1022629203;-86.254;5.368;1013.576;3.294;-63.928;1035.78;0;
1022638879;-100.894;-8.906;1013.82;-0.732;-76.616;1039.074;0;
1022647489;-100.894;-8.906;1013.82;-3.416;-86.01;1039.928;0;
1022652677;-115.29;-14.152;1013.454;-3.416;-86.01;1039.928;0;
1022659663;-136.396;-6.832;1014.552;-5.734;-92.354;1034.926;0;
1022667379;-136.396;-6.832;1014.552;-5.856;-92.476;1033.34;0;
1022672553;-166.774;-1.708;1014.552;-5.856;-92.476;1033.34;0;
1022679454;-195.078;2.44;1013.82;-8.052;-87.596;1031.144;0;
1022688450;-207.034;13.054;1013.942;-12.81;-78.812;1026.996;0;
1022698904;-194.712;14.518;1013.454;-19.52;-68.076;1019.31;0;
1022708478;-172.508;-9.516;1014.186;-22.936;-53.192;1013.942;0;
1022718894;-149.328;-21.594;1013.698;-23.668;-32.94;1012.478;0;
1022728553;-113.704;5.002;1006.744;-21.228;-7.198;1016.992;0;
1022738788;-48.312;16.47;1010.16;-23.668;15.982;1023.092;0;
1022749027;35.258;-18.788;1016.87;-27.816;39.162;1021.018;0;
1022758418;86.864;-28.548;1015.162;-21.594;65.148;1032.12;0;
1022768272;101.748;-1.342;1013.454;-15.128;84.302;1041.636;0;
1022778547;104.188;3.782;1010.892;-10.858;98.332;1038.22;0;
1022788695;115.046;-7.198;1011.38;-11.834;107.116;1037.0;0;
1022797256;149.572;-16.836;1011.258;-11.834;107.116;1037.0;0;
1022802524;149.572;-16.836;1011.258;-14.518;115.656;1040.538;0;
1022809513;190.442;-16.348;1011.99;-16.836;121.268;1041.27;0;
1022817334;224.114;-15.494;1012.966;-16.836;121.268;1041.27;0;
1022823924;224.114;-15.494;1012.966;-20.984;118.95;1036.634;0;
1022830137;238.022;-25.132;1012.356;-19.642;111.752;1032.73;0;
1022838857;226.432;-32.086;1012.478;-14.396;98.698;1027.85;0;
1022847429;194.956;-13.054;1012.844;-14.396;98.698;1027.85;0;
1022852610;194.956;-13.054;1012.844;-11.224;80.154;1023.458;0;
1022859508;164.822;5.734;1011.136;-10.736;62.464;1025.0441;0;
1022867046;149.206;3.782;1011.502;-10.736;62.464;1025.0441;0;
1022872049;149.206;3.782;1011.502;-14.274;41.602;1022.36;0;
1022880078;129.93;-2.806;1014.308;-19.398;14.396;1009.184;0;
1022887741;77.226;-24.4;1013.088;-19.398;14.396;1009.184;0;
1022892842;77.226;-24.4;1013.088;-16.836;-9.394;1025.166;0;
1022899648;-12.078;-9.76;1012.722;-8.052;-33.916;1043.222;0;
1022907280;-71.248;15.982;1014.918;-8.052;-33.916;1043.222;0;
1022912373;-71.248;15.982;1014.918;-4.514;-59.902;1036.39;0;
1022919177;-89.304;-0.244;1015.04;-6.222;-78.812;1033.462;0;
1022927651;-101.138;-16.47;1013.698;-6.222;-78.812;1033.462;0;
1022934240;-101.138;-16.47;1013.698;-7.93;-91.012;1034.438;0;
1022940453;-114.558;-11.224;1014.918;-5.978;-100.04;1033.828;0;
1022947503;-142.13;0.366;1015.284;-5.978;-100.04;1033.828;0;
1022952689;-142.13;0.366;1015.284;-4.27;-104.92;1034.438;0;
1022959579;-178.852;-2.562;1014.308;-2.684;-104.676;1032.974;0;
1022967388;-202.398;-0.732;1016.382;-2.684;-104.676;1032.974;0;
1022972661;-202.398;-0.732;1016.382;-3.538;-102.48;1020.53;0;
1022980950;-205.936;15.372;1014.796;-9.882;-92.232;1011.99;0;
1022987009;-190.442;18.178;1014.552;-9.882;-92.232;1011.99;0;
1022992194;-190.442;18.178;1014.552;-13.908;-75.762;1010.038;0;
1022998265;-161.406;-10.614;1015.65;-13.908;-75.762;1010.038;0;
1023004433;-161.406;-10.614;1015.65;-13.908;-54.656;1003.816;0;
1023011502;-127.734;-25.498;1014.064;-15.25;-29.036;1002.962;0;
1023016858;-89.182;0.488;1010.892;-15.25;-29.036;1002.962;0;
1023022760;-89.182;0.488;1010.892;-15.86;0.244;1009.794;0;
1023030717;-33.916;19.154;1011.868;-15.616;33.672;1020.042;0;
1023036686;31.72;-11.468;1015.772;-15.616;33.672;1020.042;0;
1023041788;31.72;-11.468;1015.772;-17.324;63.44;1029.314;0;
1023047680;77.104;-31.11;1014.674;-17.324;63.44;1029.314;0;
1023053590;77.104;-31.11;1014.674;-17.446;90.158;1037.0;0;
1023060393;101.992;-7.198;1015.04;-14.884;116.632;1045.906;0;
1023067265;117.73;1.464;1005.768;-14.884;116.632;1045.906;0;
1023073667;117.73;1.464;1005.768;-10.736;139.934;1045.296;0;
1023078790;135.908;-5.246;1007.11;-10.736;139.934;1045.296;0;
1023084781;135.908;-5.246;1007.11;-9.638;152.744;1052.494;0;
1023091588;166.164;-13.664;1011.868;-12.566;161.65;1051.152;0;
1023096850;198.738;-20.252;1009.184;-12.566;161.65;1051.152;0;
1023102937;198.738;-20.252;1009.184;-13.664;166.896;1048.224;0;
1023109006;220.576;-20.74;1012.6;-13.664;166.896;1048.224;0;
1023115091;220.576;-20.74;1012.6;-12.2;165.432;1045.418;0;
1023123387;224.236;-24.156;1011.136;-10.004;157.868;1033.7061;0;
1023128688;208.376;-23.668;1010.648;-10.004;157.868;1033.7061;0;
1023134769;208.376;-23.668;1010.648;-6.588;144.448;1029.314;0;
1023141659;177.876;-6.222;1011.502;-5.368;126.636;1024.8;0;
1023146743;153.354;4.758;1010.892;-5.368;126.636;1024.8;0;
1023152565;153.354;4.758;1010.892;-8.54;106.14;1019.676;0;
1023158370;139.324;-1.22;1010.648;-8.54;106.14;1019.676;0;
1023165602;139.324;-1.22;1010.648;-10.614;82.594;1011.38;0;
1023171628;117.974;-11.834;1011.38;-10.736;57.34;1009.428;0;
1023176810;59.048;-24.522;1011.746;-10.736;57.34;1009.428;0;
1023182713;59.048;-24.522;1011.746;-8.54;30.866;1021.628;0;
1023188526;-28.67;-6.344;1013.576;-8.54;30.866;1021.628;0;
1023194348;-28.67;-6.344;1013.576;-3.904;0.366;1026.752;0;
1023200067;-82.472;12.322;1013.088;-3.904;0.366;1026.752;0;
1023205802;-82.472;12.322;1013.088;-1.464;-23.302;1029.314;0;
1023213929;-101.138;-4.026;1012.844;-1.708;-42.212;1036.8781;0;
1023219138;-109.556;-16.104;1015.528;-1.708;-42.212;1036.8781;0;
1023225216;-109.556;-16.104;1015.528;-0.732;-59.902;1035.17;0;
1023232199;-122.0;-9.394;1015.528;-0.976;-74.908;1032.12;0;
1023237369;-153.476;-1.708;1014.308;-0.976;-74.908;1032.12;0;
1023243370;-153.476;-1.708;1014.308;0.244;-83.692;1031.998;0;
1023249263;-186.416;-0.122;1013.698;0.244;-83.692;1031.998;0;
1023255169;-186.416;-0.122;1013.698;3.172;-85.156;1030.168;0;
1023263289;-205.082;4.758;1015.528;1.586;-81.618;1027.728;0;
1023268319;-205.082;17.69;1013.942;1.586;-81.618;1027.728;0;
1023274225;-205.082;17.69;1013.942;-3.904;-75.518;1021.14;0;
1023280200;-186.904;5.856;1013.698;-3.904;-75.518;1021.14;0;
1023287018;-163.602;-21.106;1015.406;-6.344;-66.368;1013.21;0;
1023292290;-163.602;-21.106;1015.406;-7.32;-49.288;1010.892;0;
1023298356;-132.492;-15.616;1012.844;-7.32;-49.288;1010.892;0;
1023305640;-132.492;-15.616;1012.844;-6.1;-23.424;1017.114;0;
1023310981;-74.054;14.396;1017.968;-6.1;-23.424;1017.114;0;
1023317751;2.44;2.806;1017.724;-8.052;0.122;1027.118;0;
1023322403;2.44;2.806;1017.724;-14.64;21.106;1025.532;0;
1023328038;65.026;-31.842;1011.746;-14.64;21.106;1025.532;0;
1023333946;65.026;-31.842;1011.746;-14.518;44.286;1028.338;0;
1023339847;97.478;-20.13;1014.064;-14.518;44.286;1028.338;0;
1023345756;97.478;-20.13;1014.064;-10.98;65.88;1039.196;0;
1023357941;109.19;4.27;1009.062;-6.1;83.692;1039.806;0;
1023362893;109.19;4.27;1009.062;-5.368;95.404;1038.464;0;
1023368608;133.224;-11.956;1010.404;-5.368;95.404;1038.464;0;
1023374518;133.224;-11.956;1010.404;-8.662;106.872;1041.1481;0;
1023380500;174.338;-19.52;1011.136;-8.662;106.872;1041.1481;0;
1023387405;211.67;-14.152;1009.062;-11.346;115.046;1041.88;0;
1023392678;211.67;-14.152;1009.062;-14.64;116.876;1036.634;0;
1023400064;233.63;-18.91;1011.99;-14.64;116.876;1036.634;0;
1023405373;233.63;-18.91;1011.99;-16.226;114.802;1032.73;0;
1023411430;232.166;-28.914;1012.356;-16.226;114.802;1032.73;0;
1023418418;204.35;-20.984;1009.794;-13.054;107.116;1027.728;0;
1023423688;204.35;-20.984;1009.794;-7.442;94.428;1023.824;0;
1023429582;169.58;-0.244;1011.502;-7.442;94.428;1023.824;0;
1023435402;169.58;-0.244;1011.502;-6.954;79.91;1022.238;0;
1023441206;151.646;5.856;1012.234;-6.954;79.91;1022.238;0;
1023449177;135.298;-1.464;1011.624;-11.59;62.708;1019.066;0;
1023454307;135.298;-1.464;1011.624;-16.47;38.064;1007.842;0;
1023460192;107.848;-19.764;1013.942;-16.47;38.064;1007.842;0;
1023467095;35.258;-25.254;1015.406;-15.128;18.056;1023.824;0;
1023473881;35.258;-25.254;1015.406;-7.808;-4.636;1043.71;0;
1023478880;-48.068;1.83;1013.454;-7.808;-4.636;1043.71;0;
1023484617;-48.068;1.83;1013.454;-4.148;-31.72;1037.366;0;
1023490427;-87.108;9.638;1012.356;-4.148;-31.72;1037.366;0;
1023498469;-104.188;-8.784;1012.478;-5.124;-49.41;1037.0;0;
1023503680;-104.188;-8.784;1012.478;-7.808;-65.026;1032.2421;0;
1023509662;-114.192;-14.518;1013.332;-7.808;-65.026;1032.2421;0;
1023516650;-131.028;-5.368;1015.162;-6.954;-74.908;1032.8521;0;
1023523525;-131.028;-5.368;1015.162;-5.368;-79.91;1038.952;0;
1023528698;-159.576;-0.61;1014.918;-5.368;-79.91;1038.952;0;
1023534697;-159.576;-0.61;1014.918;-9.028;-84.302;1036.2681;0;
1023541997;-188.978;-0.366;1013.698;-9.028;-84.302;1036.2681;0;
1023548115;-203.984;7.442;1013.942;-11.834;-84.058;1028.948;0;
1023554146;-203.984;7.442;1013.942;-17.446;-76.738;1022.238;0;
1023559319;-199.226;19.52;1014.796;-17.446;-76.738;1022.238;0;
1023566308;-180.682;2.806;1015.894;-21.716;-65.148;1018.7;0;
1023574030;-180.682;2.806;1015.894;-21.35;-51.606;1013.698;0;
1023579204;-155.672;-23.058;1015.04;-21.35;-51.606;1013.698;0;
1023586283;-119.438;-6.832;1010.526;-22.57;-32.086;1017.114;0;
1023594564;-119.438;-6.832;1010.526;-28.304;-17.202;1011.38;0;
1023599856;-53.558;20.252;1013.942;-28.304;-17.202;1011.38;0;
1023606754;26.962;-9.028;1015.894;-24.522;6.222;1014.674;0;
1023614212;26.962;-9.028;1015.894;-14.762;35.868;1035.048;0;
1023619219;79.178;-35.014;1012.722;-14.762;35.868;1035.048;0;
1023625127;79.178;-35.014;1012.722;-14.03;51.85;1033.95;0;
1023631026;101.016;-8.296;1013.088;-14.03;51.85;1033.95;0;
1023639166;106.872;7.32;1011.014;-13.176;65.148;1031.754;0;
1023645056;106.872;7.32;1011.014;-10.858;79.178;1036.512;0;
1023650057;115.046;-2.318;1010.282;-10.858;79.178;1036.512;0;
1023656873;145.302;-16.592;1010.16;-9.76;92.598;1042.368;0;
1023664507;145.302;-16.592;1010.16;-10.858;99.918;1042.6121;0;
1023669685;186.172;-15.006;1011.258;-10.858;99.918;1042.6121;0;
1023676586;220.454;-12.444;1013.332;-13.176;101.87;1040.66;0;
1023686153;236.802;-24.034;1012.356;-13.42;98.942;1038.708;0;
1023696099;230.458;-32.452;1010.77;-13.42;91.134;1031.3881;0;
1023704712;230.458;-32.452;1010.77;-11.468;79.544;1028.2161;0;
1023709894;201.178;-11.59;1011.746;-11.468;79.544;1028.2161;0;
1023716795;171.288;9.028;1011.38;-9.638;65.636;1026.386;0;
1023726004;154.452;4.88;1009.55;-11.59;50.63;1023.824;0;
1023736151;129.93;-8.784;1009.794;-15.738;32.208;1023.458;0;
1023746383;84.79;-20.74;1013.332;-16.592;9.76;1018.578;0;
1023756532;-0.854;-5.124;1015.65;-6.832;-11.102;1023.214;0;
1023766356;-66.856;11.468;1014.064;-0.854;-29.768;1029.436;0;
1023775778;-82.106;0.732;1013.576;-4.636;-45.384;1032.12;0;
1023785933;-94.306;-14.64;1014.308;-5.734;-56.242;1032.608;0;
1023796262;-113.094;-10.492;1015.04;-3.172;-63.928;1031.632;0;
1023805832;-143.716;0.488;1014.43;-4.026;-68.808;1032.486;0;
1023816065;-179.95;0.122;1015.406;-3.416;-70.76;1028.2161;0;
1023826300;-204.35;1.342;1016.626;-3.538;-67.832;1021.018;0;
1023836163;-208.376;13.908;1013.698;-9.516;-58.072;1017.724;0;
1023845673;-190.564;16.592;1014.552;-12.81;-45.872;1013.332;0;
1023856094;-163.48;-9.638;1014.918;-11.468;-29.402;1006.378;0;
1023864754;-133.102;-22.57;1014.308;-11.468;-29.402;1006.378;0;
1023870117;-133.102;-22.57;1014.308;-11.59;-7.686;1008.696;0;
1023877100;-93.086;4.514;1011.258;-8.662;17.446;1013.82;0;
1023884550;-36.234;17.69;1012.844;-8.662;17.446;1013.82;0;
1023889552;-36.234;17.69;1012.844;-10.614;44.652;1022.116;0;
1023897682;31.11;-16.714;1016.87;-16.348;66.978;1026.874;0;
1023904492;77.958;-28.548;1012.844;-16.348;66.978;1026.874;0;
1023909588;77.958;-28.548;1012.844;-14.64;91.012;1033.7061;0;
1023916397;99.796;-1.464;1012.356;-12.81;112.362;1042.6121;0;
1023924875;110.654;6.344;1010.526;-12.81;112.362;1042.6121;0;
1023929964;110.654;6.344;1010.526;-9.638;126.758;1042.246;0;
1023936688;127.246;-10.004;1009.794;-9.394;137.86;1046.272;0;
1023944867;163.48;-19.52;1010.77;-9.394;137.86;1046.272;0;
1023950085;163.48;-19.52;1010.77;-11.59;144.204;1047.37;0;
1023957065;196.176;-13.298;1010.404;-12.322;145.79;1045.418;0;
1023964877;218.746;-16.714;1010.892;-12.322;145.79;1045.418;0;
1023970153;218.746;-16.714;1010.892;-12.81;142.74;1042.368;0;
1023977132;228.994;-25.376;1011.014;-12.078;132.492;1032.8521;0;
1023984935;214.842;-25.01;1010.77;-12.078;132.492;1032.8521;0;
1023990205;214.842;-25.01;1010.77;-9.516;118.462;1027.728;0;
1023998417;182.878;-5.734;1011.624;-5.734;100.528;1025.288;0;
1024004386;157.38;8.418;1012.112;-5.734;100.528;1025.288;0;
1024009398;157.38;8.418;1012.112;-6.222;80.642;1021.018;0;
1024015114;144.326;2.684;1011.38;-6.222;80.642;1021.018;0;
1024020848;144.326;2.684;1011.38;-9.76;60.146;1020.164;0;
1024027484;125.66;-6.588;1013.088;-12.932;31.598;1007.232;0;
1024034263;74.786;-27.328;1010.16;-12.932;31.598;1007.232;0;
1024039356;74.786;-27.328;1010.16;-9.882;8.418;1022.116;0;
1024047303;-13.908;-11.102;1010.282;-0.976;-17.202;1039.4401;0;
1024054213;-76.128;14.03;1013.088;-0.976;-17.202;1039.4401;0;
1024059309;-76.128;14.03;1013.088;2.196;-44.896;1033.0961;0;
1024065118;-97.356;-2.318;1013.21;2.196;-44.896;1033.0961;0;
1024070938;-97.356;-2.318;1013.21;1.464;-63.684;1033.218;0;
1024077662;-109.19;-15.86;1015.528;-0.122;-78.934;1032.8521;0;
1024084618;-120.17;-9.516;1015.406;-0.122;-78.934;1032.8521;0;
1024091111;-120.17;-9.516;1015.406;0.0;-88.45;1032.12;0;
1024096234;-146.156;-0.122;1013.942;0.0;-88.45;1032.12;0;
1024102132;-146.156;-0.122;1013.942;5.612;-92.964;1031.144;0;
1024108940;-178.364;-2.196;1013.576;5.49;-93.208;1031.876;0;
1024114036;-199.836;-0.488;1016.992;5.49;-93.208;1031.876;0;
1024119937;-199.836;-0.488;1016.992;1.586;-89.548;1025.532;0;
1024125834;-204.594;16.104;1014.674;1.586;-89.548;1025.532;0;
1024131743;-204.594;16.104;1014.674;-4.27;-79.91;1016.382;0;
1024139888;-189.588;13.42;1013.332;-9.76;-64.66;1013.942;0;
1024145112;-164.7;-17.08;1014.796;-9.76;-64.66;1013.942;0;
1024151187;-164.7;-17.08;1014.796;-11.224;-45.506;1010.404;0;
1024158257;-133.224;-24.278;1013.698;-12.688;-20.618;1012.6;0;
1024164457;-83.082;11.59;1013.942;-12.688;-20.618;1012.6;0;
1024169643;-83.082;11.59;1013.942;-18.178;-0.61;1011.136;0;
1024175531;-16.104;13.054;1012.844;-18.178;-0.61;1011.136;0;
1024182956;-16.104;13.054;1012.844;-16.958;27.206;1013.454;0;
1024188993;50.874;-24.888;1014.186;-11.712;61.244;1035.78;0;
1024194081;92.11;-19.886;1016.016;-11.712;61.244;1035.78;0;
1024199992;92.11;-19.886;1016.016;-12.322;81.374;1038.342;0;
1024205886;104.554;0.244;1012.722;-12.322;81.374;1038.342;0;
1024211705;104.554;0.244;1012.722;-10.614;97.234;1034.804;0;
1024218430;109.068;-1.83;1009.672;-9.516;112.24;1040.2941;0;
1024224359;131.882;-10.004;1010.526;-9.516;112.24;1040.2941;0;
1024230867;131.882;-10.004;1010.526;-10.736;125.904;1042.49;0;
1024236165;172.63;-15.738;1010.648;-10.736;125.904;1042.49;0;
1024242239;172.63;-15.738;1010.648;-12.322;133.834;1041.636;0;
1024249221;205.936;-14.03;1010.526;-14.396;135.176;1037.1221;0;
1024254485;227.408;-18.91;1010.77;-14.396;135.176;1037.1221;0;
1024260569;227.408;-18.91;1010.77;-13.786;131.028;1031.998;0;
1024266636;230.458;-27.45;1011.38;-13.786;131.028;1031.998;0;
1024274995;209.108;-23.302;1011.258;-12.078;121.39;1026.02;0;
1024280312;209.108;-23.302;1011.258;-10.37;106.75;1021.628;0;
1024286373;175.802;-5.124;1011.502;-10.37;106.75;1021.628;0;
1024292366;175.802;-5.124;1011.502;-8.418;90.89;1024.556;0;
1024299080;152.866;5.612;1011.868;-12.444;70.15;1018.7;0;
1024304076;136.884;-2.196;1011.99;-12.444;70.15;1018.7;0;
1024309985;136.884;-2.196;1011.99;-14.518;44.652;1010.892;0;
1024315882;112.484;-9.272;1014.552;-14.518;44.652;1010.892;0;
1024323107;112.484;-9.272;1014.552;-13.298;15.616;1006.378;0;
1024329143;51.606;-20.74;1014.308;-11.468;-12.444;1018.578;0;
1024334318;-31.72;-8.662;1012.112;-11.468;-12.444;1018.578;0;
1024340318;-31.72;-8.662;1012.112;-6.832;-37.454;1032.8521;0;
1024346209;-81.13;10.126;1012.966;-6.832;-37.454;1032.8521;0;
1024352123;-81.13;10.126;1012.966;-4.148;-59.658;1036.024;0;
1024358016;-103.7;-2.806;1013.82;-4.148;-59.658;1036.024;0;
1024364920;-116.51;-12.566;1015.04;-5.246;-77.47;1039.684;0;
1024371506;-116.51;-12.566;1015.04;-6.71;-90.89;1042.246;0;
1024376810;-130.418;-8.418;1014.918;-6.71;-90.89;1042.246;0;
1024382799;-130.418;-8.418;1014.918;-9.516;-101.626;1040.2941;0;
1024389779;-157.258;-3.904;1013.21;-11.346;-107.97;1034.438;0;
1024395131;-180.926;-0.122;1013.82;-11.346;-107.97;1034.438;0;
1024401303;-180.926;-0.122;1013.82;-11.102;-105.896;1032.2421;0;
1024407456;-197.518;7.076;1015.162;-11.102;-105.896;1032.2421;0;
1024415777;-198.738;15.738;1014.186;-14.396;-98.454;1026.5081;0;
1024421091;-198.738;15.738;1014.186;-19.276;-89.426;1018.212;0;
1024427157;-179.95;0.976;1015.162;-19.276;-89.426;1018.212;0;
1024434056;-157.502;-20.496;1015.406;-20.618;-75.884;1012.722;0;
1024440267;-157.502;-20.496;1015.406;-21.106;-56.73;1010.892;0;
1024445623;-128.71;-10.37;1011.014;-21.106;-56.73;1010.892;0;
1024451792;-128.71;-10.37;1011.014;-18.422;-29.646;1013.332;0;
1024460169;-71.736;13.298;1013.332;-18.3;-0.244;1030.168;0;
1024465298;6.71;-4.758;1014.186;-18.3;-0.244;1030.168;0;
1024471021;6.71;-4.758;1014.186;-22.692;20.008;1030.168;0;
1024476740;70.028;-31.354;1010.404;-22.692;20.008;1030.168;0;
1024482651;70.028;-31.354;1010.404;-19.398;41.846;1023.946;0;
1024488549;101.382;-15.494;1015.528;-19.398;41.846;1023.946;0;
1024495451;107.97;-0.976;1015.528;-11.834;67.71;1036.39;0;
1024500537;107.97;-0.976;1015.528;-6.222;88.45;1042.978;0;
1024507667;111.142;-1.83;1009.428;-6.222;88.45;1042.978;0;
1024512710;111.142;-1.83;1009.428;-6.588;102.236;1042.6121;0;
1024518595;137.982;-8.54;1009.55;-6.588;102.236;1042.6121;0;
1024525412;179.828;-16.104;1011.624;-8.906;112.972;1044.076;0;
1024530596;179.828;-16.104;1011.624;-11.712;121.512;1046.76;0;
1024536667;215.574;-14.64;1011.014;-11.712;121.512;1046.76;0;
1024542752;215.574;-14.64;1011.014;-17.812;123.464;1043.222;0;
1024548824;234.24;-18.91;1011.746;-17.812;123.464;1043.222;0;
1024557123;228.506;-32.33;1011.868;-19.154;119.56;1034.438;0;
1024562427;228.506;-32.33;1011.868;-16.104;111.508;1032.12;0;
1024568494;202.398;-21.594;1011.746;-16.104;111.508;1032.12;0;
1024575483;173.606;0.122;1013.088;-13.664;98.088;1028.704;0;
1024581329;173.606;0.122;1013.088;-12.688;82.35;1022.36;0;
1024586325;153.842;4.392;1011.99;-12.688;82.35;1022.36;0;
1024592142;153.842;4.392;1011.99;-17.08;63.44;1019.676;0;
1024599265;127.978;-9.028;1011.502;-17.08;63.44;1019.676;0;
1024605300;84.18;-16.104;1014.064;-18.788;42.09;1016.992;0;
1024611246;84.18;-16.104;1014.064;-15.372;20.008;1025.166;0;
1024616333;5.002;-6.71;1014.186;-15.372;20.008;1025.166;0;
1024622072;5.002;-6.71;1014.186;-10.614;-3.05;1029.6801;0;
1024627793;-59.292;3.172;1012.844;-10.614;-3.05;1029.6801;0;
1024634524;-78.812;0.488;1014.186;-7.564;-21.594;1029.558;0;
1024642068;-78.812;0.488;1014.186;-5.978;-35.99;1033.0961;0;
1024648377;-95.16;-12.932;1013.942;-5.978;-35.99;1033.0961;0;
1024654504;-116.51;-10.98;1014.064;-2.928;-49.044;1032.974;0;
1024661482;-116.51;-10.98;1014.064;-2.318;-59.536;1031.632;0;
1024666747;-146.4;-1.342;1014.43;-2.318;-59.536;1031.632;0;
1024673653;-181.292;-0.122;1015.04;1.464;-64.904;1030.412;0;
1024682134;-181.292;-0.122;1015.04;0.976;-65.392;1026.63;0;
1024687222;-203.862;3.416;1016.26;0.976;-65.392;1026.63;0;
1024693951;-208.498;11.956;1013.21;-4.026;-61.976;1023.092;0;
1024702154;-208.498;11.956;1013.21;-7.686;-55.51;1014.796;0;
1024707358;-191.052;9.76;1012.722;-7.686;-55.51;1014.796;0;
1024714172;-167.14;-10.492;1014.674;-8.54;-43.188;1010.404;0;
