2699438555;34.282;-65.758;1013.21;-14.884;311.344;1002.474;0;
2699443772;56.608;-58.804;1012.234;-14.884;311.344;1002.474;0;
2699449758;56.608;-58.804;1012.234;-14.03;244.366;989.176;0;
2699456563;124.196;-50.63;1013.942;-15.738;178.974;982.222;0;
2699461736;158.356;-72.712;1007.964;-15.738;178.974;982.222;0;
2699467730;158.356;-72.712;1007.964;-10.736;128.954;980.148;0;
2699473714;149.572;-70.15;1006.866;-10.736;128.954;980.148;0;
2699479713;149.572;-70.15;1006.866;-10.98;81.496;981.124;0;
2699487837;149.938;-54.412;1008.086;-18.422;38.064;983.686;0;
2699492956;162.992;-63.44;1005.402;-18.422;38.064;983.686;0;
2699498861;162.992;-63.44;1005.402;-22.814;-4.27;980.636;0;
2699505668;187.514;-76.86;1003.45;-22.57;-40.26;979.294;0;
2699510845;202.154;-78.446;1004.426;-22.57;-40.26;979.294;0;
2699516842;202.154;-78.446;1004.426;-15.006;-74.42;978.928;0;
2699522823;203.374;-62.952;1005.402;-15.006;-74.42;978.928;0;
2699530136;203.374;-62.952;1005.402;-0.366;-101.748;987.102;0;
2699536257;200.934;-65.27;1003.694;20.618;-124.074;996.618;0;
2699541433;205.326;-71.492;1003.084;20.618;-124.074;996.618;0;
2699547429;205.326;-71.492;1003.084;40.016;-156.16;992.714;0;
2699553411;218.624;-64.538;1004.426;40.016;-156.16;992.714;0;
2699559407;218.624;-64.538;1004.426;48.19;-187.636;994.91;0;
2699566303;230.458;-72.224;1003.45;52.582;-213.378;998.57;0;
2699571481;239.486;-74.42;1003.816;52.582;-213.378;998.57;0;
2699578789;239.486;-74.42;1003.816;53.192;-232.166;1007.232;0;
2699584082;237.29;-69.906;1002.108;53.192;-232.166;1007.232;0;
2699591066;219.722;-67.954;999.058;52.46;-249.856;1021.262;0;
2699596250;219.722;-67.954;999.058;56.242;-275.598;1030.412;0;
2699602234;199.348;-64.05;1002.962;56.242;-275.598;1030.412;0;
2699608315;199.348;-64.05;1002.962;51.972;-311.832;1038.708;0;
2699614387;181.414;-72.102;1003.938;51.972;-311.832;1038.708;0;
2699622688;174.46;-70.76;1005.158;32.086;-344.284;1052.494;0;
2699627992;174.46;-70.76;1005.158;26.962;-376.98;1060.79;0;
2699634055;174.826;-63.562;1006.744;26.962;-376.98;1060.79;0;
2699641046;169.946;-71.858;1005.646;34.038;-412.116;1069.33;0;
2699647184;169.946;-71.858;1005.646;36.234;-447.008;1077.87;0;
2699652451;151.158;-74.42;1004.182;36.234;-447.008;1077.87;0;
2699658534;151.158;-74.42;1004.182;46.36;-486.414;1081.1641;0;
2699664599;128.222;-62.586;1006.866;46.36;-486.414;1081.1641;0;
2699672911;111.142;-65.026;1008.818;61.122;-523.746;1087.996;0;
2699678230;111.142;-65.026;1008.818;72.956;-554.978;1084.58;0;
2699684292;100.528;-74.542;1008.208;72.956;-554.978;1084.58;0;
2699691282;95.526;-68.198;1008.086;81.74;-577.914;1068.964;0;
2699697307;95.526;-68.198;1008.086;86.742;-590.846;1041.7581;0;
2699702478;84.668;-61.0;1007.72;86.742;-590.846;1041.7581;0;
2699708471;84.668;-61.0;1007.72;85.888;-578.646;1028.704;0;
2699715774;66.124;-65.88;1009.184;85.888;-578.646;1028.704;0;
2699721897;47.824;-71.126;1009.306;80.52;-540.704;1017.48;0;
2699727934;47.824;-71.126;1009.306;73.81;-488.0;990.03;0;
2699733016;30.744;-66.856;1010.282;73.81;-488.0;990.03;0;
2699738926;30.744;-66.856;1010.282;62.098;-421.266;963.434;0;
2699744824;2.562;-65.636;1012.722;62.098;-421.266;963.434;0;
2699751552;-27.572;-66.734;1014.43;46.238;-339.282;946.476;0;
2699757587;-27.572;-66.734;1014.43;32.452;-246.44;937.692;0;
2699764080;-31.232;-65.636;1016.26;32.452;-246.44;937.692;0;
2699769305;-31.232;-65.636;1016.26;24.278;-152.012;935.374;0;
2699775282;-28.182;-66.612;1017.236;24.278;-152.012;935.374;0;
2699782180;-52.826;-74.908;1017.236;25.498;-69.296;936.106;0;
2699788121;-52.826;-74.908;1017.236;25.132;5.612;933.666;0;
2699793036;-95.282;-69.662;1018.212;25.132;5.612;933.666;0;
2699798767;-95.282;-69.662;1018.212;18.91;80.886;931.958;0;
2699805889;-125.782;-45.75;1018.09;18.91;80.886;931.958;0;
2699811929;-121.512;-26.352;1020.408;11.346;150.426;937.692;0;
2699817961;-121.512;-26.352;1020.408;0.61;214.72;958.676;0;
2699823049;-93.818;-46.482;1020.164;0.61;214.72;958.676;0;
2699828866;-93.818;-46.482;1020.164;-13.42;271.328;987.102;0;
2699834855;-72.346;-68.686;1017.602;-13.42;271.328;987.102;0;
2699841759;-72.712;-63.684;1018.578;-30.744;329.156;1011.99;0;
2699848729;-72.712;-63.684;1018.578;-39.162;376.004;1024.922;0;
2699855316;-93.818;-60.146;1017.602;-39.162;376.004;1024.922;0;
2699861530;-116.632;-50.386;1020.896;-40.138;411.994;1032.2421;0;
2699868592;-116.632;-50.386;1020.896;-42.456;452.132;1039.562;0;
2699873955;-121.756;-49.776;1022.238;-42.456;452.132;1039.562;0;
2699881035;-105.164;-53.314;1020.286;-43.432;488.854;1057.13;0;
2699888941;-105.164;-53.314;1020.286;-48.8;530.578;1084.214;0;
2699894298;-77.714;-58.682;1017.846;-48.8;530.578;1084.214;0;
2699902597;-54.29;-62.586;1017.114;-55.998;569.252;1101.66;0;
2699908754;-54.29;-62.586;1017.114;-63.928;603.656;1109.834;0;
2699914027;-44.286;-58.926;1018.212;-63.928;603.656;1109.834;0;
2699921016;-45.384;-53.924;1015.894;-74.908;637.328;1112.762;0;
2699928835;-45.384;-53.924;1015.894;-85.156;667.096;1108.248;0;
2699934099;-46.482;-56.12;1016.016;-85.156;667.096;1108.248;0;
2699941094;-40.748;-59.78;1015.284;-93.818;696.864;1101.05;0;
2699948907;-40.748;-59.78;1015.284;-97.356;721.02;1091.412;0;
2699955369;-30.866;-58.194;1011.014;-97.356;721.02;1091.412;0;
2699961580;-14.884;-53.924;1012.478;-98.698;731.878;1075.064;0;
2699970309;-0.488;-50.02;1011.99;-98.698;727.852;1050.542;0;
2699978890;-0.488;-50.02;1011.99;-94.184;710.772;1025.532;0;
2699984066;1.098;-47.214;1001.864;-94.184;710.772;1025.532;0;
2699990881;23.18;-53.924;1002.474;-92.232;669.414;985.15;0;
2700000271;57.462;-61.976;1008.574;-71.736;609.878;963.8;0;
2700010256;109.8;-50.63;1005.036;-47.458;539.362;935.252;0;
2700020625;149.694;-57.706;1008.086;-26.718;450.912;898.53;0;
2700030108;143.106;-66.612;1009.55;7.442;358.558;889.99;0;
2700040259;142.008;-52.216;1006.744;43.432;267.424;887.306;0;
2700050500;151.036;-56.73;1006.5;74.786;170.312;891.576;0;
2700059892;179.218;-69.174;1005.402;90.89;79.422;894.992;0;
2700070043;209.718;-74.542;1001.62;100.04;-13.176;900.482;0;
2700080371;221.308;-74.054;1002.352;102.724;-109.678;919.27;0;
2700090420;215.208;-66.856;1008.208;91.5;-185.196;944.768;0;
2700099939;198.25;-71.248;1006.5;65.636;-254.004;968.802;0;
2700110270;192.882;-75.518;1005.89;47.458;-327.326;1001.62;0;
2700118934;162.87;-68.564;1006.256;47.458;-327.326;0;-66.246;1010.404;0.0;-68.5;17.69;1024.434;0;
2693368983;51.118;-66.246;1010.404;-8.906;17.69;1024.434;0;
2693374805;51.118;-66.246;1010.404;-9.028;18.056;1024.434;0;
2693380610;50.996;-66.124;1010.404;-9.028;18.056;1024.434;0;
2693387338;50.996;-66.002;1010.404;-9.028;18.422;1024.434;0;
2693392341;50.996;-66.002;1010.404;-9.028;18.788;1024.434;0;
2693398152;50.996;-66.124;1010.404;-9.028;18.788;1024.434;0;
2693406198;51.118;-66.246;1010.404;-9.15;19.032;1024.434;0;
2693412939;51.118;-66.246;1010.404;-9.15;19.398;1024.434;0;
2693417948;51.118;-66.368;1010.404;-9.15;19.398;1024.434;0;
2693423768;51.118;-66.368;1010.404;-9.15;19.52;1024.434;0;
2693429578;51.118;-66.49;1010.404;-9.15;19.52;1024.434;0;
2693436308;51.118;-66.612;1010.404;-9.15;19.764;1024.434;0;
2693443012;51.118;-66.612;1010.404;-9.15;20.008;1024.434;0;
2693449202;50.996;-66.612;1010.404;-9.15;20.008;1024.434;0;
2693454250;50.996;-66.612;1010.404;-9.15;20.13;1024.434;0;
2693460050;50.996;-66.612;1010.404;-9.15;20.13;1024.434;0;
2693466778;50.996;-66.49;1010.404;-9.15;20.13;1024.434;0;
2693472634;50.996;-66.49;1010.404;-9.028;20.252;1024.434;0;
2693477630;51.118;-66.368;1010.526;-9.028;20.252;1024.434;0;
2693483453;51.118;-66.368;1010.526;-9.028;20.252;1024.434;0;
2693489262;51.118;-66.246;1010.526;-9.028;20.252;1024.434;0;
2693501346;51.118;-66.124;1010.404;-9.028;20.252;1024.434;0;
2693507295;51.118;-66.124;1010.404;-9.028;20.13;1024.434;0;
2693513157;51.118;-66.124;1010.404;-9.028;20.008;1024.434;0;
2693518152;51.118;-66.124;1010.404;-9.028;20.008;1024.434;0;
2693523971;51.118;-66.124;1010.404;-9.028;19.764;1024.434;0;
2693529782;50.996;-66.124;1010.404;-9.028;19.764;1024.434;0;
2693536513;50.996;-66.246;1010.404;-9.028;19.642;1024.434;0;
2693543216;50.996;-66.246;1010.404;-9.028;19.398;1024.434;0;
2693549536;50.996;-66.368;1010.404;-9.028;19.398;1024.434;0;
2693554576;50.996;-66.368;1010.404;-9.028;19.032;1024.434;0;
2693560376;50.996;-66.368;1010.282;-9.028;19.032;1024.434;0;
2693567105;50.996;-66.49;1010.282;-9.028;18.788;1024.434;0;
2693573803;50.996;-66.49;1010.282;-9.028;18.422;1024.434;0;
2693578799;50.996;-66.49;1010.404;-9.028;18.422;1024.434;0;
2693584622;50.996;-66.49;1010.404;-8.906;18.056;1024.434;0;
2693590433;51.118;-66.368;1010.404;-8.906;18.056;1024.434;0;
2693598483;51.118;-66.246;1010.282;-8.906;17.812;1024.434;0;
2693604372;51.118;-66.246;1010.282;-8.906;17.446;1024.434;0;
2693609376;51.118;-66.246;1010.282;-8.906;17.446;1024.434;0;
2693616103;51.24;-66.124;1010.404;-8.906;17.08;1024.434;0;
2693624500;51.24;-66.124;1010.404;-8.906;16.836;1024.312;0;
2693629497;51.24;-66.124;1010.404;-8.906;16.836;1024.312;0;
2693636226;51.118;-66.124;1010.404;-8.906;16.47;1024.312;0;
2693644239;51.118;-66.124;1010.404;-8.906;16.226;1024.1901;0;
2693649267;51.118;-66.124;1010.404;-8.906;16.226;1024.1901;0;
2693655993;51.118;-66.246;1010.404;-8.906;15.982;1024.1901;0;
2693664388;51.118;-66.246;1010.404;-8.906;15.738;1024.1901;0;
2693669389;50.996;-66.368;1010.282;-8.906;15.738;1024.1901;0;
2693676115;51.118;-66.49;1010.282;-9.028;15.494;1024.1901;0;
2693685419;51.118;-66.49;1010.282;-9.028;15.372;1024.1901;0;
2693695569;51.118;-66.612;1010.404;-9.028;15.128;1024.1901;0;
2693705340;51.118;-66.612;1010.404;-9.15;15.006;1024.1901;0;
2693715532;51.118;-66.612;1010.404;-9.272;14.884;1024.1901;0;
2693725691;50.996;-66.612;1010.404;-9.272;14.762;1024.312;0;
2693735850;50.996;-66.49;1010.404;-9.394;14.64;1024.1901;0;
2693746003;51.118;-66.49;1010.404;-9.394;14.64;1024.1901;0;
2693755322;51.118;-66.368;1010.404;-9.516;14.64;1024.1901;0;
2693765475;51.118;-66.368;1010.404;-9.638;14.64;1024.1901;0;
2693775628;51.24;-66.368;1010.404;-9.638;14.64;1024.1901;0;
2693785412;51.118;-66.368;1010.526;-9.76;14.64;1024.1901;0;
2693795604;50.996;-66.368;1010.526;-9.76;14.64;1024.312;0;
2693805763;50.874;-66.49;1010.526;-9.882;14.64;1024.312;0;
2693815070;50.874;-66.49;1010.526;-9.882;14.64;1024.312;0;
2693825219;50.996;-66.612;1010.404;-9.882;14.762;1024.1901;0;
2693835366;50.996;-66.612;1010.404;-10.004;14.762;1024.1901;0;
2693845607;51.118;-66.612;1010.404;-10.004;14.762;1024.1901;0;
2693854082;51.118;-66.612;1010.404;-10.004;14.762;1024.1901;0;
2693860490;51.118;-66.612;1010.404;-10.004;14.884;1024.1901;0;
2693866526;51.118;-66.49;1010.404;-10.126;14.884;1024.1901;0;
2693874161;51.118;-66.49;1010.404;-10.126;14.884;1024.1901;0;
2693879250;51.118;-66.49;1010.404;-10.126;14.884;1024.312;0;
2693886064;50.996;-66.368;1010.404;-10.126;14.884;1024.312;0;
2693894546;50.996;-66.368;1010.404;-10.126;14.884;1024.312;0;
2693899642;50.996;-66.368;1010.404;-10.126;14.884;1024.434;0;
2693907767;50.996;-66.49;1010.526;-10.248;14.884;1024.434;0;
2693914584;50.996;-66.49;1010.526;-10.248;14.884;1024.434;0;
2693919685;50.996;-66.49;1010.526;-10.248;14.884;1024.434;0;
2693926494;50.996;-66.612;1010.526;-10.248;14.884;1024.434;0;
2693934120;51.118;-66.612;1010.404;-10.248;14.884;1024.434;0;
2693939215;51.118;-66.612;1010.404;-10.248;14.762;1024.434;0;
2693946025;51.118;-66.612;1010.404;-10.248;14.762;1024.312;0;
2693954505;51.118;-66.612;1010.404;-10.248;14.762;1024.312;0;
2693960912;51.118;-66.612;1010.404;-10.248;14.762;1024.312;0;
2693966950;51.118;-66.49;1010.404;-10.126;14.64;1024.312;0;
2693974582;51.118;-66.368;1010.526;-10.126;14.64;1024.312;0;
2693979674;51.118;-66.368;1010.526;-10.126;14.518;1024.434;0;
2693986480;51.118;-66.368;1010.526;-10.126;14.518;1024.434;0;
2693994111;50.996;-66.368;1010.526;-10.126;14.518;1024.434;0;
2693999203;50.996;-66.368;1010.526;-10.004;14.518;1024.434;0;
2694005101;50.996;-66.368;1010.526;-10.004;14.518;1024.434;0;
2694012319;50.996;-66.368;1010.526;-9.882;14.396;1024.434;0;
2694018265;50.996;-66.49;1010.526;-9.76;14.396;1024.434;0;
2694024117;50.996;-66.612;1010.526;-9.76;14.396;1024.434;0;
2694029123;50.996;-66.612;1010.526;-9.638;14.396;1024.434;0;
2694034933;50.996;-66.612;1010.526;-9.638;14.396;1024.434;0;
2694040756;50.996;-66.612;1010.526;-9.638;14.396;1024.434;0;
2694047479;51.118;-66.612;1010.404;-9.516;14.396;1024.434;0;
2694053801;51.118;-66.612;1010.404;-9.516;14.396;1024.434;0;
2694058845;51.118;-66.612;1010.404;-9.516;14.396;1024.312;0;
2694064647;51.118;-66.612;1010.404;-9.516;14.396;1024.312;0;
2694070469;51.118;-66.612;1010.404;-9.394;14.518;1024.312;0;
2694077188;51.118;-66.49;1010.526;-9.394;14.64;1024.1901;0;
2694083884;50.996;-66.49;1010.526;-9.394;14.64;1024.1901;0;
2694088885;50.996;-66.49;1010.526;-9.272;14.762;1024.1901;0;
2694094696;50.996;-66.49;1010.526;-9.272;14.762;1024.1901;0;
2694101844;50.996;-66.49;1010.526;-9.15;15.006;1024.1901;0;
2694107790;50.996;-66.368;1010.404;-9.15;15.25;1024.068;0;
2694113639;50.996;-66.246;1010.404;-9.15;15.25;1024.068;0;
2694118642;50.996;-66.246;1010.404;-9.15;15.372;1024.068;0;
2694124451;51.118;-66.246;1010.404;-9.15;15.372;1024.068;0;
2694130273;51.118;-66.246;1010.404;-9.028;15.738;1024.068;0;
2694136086;51.118;-66.124;1010.404;-9.028;15.738;1024.068;0;
2694141905;51.118;-66.124;1010.404;-8.906;15.982;1024.068;0;
2694149947;51.118;-66.124;1010.404;-8.784;16.226;1024.068;0;
2694154981;51.118;-66.124;1010.404;-8.784;16.226;1024.068;0;
2694160795;51.118;-66.124;1010.404;-8.784;16.592;1024.1901;0;
2694166602;50.996;-66.246;1010.404;-8.784;16.592;1024.1901;0;
2694172424;50.996;-66.246;1010.404;-8.784;16.958;1024.1901;0;
2694179152;50.996;-66.246;1010.404;-8.662;17.202;1024.1901;0;
2694184152;50.996;-66.368;1010.404;-8.662;17.202;1024.1901;0;
2694189971;50.996;-66.368;1010.404;-8.662;17.568;1024.1901;0;
2694198010;50.996;-66.49;1010.282;-8.662;17.934;1024.1901;0;
2694203890;50.996;-66.612;1010.282;-8.662;17.934;1024.1901;0;
2694208901;50.996;-66.612;1010.282;-8.662;18.178;1024.1901;0;
2694214707;51.118;-66.49;1010.282;-8.662;18.178;1024.1901;0;
2694220530;51.118;-66.49;1010.282;-8.662;18.422;1024.1901;0;
2694226339;51.118;-66.368;1010.282;-8.662;18.422;1024.1901;0;
2694232161;51.118;-66.368;1010.282;-8.784;18.666;1024.1901;0;
2694240201;51.118;-66.246;1010.282;-8.784;18.91;1024.1901;0;
2694245232;51.118;-66.124;1010.282;-8.784;18.91;1024.1901;0;
2694251052;51.118;-66.124;1010.282;-8.784;19.032;1024.1901;0;
2694256858;51.118;-66.124;1010.282;-8.784;19.032;1024.1901;0;
2694262681;51.118;-66.124;1010.282;-8.784;19.276;1024.1901;0;
2694269402;50.996;-66.124;1010.282;-8.784;19.398;1024.1901;0;
2694274403;50.996;-66.124;1010.282;-8.784;19.398;1024.1901;0;
2694280225;50.996;-66.124;1010.282;-8.784;19.52;1024.1901;0;
2694287228;50.996;-66.124;1010.282;-8.784;19.52;1024.1901;0;
2694292273;50.996;-66.124;1010.282;-8.906;19.642;1024.1901;0;
2694298991;50.996;-66.246;1010.282;-8.906;19.642;1024.1901;0;
2694303991;51.118;-66.368;1010.282;-8.906;19.642;1024.1901;0;
2694309813;51.118;-66.368;1010.282;-8.906;19.642;1024.1901;0;
2694315625;51.118;-66.368;1010.282;-8.906;19.642;1024.1901;0;
2694321447;51.118;-66.368;1010.282;-9.028;19.52;1024.068;0;
2694327255;50.996;-66.49;1010.282;-9.028;19.52;1024.068;0;
2694335426;50.996;-66.368;1010.282;-9.028;19.52;1024.068;0;
2694340469;50.996;-66.368;1010.282;-9.15;19.398;1024.068;0;
2694346271;50.874;-66.368;1010.282;-9.15;19.398;1024.068;0;
2694352091;50.874;-66.368;1010.282;-9.272;19.276;1023.946;0;
2694357899;50.874;-66.368;1010.282;-9.272;19.276;1023.946;0;
2694364630;50.996;-66.246;1010.282;-9.394;19.032;1023.946;0;
2694369639;50.996;-66.246;1010.282;-9.394;18.788;1023.946;0;
2694375448;50.996;-66.246;1010.282;-9.394;18.788;1023.946;0;
2694382587;50.996;-66.246;1010.282;-9.516;18.666;1023.946;0;
2694387631;50.996;-66.124;1010.282;-9.516;18.666;1023.946;0;
2694394348;50.996;-66.002;1010.282;-9.638;18.422;1024.068;0;
2694399354;50.996;-66.002;1010.282;-9.638;18.178;1024.068;0;
2694405166;50.996;-65.88;1010.282;-9.638;18.178;1024.068;0;
2694410986;50.996;-65.88;1010.282;-9.638;17.934;1023.946;0;
2694416793;51.118;-65.88;1010.282;-9.638;17.934;1023.946;0;
2694424837;50.996;-66.002;1010.282;-9.76;17.69;1024.068;0;
2694429883;50.996;-66.002;1010.282;-9.76;17.324;1024.068;0;
2694435684;50.996;-66.124;1010.404;-9.76;17.324;1024.068;0;
2694441503;50.996;-66.124;1010.404;-9.76;17.08;1024.068;0;
2694447314;50.996;-66.246;1010.282;-9.76;17.08;1024.068;0;
2694454046;50.996;-66.246;1010.404;-9.76;16.836;1024.068;0;
2694459897;50.996;-66.246;1010.404;-9.882;16.592;1024.1901;0;
2694464892;50.996;-66.246;1010.404;-9.882;16.592;1024.1901;0;
2694472033;50.996;-66.246;1010.404;-9.882;16.348;1024.068;0;
2694477064;50.996;-66.246;1010.282;-9.882;16.348;1024.068;0;
2694483790;50.996;-66.246;1010.282;-9.882;16.104;1024.068;0;
2694490493;50.996;-66.246;1010.282;-9.882;15.86;1024.1901;0;
2694495489;50.996;-66.124;1010.282;-9.882;15.86;1024.1901;0;
2694501312;50.996;-66.124;1010.282;-9.882;15.738;1024.1901;0;
2694507123;51.118;-66.002;1010.282;-9.882;15.738;1024.1901;0;
2694513851;51.118;-66.002;1010.282;-9.882;15.494;1024.068;0;
2694520170;51.118;-66.002;1010.282;-9.882;15.372;1024.1901;0;
2694525206;50.996;-66.002;1010.404;-9.882;15.372;1024.1901;0;
2694531022;50.996;-66.002;1010.404;-9.76;15.128;1024.1901;0;
2694536831;50.996;-66.002;1010.404;-9.76;15.128;1024.1901;0;
2694543558;50.996;-66.124;1010.404;-9.76;15.128;1024.1901;0;
2694551109;50.996;-66.124;1010.404;-9.76;15.006;1024.1901;0;
2694556104;50.874;-66.246;1010.282;-9.76;15.006;1024.1901;0;
2694561926;50.874;-66.246;1010.282;-9.638;14.884;1024.1901;0;
2694569068;50.996;-66.368;1010.282;-9.638;14.884;1024.1901;0;
2694575021;51.118;-66.49;1010.282;-9.638;14.884;1024.1901;0;
2694580879;51.118;-66.49;1010.282;-9.516;14.884;1024.1901;0;
2694585878;51.118;-66.612;1010.282;-9.516;14.884;1024.1901;0;
2694591701;51.118;-66.612;1010.282;-9.516;14.884;1024.1901;0;
2694597511;51.118;-66.612;1010.282;-9.516;14.884;1024.1901;0;
2694604237;50.996;-66.612;1010.282;-9.516;14.884;1024.1901;0;
2694611400;50.996;-66.612;1010.282;-9.394;14.884;1024.1901;0;
2694616434;50.874;-66.49;1010.282;-9.394;14.884;1024.1901;0;
2694623157;50.874;-66.49;1010.404;-9.394;14.884;1024.1901;0;
2694631554;50.874;-66.49;1010.404;-9.394;14.884;1024.1901;0;
2694636553;50.996;-66.368;1010.282;-9.394;14.884;1024.1901;0;
2694643281;51.118;-66.368;1010.282;-9.272;14.884;1024.1901;0;
2694651674;51.118;-66.368;1010.282;-9.272;14.884;1024.1901;0;
2694656673;51.118;-66.246;1010.404;-9.272;14.884;1024.1901;0;
2694664714;51.118;-66.246;1010.404;-9.272;15.006;1024.1901;0;
2694671452;51.118;-66.246;1010.404;-9.272;15.006;1024.068;0;
2694676457;50.996;-66.246;1010.404;-9.272;15.006;1024.068;0;
2694683186;50.996;-66.246;1010.404;-9.15;15.006;1024.068;0;
2694691581;50.996;-66.246;1010.404;-9.15;15.128;1024.068;0;
2694696580;50.996;-66.368;1010.404;-9.15;15.128;1024.068;0;
2694703309;50.996;-66.49;1010.404;-9.272;15.128;1024.068;0;
2694711704;50.996;-66.49;1010.404;-9.15;15.128;1024.1901;0;
2694718020;50.996;-66.612;1010.404;-9.15;15.128;1024.1901;0;
2694723973;50.996;-66.612;1010.282;-9.15;15.128;1024.1901;0;
2694733281;50.996;-66.612;1010.282;-9.15;15.128;1024.1901;0;
2694741682;50.996;-66.612;1010.282;-9.15;15.128;1024.1901;0;
2694746677;50.996;-66.612;1010.282;-9.15;15.128;1024.1901;0;
2694753406;50.874;-66.612;1010.404;-9.15;15.128;1024.1901;0;
2694761801;50.874;-66.612;1010.404;-9.272;15.128;1024.1901;0;
2694766802;50.874;-66.49;1010.404;-9.272;15.128;1024.1901;0;
2694774846;50.874;-66.368;1010.404;-9.272;15.128;1024.312;0;
2694783336;50.752;-66.368;1010.404;-9.272;15.128;1024.312;0;
2694793495;50.874;-66.246;1010.404;-9.394;15.006;1024.312;0;
2694802796;50.996;-66.246;1010.404;-9.394;15.006;1024.312;0;
2694812948;50.996;-66.368;1010.282;-9.516;15.006;1024.312;0;
2694823101;50.996;-66.49;1010.282;-9.516;14.884;1024.312;0;
2694833254;51.118;-66.49;1010.404;-9.638;14.884;1024.312;0;
2694843060;51.118;-66.612;1010.404;-9.638;14.884;1024.312;0;
2694853269;50.996;-66.612;1010.404;-9.638;14.884;1024.312;0;
2694862577;50.874;-66.734;1010.404;-9.638;14.884;1024.312;0;
2694872729;50.874;-66.734;1010.526;-9.638;14.884;1024.312;0;
2694882880;50.752;-66.734;1010.526;-9.638;15.006;1024.312;0;
2694893032;50.752;-66.612;1010.404;-9.638;15.006;1024.312;0;
2694903184;50.996;-66.612;1010.404;-9.638;15.128;1024.312;0;
2694911572;51.118;-66.49;1010.404;-9.638;15.128;1024.312;0;
2694917895;51.118;-66.49;1010.404;-9.638;15.25;1024.312;0;
2694923839;51.118;-66.368;1010.404;-9.76;15.372;1024.312;0;
2694933147;51.24;-66.368;1010.404;-9.76;15.494;1024.312;0;
2694941537;51.118;-66.368;1010.404;-9.76;15.494;1024.312;0;
2694946543;51.118;-66.368;1010.404;-9.76;15.738;1024.312;0;
2694953265;50.996;-66.368;1010.404;-9.882;15.982;1024.312;0;
2694961657;50.874;-66.49;1010.404;-9.882;15.982;1024.312;0;
2694966663;50.874;-66.49;1010.404;-9.882;16.104;1024.434;0;
2694974705;50.874;-66.49;1010.404;-9.76;16.348;1024.434;0;
2694981435;50.996;-66.612;1010.404;-9.76;16.348;1024.434;0;
2694986444;50.996;-66.612;1010.404;-9.76;16.47;1024.434;0;
2694992250;50.996;-66.734;1010.404;-9.76;16.47;1024.434;0;
2694998072;50.996;-66.734;1010.404;-9.76;16.714;1024.312;0;
2695004800;50.996;-66.734;1010.404;-9.76;16.958;1024.312;0;
2695011493;50.996;-66.734;1010.404;-9.76;16.958;1024.312;0;
2695016498;50.996;-66.734;1010.404;-9.76;17.324;1024.312;0;
2695024537;50.996;-66.612;1010.404;-9.638;17.568;1024.434;0;
2695031269;51.118;-66.49;1010.404;-9.638;17.568;1024.434;0;
2695036283;51.118;-66.49;1010.404;-9.638;17.812;1024.434;0;
2695042088;50.996;-66.368;1010.404;-9.638;17.812;1024.434;0;
2695047910;50.996;-66.368;1010.404;-9.638;17.934;1024.434;0;
2695054635;50.996;-66.246;1010.404;-9.638;18.178;1024.556;0;
2695061330;50.874;-66.246;1010.404;-9.638;18.178;1024.556;0;
2695066338;50.874;-66.246;1010.404;-9.638;18.3;1024.434;0;
2695074374;50.996;-66.124;1010.404;-9.516;18.544;1024.434;0;
2695081103;50.996;-66.246;1010.404;-9.516;18.544;1024.434;0;
2695086121;50.996;-66.246;1010.404;-9.516;18.666;1024.434;0;
2695091928;50.874;-66.246;1010.404;-9.516;18.666;1024.434;0;
2695097746;50.874;-66.246;1010.404;-9.394;18.788;1024.434;0;
2695104474;50.996;-66.368;1010.404;-9.394;18.91;1024.434;0;
2695111169;50.996;-66.49;1010.404;-9.394;18.91;1024.434;0;
2695117363;50.996;-66.49;1010.404;-9.272;19.032;1024.434;0;
2695122401;50.996;-66.612;1010.404;-9.272;19.032;1024.434;0;
2695128217;50.996;-66.612;1010.404;-9.272;19.032;1024.434;0;
2695134939;50.996;-66.612;1010.404;-9.15;19.032;1024.434;0;
2695141630;50.996;-66.612;1010.404;-9.15;19.032;1024.434;0;
2695146637;50.996;-66.612;1010.404;-9.15;19.032;1024.312;0;
2695152444;50.996;-66.49;1010.404;-9.15;19.032;1024.312;0;
2695158267;50.996;-66.49;1010.404;-9.15;19.032;1024.312;0;
2695166432;50.996;-66.49;1010.404;-9.15;18.91;1024.1901;0;
2695171460;50.996;-66.49;1010.404;-9.15;18.91;1024.1901;0;
2695177277;50.996;-66.49;1010.404;-9.028;18.788;1024.1901;0;
2695183087;51.118;-66.368;1010.404;-9.028;18.788;1024.1901;0;
2695188906;51.118;-66.368;1010.404;-9.028;18.666;1024.1901;0;
2695195632;51.118;-66.368;1010.404;-9.028;18.422;1024.312;0;
2695201477;51.118;-66.368;1010.404;-9.028;18.422;1024.312;0;
2695206478;51.118;-66.368;1010.404;-9.15;18.3;1024.312;0;
2695213615;51.118;-66.246;1010.404;-9.15;18.3;1024.312;0;
2695218664;51.118;-66.246;1010.404;-9.15;18.056;1024.312;0;
2695225376;50.996;-66.246;1010.404;-9.15;17.934;1024.312;0;
2695231224;50.996;-66.246;1010.404;-9.15;17.934;1024.312;0;
2695236224;50.996;-66.246;1010.404;-9.15;17.69;1024.312;0;
2695242037;50.996;-66.246;1010.404;-9.15;17.69;1024.312;0;
2695247858;50.996;-66.246;1010.404;-9.15;17.446;1024.312;0;
2695253667;51.118;-66.246;1010.404;-9.15;17.446;1024.312;0;
2695261710;51.24;-66.368;1010.404;-9.15;17.202;1024.312;0;
2695266754;51.24;-66.368;1010.404;-9.15;17.08;1024.434;0;
2695272555;51.24;-66.368;1010.404;-9.15;17.08;1024.434;0;
2695278379;51.24;-66.368;1010.404;-9.15;16.836;1024.312;0;
2695284187;51.24;-66.368;1010.282;-9.15;16.836;1024.312;0;
2695290010;51.24;-66.368;1010.282;-9.15;16.592;1024.312;0;
2695296729;51.24;-66.49;1010.282;-9.272;16.47;1024.434;0;
2695303038;51.118;-66.49;1010.282;-9.272;16.47;1024.434;0;
2695308079;51.118;-66.49;1010.282;-9.272;16.348;1024.434;0;
2695313882;51.118;-66.49;1010.282;-9.272;16.348;1024.434;0;
2695319704;51.118;-66.49;1010.282;-9.272;16.104;1024.312;0;
2695326427;50.996;-66.49;1010.404;-9.394;15.982;1024.312;0;
2695331427;50.996;-66.49;1010.404;-9.394;15.982;1024.312;0;
2695337246;50.996;-66.49;1010.404;-9.394;15.86;1024.434;0;
2695343054;51.118;-66.49;1010.526;-9.394;15.86;1024.434;0;
2695350204;51.118;-66.49;1010.526;-9.394;15.616;1024.312;0;
2695356151;51.24;-66.368;1010.404;-9.394;15.494;1024.312;0;
2695361159;51.24;-66.368;1010.404;-9.394;15.494;1024.312;0;
2695366978;51.24;-66.368;1010.404;-9.516;15.494;1024.434;0;
2695372787;51.118;-66.246;1010.404;-9.516;15.494;1024.434;0;
2695378610;51.118;-66.246;1010.404;-9.516;15.372;1024.312;0;
2695384419;51.118;-66.246;1010.404;-9.516;15.372;1024.312;0;
2695390240;51.118;-66.246;1010.404;-9.516;15.25;1024.312;0;
2695398278;51.118;-66.246;1010.282;-9.638;15.128;1024.312;0;
2695403311;50.996;-66.368;1010.282;-9.638;15.128;1024.312;0;
2695409127;50.996;-66.368;1010.282;-9.638;15.128;1024.434;0;
2695414938;50.996;-66.368;1010.282;-9.638;15.128;1024.434;0;
2695421667;50.996;-66.49;1010.282;-9.638;15.128;1024.434;0;
2695426675;50.996;-66.49;1010.282;-9.638;15.128;1024.312;0;
2695432485;51.118;-66.49;1010.282;-9.638;15.128;1024.312;0;
2695438305;51.118;-66.49;1010.282;-9.638;15.128;1024.312;0;
2695445425;51.24;-66.49;1010.282;-9.638;15.128;1024.312;0;
2695451378;51.24;-66.612;1010.16;-9.76;15.128;1024.312;0;
2695457235;51.24;-66.612;1010.16;-9.76;15.128;1024.312;0;
2695462233;51.24;-66.612;1010.16;-9.76;15.128;1024.312;0;
2695468055;51.24;-66.612;1010.16;-9.76;15.25;1024.312;0;
2695473864;51.118;-66.612;1010.282;-9.76;15.25;1024.312;0;
2695479688;51.118;-66.612;1010.282;-9.76;15.25;1024.312;0;
2695487720;50.996;-66.612;1010.282;-9.76;15.25;1024.312;0;
2695492754;50.996;-66.49;1010.282;-9.76;15.25;1024.312;0;
2695498571;50.996;-66.49;1010.282;-9.76;15.25;1024.1901;0;
2695504375;50.996;-66.368;1010.282;-9.76;15.25;1024.1901;0;
2695511105;50.874;-66.368;1010.282;-9.76;15.25;1024.312;0;
2695517802;50.874;-66.368;1010.282;-9.76;15.372;1024.1901;0;
2695522796;50.996;-66.368;1010.282;-9.76;15.372;1024.1901;0;
2695528616;50.996;-66.368;1010.282;-9.76;15.372;1024.312;0;
2695535740;51.118;-66.368;1010.404;-9.76;15.372;1024.312;0;
2695541688;51.24;-66.368;1010.282;-9.76;15.372;1024.312;0;
2695547545;51.24;-66.368;1010.282;-9.76;15.494;1024.1901;0;
2695552547;51.24;-66.368;1010.16;-9.76;15.494;1024.1901;0;
2695558365;51.24;-66.368;1010.16;-9.76;15.372;1024.1901;0;
2695564178;50.996;-66.49;1010.16;-9.76;15.372;1024.1901;0;
2695570908;50.874;-66.612;1010.16;-9.76;15.372;1024.1901;0;
2695577605;50.874;-66.612;1010.16;-9.76;15.372;1024.434;0;
2695583911;50.752;-66.612;1010.282;-9.76;15.372;1024.434;0;
2695588948;50.752;-66.612;1010.282;-9.638;15.372;1024.312;0;
2695594756;50.752;-66.49;1010.282;-9.638;15.372;1024.312;0;
2695601480;50.752;-66.49;1010.282;-9.638;15.372;1024.312;0;
2695608181;50.752;-66.49;1010.282;-9.638;15.372;1024.1901;0;
2695613176;50.874;-66.49;1010.282;-9.638;15.372;1024.1901;0;
2695618995;50.874;-66.49;1010.282;-9.76;15.372;1024.1901;0;
2695624805;50.996;-66.368;1010.282;-9.76;15.372;1024.1901;0;
2695632852;50.996;-66.246;1010.404;-9.76;15.372;1024.312;0;
2695638739;50.996;-66.246;1010.404;-9.638;15.372;1024.312;0;
2695643756;50.996;-66.368;1010.282;-9.638;15.372;1024.312;0;
2695649579;50.996;-66.368;1010.282;-9.638;15.372;1024.312;0;
2695655382;50.996;-66.49;1010.404;-9.638;15.372;1024.312;0;
2695662116;51.118;-66.612;1010.282;-9.638;15.372;1024.1901;0;
2695668815;51.118;-66.612;1010.282;-9.516;15.372;1024.1901;0;
2695675139;51.118;-66.734;1010.282;-9.516;15.372;1024.1901;0;
2695681085;50.996;-66.856;1010.404;-9.516;15.372;1024.1901;0;
2695688636;50.996;-66.856;1010.404;-9.516;15.494;1024.1901;0;
2695693633;50.996;-66.856;1010.404;-9.516;15.494;1024.1901;0;
2695699454;50.996;-66.856;1010.404;-9.516;15.494;1024.1901;0;
2695705262;50.874;-66.856;1010.282;-9.516;15.494;1024.1901;0;
2695711995;50.874;-66.734;1010.282;-9.516;15.494;1024.1901;0;
2695718697;50.874;-66.734;1010.282;-9.516;15.494;1024.1901;0;
2695725017;50.874;-66.612;1010.282;-9.516;15.494;1024.1901;0;
2695730973;50.874;-66.49;1010.282;-9.516;15.494;1024.1901;0;
2695739377;50.874;-66.49;1010.282;-9.516;15.616;1024.1901;0;
2695744381;50.874;-66.368;1010.282;-9.516;15.616;1024.1901;0;
2695751109;50.874;-66.246;1010.282;-9.516;15.738;1024.312;0;
2695760410;50.874;-66.124;1010.16;-9.638;15.86;1024.1901;0;
2695770563;50.874;-66.124;1010.16;-9.638;16.104;1024.312;0;
2695780720;50.874;-66.246;1010.282;-9.638;16.226;1024.434;0;
2695790485;50.874;-66.368;1010.16;-9.638;16.47;1024.556;0;
2695800682;50.996;-66.49;1010.16;-9.638;16.592;1024.556;0;
2695810839;51.118;-66.734;1010.16;-9.638;16.714;1024.556;0;
2695820997;51.118;-66.856;1010.16;-9.638;16.836;1024.556;0;
2695830303;51.118;-66.856;1010.16;-9.638;17.08;1024.434;0;
2695840454;50.996;-66.978;1010.16;-9.516;17.324;1024.434;0;
2695850602;50.996;-66.734;1010.16;-9.516;17.446;1024.434;0;
2695860757;50.874;-66.612;1010.16;-9.516;17.568;1024.434;0;
2695870534;50.996;-66.49;1010.16;-9.516;17.69;1024.434;0;
2695880718;50.996;-66.368;1010.16;-9.516;17.812;1024.312;0;
2695890028;51.118;-66.246;1010.16;-9.516;17.934;1024.312;0;
2695900180;51.118;-66.124;1010.16;-9.516;18.056;1024.312;0;
2695910329;50.996;-66.124;1010.16;-9.516;18.178;1024.312;0;
2695920483;50.874;-66.124;1010.16;-9.516;18.178;1024.312;0;
2695930636;50.752;-66.246;1010.16;-9.394;18.3;1024.312;0;
2695940329;50.752;-66.368;1010.16;-9.394;18.3;1024.312;0;
2695950534;50.874;-66.612;1010.16;-9.394;18.3;1024.312;0;
2695960695;50.996;-66.734;1010.16;-9.394;18.3;1024.1901;0;
2695969087;50.996;-66.856;1010.282;-9.394;18.3;1024.1901;0;
2695974092;50.996;-66.856;1010.282;-9.272;18.3;1024.312;0;
2695980818;50.996;-66.734;1010.282;-9.272;18.3;1024.312;0;
2695989210;50.996;-66.612;1010.282;-9.272;18.3;1024.312;0;
2695994216;50.996;-66.612;1010.282;-9.15;18.178;1024.1901;0;
2696002383;50.874;-66.49;1010.282;-9.15;18.056;1024.068;0;
2696009116;50.874;-66.368;1010.282;-9.15;18.056;1024.068;0;
2696014129;50.874;-66.368;1010.282;-9.15;18.056;1024.068;0;
2696020849;50.996;-66.368;1010.404;-9.15;17.934;1024.068;0;
2696029241;50.996;-66.124;1010.404;-9.15;17.934;1024.068;0;
2696034241;50.996;-66.124;1010.404;-9.15;17.812;1024.068;0;
2696040966;50.996;-66.002;1010.404;-9.028;17.69;1024.068;0;
2696049353;50.996;-66.124;1010.282;-9.028;17.69;1024.068;0;
2696055683;50.996;-66.124;1010.282;-9.028;17.568;1024.1901;0;
2696061633;50.874;-66.124;1010.282;-9.028;17.324;1024.1901;0;
2696069186;50.874;-66.246;1010.282;-9.028;17.324;1024.1901;0;
2696074193;50.874;-66.246;1010.282;-8.906;17.08;1024.1901;0;
2696080001;50.752;-66.368;1010.282;-8.906;17.08;1024.1901;0;
2696085823;50.752;-66.368;1010.282;-8.906;16.958;1024.1901;0;
2696092547;50.752;-66.49;1010.282;-8.906;16.836;1024.1901;0;
2696099243;50.874;-66.612;1010.282;-8.906;16.836;1024.1901;0;
2696105569;50.874;-66.612;1010.282;-8.906;16.592;1024.1901;0;
2696111510;50.996;-66.612;1010.282;-9.028;16.47;1024.1901;0;
2696119062;50.996;-66.612;1010.282;-9.028;16.47;1024.1901;0;
2696124067;50.996;-66.612;1010.282;-9.028;16.348;1024.1901;0;
2696129879;50.996;-66.49;1010.282;-9.028;16.348;1024.1901;0;
2696135705;50.996;-66.49;1010.282;-9.028;16.104;1024.1901;0;
2696142426;50.874;-66.368;1010.282;-9.028;15.982;1024.1901;0;
2696148763;50.752;-66.246;1010.404;-9.028;15.982;1024.1901;0;
2696153812;50.752;-66.246;1010.404;-9.15;15.86;1024.1901;0;
2696159611;50.752;-66.124;1010.404;-9.15;15.86;1024.1901;0;
2696165431;50.752;-66.124;1010.404;-9.15;15.86;1024.1901;0;
2696172156;50.752;-66.124;1010.404;-9.272;15.738;1024.1901;0;
2696178854;50.874;-66.124;1010.282;-9.272;15.738;1024.1901;0;
2696183860;50.874;-66.124;1010.282;-9.272;15.616;1024.1901;0;
2696189670;50.996;-66.246;1010.282;-9.272;15.616;1024.1901;0;
2696196808;50.996;-66.246;1010.282;-9.272;15.616;1024.312;0;
2696202759;50.996;-66.368;1010.282;-9.394;15.494;1024.312;0;
2696208614;50.996;-66.49;1010.282;-9.394;15.494;1024.312;0;
2696213621;50.996;-66.49;1010.282;-9.394;15.372;1024.312;0;
2696219428;50.874;-66.612;1010.282;-9.394;15.372;1024.312;0;
2696225252;50.874;-66.612;1010.282;-9.516;15.372;1024.312;0;
2696231057;50.752;-66.612;1010.282;-9.516;15.372;1024.312;0;
2696236880;50.752;-66.612;1010.282;-9.516;15.372;1024.434;0;
2696244920;50.752;-66.734;1010.282;-9.638;15.372;1024.434;0;
2696249958;50.874;-66.612;1010.282;-9.638;15.372;1024.434;0;
2696255773;50.874;-66.612;1010.282;-9.638;15.372;1024.312;0;
2696262496;50.874;-66.612;1010.16;-9.76;15.372;1024.312;0;
2696268345;50.996;-66.49;1010.282;-9.76;15.372;1024.312;0;
2696273350;50.996;-66.49;1010.282;-9.882;15.372;1024.312;0;
2696279157;50.996;-66.49;1010.282;-9.882;15.372;1024.312;0;
2696284981;50.996;-66.49;1010.282;-9.882;15.372;1024.312;0;
2696293020;50.996;-66.368;1010.282;-9.882;15.372;1024.312;0;
2696298901;50.996;-66.368;1010.282;-9.882;15.372;1024.312;0;
2696303914;50.996;-66.368;1010.282;-9.882;15.372;1024.312;0;
2696309722;50.996;-66.368;1010.282;-9.882;15.372;1024.312;0;
2696315542;50.996;-66.368;1010.282;-9.882;15.372;1024.1901;0;
2696321352;50.996;-66.368;1010.282;-9.882;15.372;1024.1901;0;
2696327173;50.996;-66.368;1010.282;-9.882;15.494;1024.068;0;
2696335212;50.996;-66.368;1010.16;-9.882;15.494;1024.1901;0;
2696340260;50.996;-66.49;1010.282;-9.882;15.494;1024.1901;0;
2696346068;50.996;-66.49;1010.282;-10.004;15.494;1024.1901;0;
2696351964;50.874;-66.49;1010.282;-10.004;15.494;1024.1901;0;
2696357875;50.874;-66.49;1010.282;-10.004;15.616;1024.1901;0;
2696364686;50.874;-66.612;1010.282;-9.882;15.616;1024.1901;0;
2696369680;50.874;-66.612;1010.282;-9.882;15.616;1024.1901;0;
2696375508;50.874;-66.612;1010.282;-9.882;15.616;1024.1901;0;
2696383542;50.996;-66.612;1010.282;-9.76;15.738;1024.312;0;
2696388574;50.996;-66.49;1010.16;-9.76;15.738;1024.312;0;
2696394384;50.996;-66.49;1010.16;-9.76;15.738;1024.312;0;
2696400195;51.118;-66.49;1010.16;-9.76;15.738;1024.312;0;
2696406014;51.118;-66.49;1010.16;-9.76;15.738;1024.312;0;
2696411825;51.118;-66.49;1010.16;-9.76;15.738;1024.312;0;
2696417647;51.118;-66.49;1010.16;-9.76;15.738;1024.312;0;
2696424374;50.996;-66.368;1010.16;-9.76;15.738;1024.312;0;
2696430687;50.996;-66.246;1010.16;-9.76;15.738;1024.312;0;
2696435726;50.996;-66.246;1010.16;-9.76;15.738;1024.312;0;
2696441526;50.996;-66.246;1010.16;-9.76;15.738;1024.312;0;
2696447351;50.996;-66.246;1010.16;-9.638;15.616;1024.312;0;
2696454071;50.874;-66.368;1010.16;-9.638;15.616;1024.434;0;
2696459069;50.996;-66.368;1010.16;-9.638;15.616;1024.434;0;
2696464887;50.996;-66.368;1010.16;-9.638;15.616;1024.312;0;
2696470698;50.996;-66.368;1010.16;-9.638;15.616;1024.312;0;
2696478755;51.118;-66.49;1010.16;-9.516;15.738;1024.312;0;
2696484649;51.118;-66.49;1010.16;-9.516;15.738;1024.312;0;
2696489649;51.118;-66.49;1010.16;-9.516;15.738;1024.312;0;
2696495472;51.118;-66.49;1010.16;-9.394;15.738;1024.312;0;
2696501277;51.118;-66.49;1010.16;-9.394;15.738;1024.312;0;
2696507102;51.118;-66.49;1010.16;-9.394;15.738;1024.312;0;
2696512910;51.118;-66.49;1010.16;-9.394;15.738;1024.312;0;
2696520953;51.118;-66.49;1010.16;-9.272;15.738;1024.312;0;
2696525993;51.118;-66.49;1010.16;-9.15;15.738;1024.312;0;
2696531801;50.996;-66.49;1010.16;-9.15;15.738;1024.312;0;
2696538525;50.996;-66.368;1010.282;-9.15;15.86;1024.312;0;
2696545223;50.996;-66.368;1010.282;-9.028;15.982;1024.312;0;
2696550216;50.996;-66.246;1010.282;-9.028;15.982;1024.312;0;
2696556040;50.996;-66.246;1010.282;-9.028;15.982;1024.312;0;
2696561847;50.996;-66.124;1010.16;-9.028;15.982;1024.312;0;
2696569891;50.996;-66.124;1010.16;-9.028;16.104;1024.312;0;
2696574927;50.996;-66.124;1010.16;-9.028;16.104;1024.312;0;
2696580734;50.996;-66.246;1010.282;-9.028;16.104;1024.312;0;
2696586553;50.996;-66.246;1010.282;-9.028;16.226;1024.312;0;
2696592365;50.996;-66.246;1010.16;-9.028;16.226;1024.312;0;
2696599088;50.996;-66.246;1010.16;-9.028;16.348;1024.312;0;
2696604942;50.996;-66.246;1010.16;-9.028;16.47;1024.312;0;
2696609941;50.996;-66.368;1010.16;-9.028;16.47;1024.312;0;
2696617079;50.996;-66.368;1010.16;-9.028;16.592;1024.312;0;
2696622109;50.996;-66.368;1010.16;-9.028;16.592;1024.312;0;
2696628828;50.996;-66.368;1010.16;-9.028;16.714;1024.312;0;
2696635525;50.996;-66.368;1010.16;-9.028;16.836;1024.312;0;
2696640523;50.996;-66.49;1010.16;-9.028;16.836;1024.312;0;
2696646342;50.996;-66.49;1010.16;-9.15;16.958;1024.1901;0;
2696652155;51.118;-66.49;1010.16;-9.15;16.958;1024.1901;0;
2696658882;51.118;-66.49;1010.038;-9.15;16.958;1024.312;0;
2696666053;51.118;-66.49;1010.038;-9.028;17.08;1024.312;0;
2696671085;51.118;-66.49;1010.16;-9.028;17.08;1024.312;0;
2696676904;51.118;-66.49;1010.16;-9.028;17.202;1024.312;0;
2696682708;51.118;-66.49;1010.16;-9.028;17.202;1024.312;0;
2696689442;50.996;-66.49;1010.16;-9.15;17.324;1024.312;0;
2696696141;50.996;-66.49;1010.16;-9.15;17.446;1024.312;0;
2696701136;50.996;-66.368;1010.16;-9.15;17.446;1024.312;0;
2696709059;50.996;-66.49;1010.16;-9.272;17.446;1024.1901;0;
2696715796;50.996;-66.49;1010.16;-9.272;17.568;1024.1901;0;
2696720794;50.874;-66.49;1010.16;-9.272;17.568;1024.1901;0;
2696726618;50.874;-66.49;1010.16;-9.272;17.69;1024.1901;0;
2696732425;50.874;-66.49;1010.16;-9.272;17.69;1024.1901;0;
2696739157;50.996;-66.49;1010.16;-9.272;17.69;1024.1901;0;
2696746701;50.996;-66.49;1010.16;-9.394;17.812;1024.312;0;
2696751696;50.996;-66.49;1010.16;-9.394;17.812;1024.312;0;
2696759865;50.996;-66.612;1010.16;-9.394;17.812;1024.312;0;
2696766603;50.996;-66.612;1010.16;-9.394;17.812;1024.312;0;
2696771612;50.996;-66.612;1010.16;-9.394;17.812;1024.312;0;
2696778341;50.996;-66.612;1010.16;-9.394;17.69;1024.1901;0;
2696786732;50.996;-66.612;1010.16;-9.516;17.69;1024.1901;0;
2696791732;50.996;-66.612;1010.16;-9.516;17.69;1024.1901;0;
2696798462;50.996;-66.612;1010.16;-9.516;17.69;1024.1901;0;
2696806858;50.996;-66.612;1010.16;-9.516;17.568;1024.1901;0;
2696813178;50.996;-66.49;1010.16;-9.516;17.568;1024.1901;0;
2696819128;51.118;-66.49;1010.282;-9.516;17.568;1024.1901;0;
2696826674;51.118;-66.49;1010.282;-9.394;17.446;1024.1901;0;
2696831678;51.24;-66.49;1010.282;-9.394;17.446;1024.1901;0;
2696838402;51.118;-66.49;1010.16;-9.516;17.324;1024.1901;0;
2696847705;51.118;-66.49;1010.16;-9.516;17.324;1024.1901;0;
2696857854;50.996;-66.49;1010.16;-9.516;17.202;1024.1901;0;
2696868006;50.874;-66.49;1010.282;-9.516;17.08;1024.1901;0;
2696877779;50.752;-66.49;1010.282;-9.516;16.958;1024.1901;0;
2696887967;50.874;-66.49;1010.282;-9.516;16.836;1024.312;0;
2696930360;50.996;-66.49;1010.282;-9.394;16.226;1024.312;0;
2696938019;50.996;-66.368;1010.282;-9.394;16.104;1024.312;0;
2696948202;51.118;-66.368;1010.282;-9.394;15.982;1024.312;0;
2696957501;51.118;-66.368;1010.282;-9.272;15.86;1024.312;0;
2696967651;51.118;-66.368;1010.282;-9.394;15.738;1024.312;0;
2696977997;51.118;-66.49;1010.282;-9.394;15.616;1024.312;0;
2696988195;51.24;-66.49;1010.282;-9.394;15.494;1024.312;0;
2696996586;51.118;-66.612;1010.404;-9.394;15.494;1024.312;0;
2697001595;51.118;-66.612;1010.404;-9.394;15.494;1024.434;0;
2697008312;51.118;-66.612;1010.404;-9.394;15.494;1024.434;0;
2697016701;51.118;-66.49;1010.404;-9.394;15.494;1024.434;0;
2697021704;51.118;-66.49;1010.404;-9.394;15.372;1024.434;0;
2697029750;51.118;-66.49;1010.404;-9.394;15.372;1024.434;0;
2697036483;51.118;-66.368;1010.404;-9.394;15.372;1024.434;0;
2697041498;51.118;-66.368;1010.404;-9.394;15.372;1024.434;0;
2697048216;51.118;-66.368;1010.404;-9.394;15.372;1024.312;0;
2697056603;51.118;-66.368;1010.404;-9.394;15.372;1024.312;0;
2697061606;51.118;-66.368;1010.404;-9.272;15.372;1024.312;0;
2697068337;50.996;-66.368;1010.404;-9.272;15.372;1024.312;0;
2697076722;51.118;-66.49;1010.404;-9.272;15.372;1024.312;0;
2697083042;51.118;-66.49;1010.404;-9.394;15.372;1024.312;0;
2697088988;51.118;-66.49;1010.404;-9.394;15.494;1024.1901;0;
2697096537;51.118;-66.49;1010.282;-9.394;15.494;1024.1901;0;
2697101541;51.118;-66.49;1010.282;-9.394;15.494;1024.312;0;
2697107347;51.118;-66.49;1010.282;-9.394;15.494;1024.312;0;
2697113172;51.118;-66.49;1010.282;-9.394;15.494;1024.312;0;
2697119895;51.24;-66.612;1010.16;-9.394;15.494;1024.1901;0;
2697126586;51.118;-66.612;1010.282;-9.394;15.494;1024.1901;0;
2697132907;51.118;-66.612;1010.282;-9.516;15.494;1024.1901;0;
2697138848;50.996;-66.612;1010.16;-9.516;15.494;1024.1901;0;
2697146394;50.996;-66.49;1010.282;-9.516;15.494;1024.1901;0;
2697151394;50.996;-66.49;1010.282;-9.516;15.494;1024.1901;0;
2697157206;50.996;-66.49;1010.16;-9.516;15.494;1024.1901;0;
2697163025;50.996;-66.49;1010.16;-9.516;15.494;1024.068;0;
2697169749;50.996;-66.612;1010.16;-9.516;15.616;1024.068;0;
2697176440;51.118;-66.49;1010.16;-9.516;15.616;1024.068;0;
2697182763;51.118;-66.49;1010.16;-9.638;15.616;1024.068;0;
2697187795;51.118;-66.612;1010.16;-9.638;15.616;1024.068;0;
2697193612;51.118;-66.612;1010.16;-9.638;15.738;1024.068;0;
2697200329;51.118;-66.49;1010.16;-9.638;15.738;1024.068;0;
2697206175;51.118;-66.49;1010.16;-9.638;15.738;1024.068;0;
2697211176;51.118;-66.49;1010.16;-9.638;15.616;1024.068;0;
2697216987;50.996;-66.368;1010.16;-9.638;15.616;1024.068;0;
2697224122;50.996;-66.368;1010.16;-9.638;15.616;1024.068;0;
2697230067;50.996;-66.368;1010.16;-9.638;15.616;1024.1901;0;
2697235916;50.996;-66.368;1010.16;-9.638;15.616;1024.1901;0;
2697240920;50.996;-66.368;1010.16;-9.638;15.616;1024.1901;0;
2697246728;50.996;-66.49;1010.16;-9.638;15.616;1024.1901;0;
2697252552;50.996;-66.49;1010.16;-9.638;15.738;1024.1901;0;
2697258357;50.996;-66.49;1010.16;-9.638;15.738;1024.1901;0;
2697264181;50.996;-66.49;1010.16;-9.76;15.616;1024.312;0;
2697272228;50.996;-66.612;1010.16;-9.76;15.616;1024.1901;0;
2697277265;50.996;-66.612;1010.038;-9.76;15.616;1024.1901;0;
2697283078;50.996;-66.612;1010.038;-9.76;15.616;1024.1901;0;
2697289800;50.996;-66.612;1010.038;-9.638;15.616;1024.1901;0;
2697296489;50.996;-66.612;1010.038;-9.638;15.616;1024.1901;0;
2697301493;50.996;-66.612;1010.038;-9.638;15.616;1024.1901;0;
2697307306;51.118;-66.368;1010.038;-9.638;15.616;1024.1901;0;
2697313126;51.118;-66.368;1010.038;-9.638;15.616;1024.1901;0;
2697321160;51.24;-66.368;1010.038;-9.516;15.738;1024.1901;0;
2697326189;51.118;-66.246;1010.038;-9.516;15.738;1024.1901;0;
2697332005;51.118;-66.246;1010.038;-9.516;15.738;1024.1901;0;
2697337815;51.118;-66.246;1010.038;-9.516;15.738;1024.1901;0;
2697343635;51.118;-66.246;1010.038;-9.516;15.86;1024.068;0;
2697350362;51.24;-66.246;1010.038;-9.394;15.86;1024.1901;0;
2697356204;51.118;-66.246;1010.038;-9.394;15.86;1024.1901;0;
2697361210;51.118;-66.246;1010.038;-9.394;15.86;1024.1901;0;
2697368329;51.118;-66.368;1010.16;-9.394;15.86;1024.1901;0;
2697373371;51.118;-66.368;1010.16;-9.394;15.982;1024.1901;0;
2697379171;51.118;-66.368;1010.16;-9.394;15.982;1024.1901;0;
2697384996;51.118;-66.368;1010.16;-9.394;16.104;1024.1901;0;
2697391711;51.118;-66.49;1010.16;-8.784;17.324;1027.3621;0;
2697396708;68.93;-51.606;1009.672;-8.784;17.324;1027.3621;0;
2697402527;68.93;-51.606;1009.672;-10.614;15.494;1020.652;0;
2697410654;134.566;-43.798;1007.842;-18.788;21.96;1028.094;0;
2697415868;217.648;-80.276;1003.084;-18.788;21.96;1028.094;0;
2697421857;217.648;-80.276;1003.084;-19.032;23.302;1028.2161;0;
2697427839;270.718;-91.256;1001.62;-19.032;23.302;1028.2161;0;
2697433833;270.718;-91.256;1001.62;-16.714;20.74;1028.2161;0;
2697439817;267.424;-67.1;1004.06;-16.714;20.74;1028.2161;0;
2697446718;218.99;-54.046;1001.376;-14.762;13.298;1024.922;0;
2697451898;218.99;-54.046;1001.376;-10.126;-1.83;1013.21;0;
2697459199;171.288;-68.442;1003.084;-10.126;-1.83;1013.21;0;
2697464423;171.288;-68.442;1003.084;-5.978;-8.174;1020.774;0;
2697471221;111.874;-76.006;1011.258;4.758;-20.374;1024.434;0;
2697476312;32.94;-49.898;1017.236;4.758;-20.374;1024.434;0;
2697482135;32.94;-49.898;1017.236;10.004;-31.476;1033.0961;0;
2697488031;-10.37;-52.094;1017.358;10.004;-31.476;1033.0961;0;
2697494027;-10.37;-52.094;1017.358;8.296;-39.162;1030.046;0;
2697502144;-7.93;-66.246;1015.284;6.832;-44.408;1028.948;0;
2697507184;-2.44;-60.756;1016.748;6.832;-44.408;1028.948;0;
2697512998;-2.44;-60.756;1016.748;5.612;-46.36;1030.5341;0;
2697518806;4.026;-60.512;1016.87;5.612;-46.36;1030.5341;0;
2697524537;4.026;-60.512;1016.87;4.88;-48.19;1025.8981;0;
2697530258;10.98;-65.148;1014.796;4.88;-48.19;1025.8981;0;
2697536991;4.514;-69.54;1014.918;3.538;-48.434;1025.8981;0;
2697541909;4.514;-69.54;1014.918;5.612;-45.75;1029.0701;0;
2697548823;-11.346;-78.446;1016.626;5.612;-45.75;1029.0701;0;
2697553952;-11.346;-78.446;1016.626;5.856;-42.578;1028.338;0;
2697559842;-32.33;-67.466;1014.674;5.856;-42.578;1028.338;0;
2697566655;-60.878;-61.0;1016.26;1.342;-40.748;1024.312;0;
2697572587;-60.878;-61.0;1016.26;1.098;-36.722;1021.14;0;
2697577673;-89.182;-56.73;1020.652;1.098;-36.722;1021.14;0;
2697583580;-89.182;-56.73;1020.652;-0.854;-30.622;1014.186;0;
2697589566;-102.358;-44.408;1022.238;-0.854;-30.622;1014.186;0;
2697598003;-98.576;-51.972;1022.116;-2.44;-20.618;1013.088;0;
2697603221;-98.576;-51.972;1022.116;-2.684;-7.686;1013.332;0;
2697609111;-87.718;-65.514;1020.652;-2.684;-7.686;1013.332;0;
2697615926;-76.738;-64.66;1020.042;-5.734;7.076;1011.99;0;
2697622622;-76.738;-64.66;1020.042;-9.638;22.936;1012.356;0;
2697627710;-69.54;-57.95;1019.432;-9.638;22.936;1012.356;0;
2697633620;-69.54;-57.95;1019.432;-13.176;38.796;1010.648;0;
2697639600;-66.856;-64.294;1018.822;-13.176;38.796;1010.648;0;
2697647827;-66.856;-61.976;1020.53;-15.25;55.876;1011.014;0;
2697653043;-66.856;-61.976;1020.53;-16.714;72.834;1011.502;0;
2697659019;-70.272;-53.924;1020.774;-16.714;72.834;1011.502;0;
2697665919;-70.272;-52.948;1020.774;-18.178;89.67;1011.014;0;
2697672794;-70.272;-52.948;1020.774;-20.74;106.994;1013.576;0;
2697678059;-62.586;-53.558;1020.286;-20.74;106.994;1013.576;0;
2697684141;-62.586;-53.558;1020.286;-23.424;124.684;1016.016;0;
2697691529;-48.8;-60.756;1018.334;-23.424;124.684;1016.016;0;
2697697748;-31.11;-69.052;1019.92;-24.766;139.812;1020.286;0;
2697703024;-31.11;-69.052;1019.92;-26.352;153.72;1026.386;0;
2697709091;-12.688;-66.002;1018.7;-26.352;153.72;1026.386;0;
2697716085;5.368;-58.316;1015.284;-28.426;165.676;1030.656;0;
2697722873;5.368;-58.316;1015.284;-30.012;172.996;1033.218;0;
2697727959;21.106;-57.706;1014.308;-30.012;172.996;1033.218;0;
2697736175;36.6;-58.682;1011.502;-31.598;176.778;1034.926;0;
2697743095;36.6;-58.682;1011.502;-33.672;179.218;1036.146;0;
2697748295;52.46;-58.926;1011.746;-33.672;179.218;1036.146;0;
2697754286;52.46;-58.926;1011.746;-34.648;179.584;1037.61;0;
2697760269;66.49;-65.026;1013.454;-34.648;179.584;1037.61;0;
2697767171;78.446;-68.564;1012.844;-33.184;176.534;1041.514;0;
2697774048;78.446;-68.564;1012.844;-31.72;171.166;1040.538;0;
2697779225;89.06;-64.294;1010.892;-31.72;171.166;1040.538;0;
2697787449;99.186;-64.782;1008.818;-28.06;162.138;1036.39;0;
2697793518;99.186;-64.782;1008.818;-23.18;152.378;1036.2681;0;
2697798705;109.19;-70.028;1009.306;-23.18;152.378;1036.2681;0;
2697805691;122.61;-61.244;1008.452;-21.106;144.082;1038.098;0;
2697813507;122.61;-61.244;1008.452;-22.448;131.394;1036.2681;0;
2697818772;143.472;-47.946;1010.77;-22.448;131.394;1036.2681;0;
2697825758;159.576;-58.682;1013.576;-21.106;114.192;1032.73;0;
2697834042;159.576;-58.682;1013.576;-21.35;101.748;1030.168;0;
2697839348;174.338;-71.614;1005.28;-21.35;101.748;1030.168;0;
2697846326;199.348;-67.466;997.228;-21.716;90.28;1030.656;0;
2697853962;199.348;-67.466;997.228;-18.3;70.272;1028.46;0;
2697859045;222.406;-67.832;999.79;-18.3;70.272;1028.46;0;
2697865864;232.044;-77.348;1004.304;-14.518;46.726;1014.552;0;
2697875347;228.872;-74.42;1008.696;-8.296;24.766;1009.55;0;
2697885585;220.576;-60.756;1008.086;-4.514;3.66;1008.696;0;
2697895355;212.646;-67.832;1006.134;-2.318;-18.666;1006.378;0;
2697905720;211.548;-75.884;1006.622;-1.586;-40.26;1008.696;0;
2697915213;211.67;-63.562;1005.524;-6.954;-62.464;1008.696;0;
2697925543;203.252;-64.538;1003.816;-17.69;-84.424;1013.698;0;
2697935114;194.956;-70.272;1002.718;-20.374;-105.286;1023.824;0;
2697945622;189.1;-59.78;1006.134;-12.078;-130.052;1020.164;0;
2697955284;171.532;-63.562;1007.842;0.976;-149.084;1017.114;0;
2697965615;151.158;-76.128;1006.988;13.176;-159.332;1026.02;0;
2697975651;138.348;-65.27;1007.964;21.716;-169.946;1027.972;0;
2697985255;125.782;-56.852;1009.916;28.914;-174.46;1033.34;0;
2697995677;114.924;-70.394;1009.672;33.55;-171.776;1037.854;0;
2698005249;106.628;-74.298;1010.77;36.722;-172.02;1029.436;0;
2698015667;96.258;-68.564;1011.746;36.966;-166.164;1032.8521;0;
2698025145;75.762;-68.198;1010.77;38.43;-157.502;1035.4141;0;
2698035473;51.85;-66.002;1013.21;40.382;-148.23;1034.438;0;
2698045433;33.428;-61.244;1014.796;39.65;-135.176;1040.2941;0;
2698054047;14.762;-58.316;1015.406;39.65;-135.176;1040.2941;0;
2698059234;14.762;-58.316;1015.406;42.944;-126.27;1035.902;0;
2698066124;-2.318;-60.024;1015.04;44.408;-115.168;1036.2681;0;
2698073845;-15.128;-61.122;1015.528;44.408;-115.168;1036.2681;0;
2698079116;-15.128;-61.122;1015.528;39.406;-103.09;1037.61;0;
2698086099;-19.52;-62.83;1016.382;32.574;-92.842;1033.7061;0;
2698094286;-20.618;-70.516;1016.016;32.574;-92.842;1033.7061;0;
2698099519;-20.618;-70.516;1016.016;23.424;-81.374;1031.754;0;
2698106404;-30.866;-79.544;1015.772;13.176;-68.442;1030.168;0;
2698114128;-53.192;-64.66;1017.846;13.176;-68.442;1030.168;0;
2698119311;-53.192;-64.66;1017.846;6.71;-57.706;1028.094;0;
2698126117;-83.692;-57.95;1018.7;4.27;-48.19;1024.1901;0;
2698133747;-111.142;-52.948;1020.042;4.27;-48.19;1024.1901;0;
2698138923;-111.142;-52.948;1020.042;-1.342;-35.868;1018.7;0;
2698147220;-125.782;-39.528;1022.848;-7.32;-21.472;1014.308;0;
2698154221;-122.488;-51.606;1022.116;-7.32;-21.472;1014.308;0;
2698159505;-122.488;-51.606;1022.116;-12.688;-4.514;1011.868;0;
2698166489;-108.214;-66.124;1020.164;-19.52;14.274;1009.672;0;
2698174297;-94.184;-68.564;1019.676;-19.52;14.274;1009.672;0;
2698179480;-94.184;-68.564;1019.676;-23.912;34.77;1008.086;0;
2698186373;-81.496;-63.196;1019.92;-26.962;57.95;1009.062;0;
2698193714;-74.908;-62.83;1019.92;-26.962;57.95;1009.062;0;
2698198939;-74.908;-62.83;1019.92;-28.67;82.106;1007.11;0;
2698204910;-73.932;-57.218;1020.042;-28.67;82.106;1007.11;0;
2698210903;-73.932;-57.218;1020.042;-30.134;108.092;1006.5;0;
2698217887;-73.566;-51.118;1019.92;-32.208;135.298;1009.55;0;
2698224002;-73.932;-51.362;1019.676;-32.208;135.298;1009.55;0;
2698229272;-73.932;-51.362;1019.676;-32.94;159.698;1014.308;0;
2698235340;-68.808;-56.242;1019.31;-32.94;159.698;1014.308;0;
2698242743;-68.808;-56.242;1019.31;-33.672;182.634;1016.87;0;
2698248962;-54.9;-65.392;1018.09;-30.988;203.374;1018.578;0;
2698254229;-38.064;-67.466;1017.48;-30.988;203.374;1018.578;0;
2698260307;-38.064;-67.466;1017.48;-25.132;217.16;1022.97;0;
2698267296;-21.838;-62.22;1016.626;-18.056;221.064;1026.142;0;
2698273409;-6.1;-58.804;1015.284;-18.056;221.064;1026.142;0;
2698278591;-6.1;-58.804;1015.284;-12.81;216.672;1029.436;0;
2698285883;8.296;-56.608;1016.26;-12.81;216.672;1029.436;0;
2698291009;8.296;-56.608;1016.26;-12.444;205.692;1029.314;0;
2698297810;28.548;-57.096;1015.894;-14.396;186.172;1028.2161;0;
2698303834;50.752;-67.954;1014.43;-14.396;186.172;1028.2161;0;
2698309018;50.752;-67.954;1014.43;-17.446;164.212;1029.436;0;
2698315000;61.61;-76.616;1012.112;-17.446;164.212;1029.436;0;
2698320994;61.61;-76.616;1012.112;-22.448;142.984;1030.412;0;
2698327894;67.588;-73.2;1010.648;-30.866;119.926;1029.558;0;
2698334383;76.738;-64.66;1010.648;-30.866;119.926;1029.558;0;
2698339602;76.738;-64.66;1010.648;-38.918;99.918;1030.412;0;
2698345495;96.014;-46.97;1007.11;-38.918;99.918;1030.412;0;
2698351402;96.014;-46.97;1007.11;-46.97;81.496;1029.0701;0;
2698358213;121.512;-42.7;1008.574;-50.996;64.416;1026.264;0;
2698363391;148.962;-66.856;1013.332;-50.996;64.416;1026.264;0;
2698369386;148.962;-66.856;1013.332;-50.142;47.702;1028.704;0;
2698375369;174.948;-73.81;1011.502;-50.142;47.702;1028.704;0;
2698382555;174.948;-73.81;1011.502;-52.094;36.112;1029.802;0;
2698388688;188.124;-65.514;1005.036;-50.142;26.352;1030.29;0;
2698393875;194.956;-71.004;1001.864;-50.142;26.352;1030.29;0;
2698399867;194.956;-71.004;1001.864;-44.042;15.616;1028.46;0;
2698405854;205.204;-70.638;1000.644;-44.042;15.616;1028.46;0;
2698411843;205.204;-70.638;1000.644;-39.04;7.442;1027.972;0;
2698418654;214.354;-63.44;999.546;-34.038;-0.488;1031.632;0;
2698425188;214.842;-70.272;1003.206;-34.038;-0.488;1031.632;0;
2698430408;214.842;-70.272;1003.206;-25.62;-17.69;1022.238;0;
2698436469;212.89;-72.834;1010.038;-25.62;-17.69;1022.238;0;
2698442556;212.89;-72.834;1010.038;-18.178;-35.624;1010.648;0;
2698449536;211.67;-60.756;1012.112;-15.128;-43.432;1015.65;0;
2698454800;207.766;-65.514;1007.11;-15.128;-43.432;1015.65;0;
2698460882;207.766;-65.514;1007.11;-12.444;-52.582;1021.14;0;
2698466952;205.814;-74.298;1005.158;-12.444;-52.582;1021.14;0;
2698475266;205.204;-63.074;1005.402;-9.394;-67.222;1019.188;0;
2698480486;205.204;-63.074;1005.402;-6.71;-85.888;1019.188;0;
2698486463;200.202;-62.83;1005.28;-6.71;-85.888;1019.188;0;
2698492456;200.202;-62.83;1005.28;-5.124;-104.432;1021.994;0;
2698499446;193.004;-71.858;1004.914;-5.246;-123.708;1026.02;0;
2698504711;189.466;-65.88;1004.792;-5.246;-123.708;1026.02;0;
2698510797;189.466;-65.88;1004.792;-3.05;-146.4;1031.754;0;
2698519098;181.048;-61.976;1006.134;2.928;-173.362;1026.142;0;
2698524308;164.578;-71.858;1007.598;2.928;-173.362;1026.142;0;
2698530294;164.578;-71.858;1007.598;8.296;-196.054;1026.63;0;
2698536279;144.326;-78.69;1007.232;8.296;-196.054;1026.63;0;
2698542270;144.326;-78.69;1007.232;11.468;-215.208;1037.244;0;
2698549256;124.684;-76.25;1008.208;16.104;-235.216;1027.606;0;
2698554515;100.406;-58.56;1012.234;16.104;-235.216;1027.606;0;
2698561924;100.406;-58.56;1012.234;19.886;-242.048;1027.118;0;
2698567227;78.08;-45.628;1014.186;19.886;-242.048;1027.118;0;
2698574118;67.222;-61.976;1011.38;20.74;-237.656;1030.778;0;
2698579305;67.222;-61.976;1011.38;21.228;-225.212;1023.58;0;
2698585285;51.362;-73.81;1011.136;21.228;-225.212;1023.58;0;
2698591281;51.362;-73.81;1011.136;21.838;-199.836;1025.41;0;
2698597265;29.28;-62.098;1014.796;21.838;-199.836;1025.41;0;
2698604169;19.276;-55.632;1014.552;21.716;-167.872;1021.14;0;
2698610664;19.276;-55.632;1014.552;19.642;-130.418;1017.846;0;
2698615883;16.714;-64.416;1014.43;19.642;-130.418;1017.846;0;
2698621873;16.714;-64.416;1014.43;18.666;-92.11;1016.504;0;
2698627764;6.71;-67.466;1014.796;18.666;-92.11;1016.504;0;
2698634495;-5.368;-61.366;1015.162;18.178;-54.29;1013.942;0;
2698639588;-5.368;-61.366;1015.162;17.568;-16.592;1014.552;0;
2698645486;-19.032;-62.952;1015.284;17.568;-16.592;1014.552;0;
2698651481;-19.032;-62.952;1015.284;18.91;17.446;1014.064;0;
2698659608;-27.45;-71.858;1015.04;19.398;48.678;1017.724;0;
2698664739;-35.99;-74.542;1015.894;19.398;48.678;1017.724;0;
2698670638;-35.99;-74.542;1015.894;18.056;73.566;1015.894;0;
2698676535;-64.904;-76.982;1015.772;18.056;73.566;1015.894;0;
2698683351;-104.066;-59.658;1017.602;16.836;95.16;1008.574;0;
2698690234;-104.066;-59.658;1017.602;13.786;116.876;1001.254;0;
2698695498;-129.93;-35.38;1020.164;13.786;116.876;1001.254;0;
2698703796;-127.612;-42.456;1020.652;9.15;137.982;1000.278;0;
2698709868;-127.612;-42.456;1020.652;2.562;160.674;1008.574;0;
2698715053;-101.87;-62.83;1019.676;2.562;160.674;1008.574;0;
2698721049;-101.87;-62.83;1019.676;-3.782;182.512;1014.918;0;
2698727119;-84.18;-70.15;1018.7;-3.782;182.512;1014.918;0;
2698734019;-85.156;-62.098;1019.31;-8.418;202.642;1019.066;0;
2698740892;-85.156;-62.098;1019.31;-12.81;222.406;1020.408;0;
2698746154;-92.354;-58.926;1019.432;-12.81;222.406;1020.408;0;
2698754456;-99.796;-62.708;1019.676;-17.812;241.682;1021.14;0;
2698760613;-99.796;-62.708;1019.676;-24.522;262.788;1022.97;0;
2698765886;-102.602;-54.412;1018.578;-24.522;262.788;1022.97;0;
2698772054;-102.602;-54.412;1018.578;-30.866;285.48;1026.264;0;
2698778210;-97.112;-44.896;1020.164;-30.866;285.48;1026.264;0;
2698785196;-83.57;-52.46;1020.896;-36.478;306.83;1031.998;0;
2698790470;-83.57;-52.46;1020.896;-40.26;330.254;1035.17;0;
2698797850;-65.514;-63.196;1015.162;-40.26;330.254;1035.17;0;
2698804068;-45.994;-63.074;1017.358;-43.554;353.312;1039.196;0;
2698811041;-45.994;-63.074;1017.358;-46.116;371.978;1041.27;0;
2698816315;-35.38;-59.048;1019.676;-46.116;371.978;1041.27;0;
2698823309;-27.328;-54.534;1016.992;-45.75;384.056;1039.318;0;
2698831127;-27.328;-54.534;1016.992;-42.7;388.326;1035.902;0;
2698836389;-16.226;-53.802;1013.576;-42.7;388.326;1035.902;0;
2698844696;-12.322;-61.122;1006.378;-37.332;385.642;1034.5601;0;
2698850884;-12.322;-61.122;1006.378;-29.036;370.636;1032.974;0;
2698856159;-3.538;-62.586;1003.694;-29.036;370.636;1032.974;0;
2698863057;22.082;-57.462;1010.404;-20.74;335.134;1022.726;0;
2698871627;22.082;-57.462;1010.404;-12.078;293.166;1008.33;0;
2698876800;36.722;-61.244;1010.77;-12.078;293.166;1008.33;0;
2698883702;57.218;-61.854;1009.916;-2.928;252.052;1005.28;0;
2698891338;57.218;-61.854;1009.916;1.342;207.522;1000.4;0;
2698897649;115.29;-56.486;1010.16;1.342;207.522;1000.4;0;
2698903684;146.156;-66.612;1007.232;7.808;158.478;990.518;0;
2698912991;144.082;-66.246;1009.55;11.102;107.726;989.42;0;
2698921481;144.082;-66.246;1009.55;9.272;61.488;995.276;0;
2698926394;143.228;-59.658;1008.574;9.272;61.488;995.276;0;
2698933036;156.16;-62.22;1006.622;1.708;19.276;1001.01;0;
2698943188;182.024;-73.2;1004.304;-20.496;-23.058;993.69;0;
2698952667;199.714;-78.568;1004.548;-35.38;-63.318;991.494;0;
2698962612;205.936;-66.246;1004.914;-32.33;-98.088;1000.156;0;
2698973062;203.13;-65.514;1003.572;-22.448;-132.126;1006.012;0;
2698982732;208.254;-67.954;1003.694;-9.882;-165.31;1011.136;0;
2698993151;222.162;-68.442;1005.524;4.88;-201.788;1008.452;0;
2699002638;232.41;-76.738;1005.158;18.056;-234.484;1012.844;0;
2699013058;233.874;-70.638;1003.328;25.254;-264.252;1025.776;0;
2699022630;231.556;-65.392;1004.06;31.598;-298.778;1032.974;0;
2699032668;224.48;-74.786;1002.108;34.892;-328.546;1048.834;0;
2699043125;212.89;-64.05;1003.45;32.696;-364.414;1057.8621;0;
2699052709;198.982;-56.974;1006.134;28.67;-404.674;1060.668;0;
2699063132;182.146;-73.932;1004.06;24.156;-435.906;1073.1121;0;
2699072705;172.264;-73.2;1003.816;20.13;-463.966;1074.576;0;
2699081362;167.994;-59.048;1004.914;20.13;-463.966;1074.576;0;
2699086636;167.994;-59.048;1004.914;17.324;-482.51;1067.744;0;
2699093617;157.502;-71.248;1005.646;16.958;-487.268;1065.9141;0;
2699102809;144.448;-81.008;1006.744;17.08;-480.802;1055.788;0;
2699111497;135.176;-74.176;1003.572;17.08;-480.802;1055.788;0;
2699116775;135.176;-74.176;1003.572;13.42;-460.184;1042.368;0;
2699123759;118.34;-65.636;1006.622;13.664;-421.754;1040.2941;0;
2699131569;94.55;-56.974;1009.428;13.664;-421.754;1040.2941;0;
2699136755;94.55;-56.974;1009.428;15.86;-372.71;1032.608;0;
2699143650;76.616;-57.462;1008.696;15.128;-317.444;1021.018;0;
2699151840;65.758;-64.294;1010.526;15.128;-317.444;1021.018;0;
2699157053;65.758;-64.294;1010.526;11.224;-266.326;1009.916;0;
2699163942;35.746;-69.54;1009.55;8.418;-215.94;1001.254;0;
2699171573;-9.882;-65.026;1013.82;8.418;-215.94;1001.254;0;
2699176669;-9.882;-65.026;1013.82;7.686;-163.236;998.326;0;
2699183391;-34.282;-65.88;1016.016;2.074;-117.73;989.054;0;
2699191867;-31.476;-61.976;1013.21;2.074;-117.73;989.054;0;
2699196958;-31.476;-61.976;1013.21;-4.88;-71.37;986.858;0;
2699205013;-28.182;-60.024;1013.942;-8.662;-27.328;987.224;0;
2699211843;-38.186;-63.44;1015.894;-8.662;-27.328;987.224;0;
2699216937;-38.186;-63.44;1015.894;-11.834;10.858;984.174;0;
2699223748;-61.854;-72.59;1018.456;-15.006;47.092;982.832;0;
2699231379;-94.428;-68.686;1018.944;-15.006;47.092;982.832;0;
2699236475;-94.428;-68.686;1018.944;-20.862;80.764;978.684;0;
2699242368;-113.094;-50.752;1018.578;-20.862;80.764;978.684;0;
2699249808;-113.094;-50.752;1018.578;-35.38;113.826;973.194;0;
2699256028;-111.386;-38.064;1020.53;-47.946;150.182;977.586;0;
2699261297;-100.284;-47.946;1019.798;-47.946;150.182;977.586;0;
2699267381;-100.284;-47.946;1019.798;-51.118;187.88;986.98;0;
2699274366;-87.474;-67.832;1018.822;-50.264;223.504;999.18;0;
2699281242;-83.692;-64.05;1017.846;-50.264;223.504;999.18;0;
2699286426;-83.692;-64.05;1017.846;-50.996;256.932;1009.184;0;
2699292498;-90.28;-58.804;1018.578;-50.996;256.932;1009.184;0;
2699299901;-90.28;-58.804;1018.578;-52.338;291.946;1016.016;0;
2699306118;-100.284;-62.586;1019.31;-56.852;329.156;1022.604;0;
2699311483;-108.946;-66.002;1018.578;-56.852;329.156;1022.604;0;
2699317649;-108.946;-66.002;1018.578;-62.952;367.708;1030.778;0;
2699324721;-106.75;-50.996;1019.432;-66.612;410.408;1041.026;0;
2699330918;-94.672;-42.944;1019.188;-66.612;410.408;1041.026;0;
2699336193;-94.672;-42.944;1019.188;-66.734;456.036;1053.226;0;
2699344488;-75.884;-61.488;1018.09;-68.198;499.346;1067.744;0;
2699351498;-56.12;-65.636;1015.162;-68.198;499.346;1067.744;0;
2699356783;-56.12;-65.636;1015.162;-69.174;536.8;1073.9661;0;
2699362847;-43.432;-53.436;1014.796;-69.174;536.8;1073.9661;0;
2699368931;-43.432;-53.436;1014.796;-66.124;566.934;1075.186;0;
2699375909;-39.406;-55.754;1012.722;-65.392;582.306;1069.33;0;
2699381176;-33.062;-58.804;1012.234;-65.392;582.306;1069.33;0;
2699387256;-33.062;-58.804;1012.234;-64.172;577.548;1060.912;0;
2699395559;-20.862;-56.486;1013.21;-60.634;553.636;1050.542;0;
2699400863;-13.42;-54.534;1007.842;-60.634;553.636;1050.542;0;
2699406941;-13.42;-54.534;1007.842;-51.24;511.668;1041.27;0;
2699413008;-11.468;-57.584;1000.156;-51.24;511.668;1041.27;0;
2699419093;-11.468;-57.584;1000.156;-39.406;452.62;1024.068;0;
2699426072;12.932;-60.512;1005.89;-27.572;378.932;1008.818;0;
2699431252;34.282;-65.758;1013.21;-27.572;378.932;1008.818;0;
2699438555;34.282;-65.758;1013.21;-14.884;311.344;1002.474;0;
2699443772;56.608;-58.804;1012.234;-14.884;311.344;1002.474;0;
2699449758;56.608;-58.804;1012.234;-14.03;244.366;989.176;0;
2699456563;124.196;-50.63;1013.942;-15.738;178.974;982.222;0;
2699461736;158.356;-72.712;1007.964;-15.738;178.974;982.222;0;
2699467730;158.356;-72.712;1007.964;-10.736;128.954;980.148;0;
2699473714;149.572;-70.15;1006.866;-10.736;128.954;980.148;0;
2699479713;149.572;-70.15;1006.866;-10.98;81.496;981.124;0;
2699487837;149.938;-54.412;1008.086;-18.422;38.064;983.686;0;
2699492956;162.992;-63.44;1005.402;-18.422;38.064;983.686;0;
2699498861;162.992;-63.44;1005.402;-22.814;-4.27;980.636;0;
2699505668;187.514;-76.86;1003.45;-22.57;-40.26;979.294;0;
2699510845;202.154;-78.446;1004.426;-22.57;-40.26;979.294;0;
2699516842;202.154;-78.446;1004.426;-15.006;-74.42;978.928;0;
2699522823;203.374;-62.952;1005.402;-15.006;-74.42;978.928;0;
2699530136;203.374;-62.952;1005.402;-0.366;-101.748;987.102;0;
2699536257;200.934;-65.27;1003.694;20.618;-124.074;996.618;0;
2699541433;205.326;-71.492;1003.084;20.618;-124.074;996.618;0;
2699547429;205.326;-71.492;1003.084;40.016;-156.16;992.714;0;
2699553411;218.624;-64.538;1004.426;40.016;-156.16;992.714;0;
2699559407;218.624;-64.538;1004.426;48.19;-187.636;994.91;0;
2699566303;230.458;-72.224;1003.45;52.582;-213.378;998.57;0;
2699571481;239.486;-74.42;1003.816;52.582;-213.378;998.57;0;
2699578789;239.486;-74.42;1003.816;53.192;-232.166;1007.232;0;
2699584082;237.29;-69.906;1002.108;53.192;-232.166;1007.232;0;
2699591066;219.722;-67.954;999.058;52.46;-249.856;1021.262;0;
2699596250;219.722;-67.954;999.058;56.242;-275.598;1030.412;0;
2699602234;199.348;-64.05;1002.962;56.242;-275.598;1030.412;0;
2699608315;199.348;-64.05;1002.962;51.972;-311.832;1038.708;0;
2699614387;181.414;-72.102;1003.938;51.972;-311.832;1038.708;0;
2699622688;174.46;-70.76;1005.158;32.086;-344.284;1052.494;0;
2699627992;174.46;-70.76;1005.158;26.962;-376.98;1060.79;0;
2699634055;174.826;-63.562;1006.744;26.962;-376.98;1060.79;0;
2699641046;169.946;-71.858;1005.646;34.038;-412.116;1069.33;0;
2699647184;169.946;-71.858;1005.646;36.234;-447.008;1077.87;0;
2699652451;151.158;-74.42;1004.182;36.234;-447.008;1077.87;0;
2699658534;151.158;-74.42;1004.182;46.36;-486.414;1081.1641;0;
2699664599;128.222;-62.586;1006.866;46.36;-486.414;1081.1641;0;
2699672911;111.142;-65.026;1008.818;61.122;-523.746;1087.996;0;
2699678230;111.142;-65.026;1008.818;72.956;-554.978;1084.58;0;
2699684292;100.528;-74.542;1008.208;72.956;-554.978;1084.58;0;
2699691282;95.526;-68.198;1008.086;81.74;-577.914;1068.964;0;
2699697307;95.526;-68.198;1008.086;86.742;-590.846;1041.7581;0;
2699702478;84.668;-61.0;1007.72;86.742;-590.846;1041.7581;0;
2699708471;84.668;-61.0;1007.72;85.888;-578.646;1028.704;0;
2699715774;66.124;-65.88;1009.184;85.888;-578.646;1028.704;0;
2699721897;47.824;-71.126;1009.306;80.52;-540.704;1017.48;0;
2699727934;47.824;-71.126;1009.306;73.81;-488.0;990.03;0;
2699733016;30.744;-66.856;1010.282;73.81;-488.0;990.03;0;
2699738926;30.744;-66.856;1010.282;62.098;-421.266;963.434;0;
2699744824;2.562;-65.636;1012.722;62.098;-421.266;963.434;0;
2699751552;-27.572;-66.734;1014.43;46.238;-339.282;946.476;0;
2699757587;-27.572;-66.734;1014.43;32.452;-246.44;937.692;0;
2699764080;-31.232;-65.636;1016.26;32.452;-246.44;937.692;0;
2699769305;-31.232;-65.636;1016.26;24.278;-152.012;935.374;0;
2699775282;-28.182;-66.612;1017.236;24.278;-152.012;935.374;0;
2699782180;-52.826;-74.908;1017.236;25.498;-69.296;936.106;0;
2699788121;-52.826;-74.908;1017.236;25.132;5.612;933.666;0;
2699793036;-95.282;-69.662;1018.212;25.132;5.612;933.666;0;
2699798767;-95.282;-69.662;1018.212;18.91;80.886;931.958;0;
2699805889;-125.782;-45.75;1018.09;18.91;80.886;931.958;0;
2699811929;-121.512;-26.352;1020.408;11.346;150.426;937.692;0;
2699817961;-121.512;-26.352;1020.408;0.61;214.72;958.676;0;
2699823049;-93.818;-46.482;1020.164;0.61;214.72;958.676;0;
2699828866;-93.818;-46.482;1020.164;-13.42;271.328;987.102;0;
2699834855;-72.346;-68.686;1017.602;-13.42;271.328;987.102;0;
2699841759;-72.712;-63.684;1018.578;-30.744;329.156;1011.99;0;
2699848729;-72.712;-63.684;1018.578;-39.162;376.004;1024.922;0;
2699855316;-93.818;-60.146;1017.602;-39.162;376.004;1024.922;0;
2699861530;-116.632;-50.386;1020.896;-40.138;411.994;1032.2421;0;
2699868592;-116.632;-50.386;1020.896;-42.456;452.132;1039.562;0;
2699873955;-121.756;-49.776;1022.238;-42.456;452.132;1039.562;0;
2699881035;-105.164;-53.314;1020.286;-43.432;488.854;1057.13;0;
2699888941;-105.164;-53.314;1020.286;-48.8;530.578;1084.214;0;
2699894298;-77.714;-58.682;1017.846;-48.8;530.578;1084.214;0;
2699902597;-54.29;-62.586;1017.114;-55.998;569.252;1101.66;0;
2699908754;-54.29;-62.586;1017.114;-63.928;603.656;1109.834;0;
2699914027;-44.286;-58.926;1018.212;-63.928;603.656;1109.834;0;
2699921016;-45.384;-53.924;1015.894;-74.908;637.328;1112.762;0;
2699928835;-45.384;-53.924;1015.894;-85.156;667.096;1108.248;0;
2699934099;-46.482;-56.12;1016.016;-85.156;667.096;1108.248;0;
2699941094;-40.748;-59.78;1015.284;-93.818;696.864;1101.05;0;
2699948907;-40.748;-59.78;1015.284;-97.356;721.02;1091.412;0;
2699955369;-30.866;-58.194;1011.014;-97.356;721.02;1091.412;0;
2699961580;-14.884;-53.924;1012.478;-98.698;731.878;1075.064;0;
2699970309;-0.488;-50.02;1011.99;-98.698;727.852;1050.542;0;
2699978890;-0.488;-50.02;1011.99;-94.184;710.772;1025.532;0;
2699984066;1.098;-47.214;1001.864;-94.184;710.772;1025.532;0;
2699990881;23.18;-53.924;1002.474;-92.232;669.414;985.15;0;
2700000271;57.462;-61.976;1008.574;-71.736;609.878;963.8;0;
2700010256;109.8;-50.63;1005.036;-47.458;539.362;935.252;0;
2700020625;149.694;-57.706;1008.086;-26.718;450.912;898.53;0;
2700030108;143.106;-66.612;1009.55;7.442;358.558;889.99;0;
2700040259;142.008;-52.216;1006.744;43.432;267.424;887.306;0;
2700050500;151.036;-56.73;1006.5;74.786;170.312;891.576;0;
2700059892;179.218;-69.174;1005.402;90.89;79.422;894.992;0;
2700070043;209.718;-74.542;1001.62;100.04;-13.176;900.482;0;
2700080371;221.308;-74.054;1002.352;102.724;-109.678;919.27;0;
2700090420;215.208;-66.856;1008.208;91.5;-185.196;944.768;0;
2700099939;198.25;-71.248;1006.5;65.636;-254.004;968.802;0;
2700110270;192.882;-75.518;1005.89;47.458;-327.326;1001.62;0;
2700118934;162.87;-68.564;1006.256;47.458;-327.326;1001.62;0;
2700124209;162.87;-68.564;1006.256;65.27;-383.202;1056.032;0;
2700131191;140.422;-53.558;1000.888;83.57;-454.694;1088.3621;0;
2700138999;145.18;-79.666;991.372;83.57;-454.694;1088.3621;0;
2700145525;145.18;-79.666;991.372;91.744;-530.334;1097.146;0;
2700151659;148.596;-87.718;981.978;127.856;-585.356;1118.374;0;
2700160381;183.976;-54.168;981.734;142.252;-637.328;1131.428;0;
2700169040;198.128;-86.376;985.394;142.252;-637.328;1131.428;0;
2700174313;198.128;-86.376;985.394;105.164;-680.15;1158.8781;0;
2700181297;183.122;-87.23;985.272;85.4;-733.464;1140.4561;0;
2700189018;205.082;-40.504;988.322;85.4;-733.464;1140.4561;0;
2700194198;205.082;-40.504;988.322;102.968;-774.822;1122.766;0;
2700202498;246.318;-72.224;989.42;123.83;-790.804;1122.8881;0;
2700208649;267.18;-101.626;984.052;123.83;-790.804;1122.8881;0;
2700214011;267.18;-101.626;984.052;131.15;-786.656;1098.976;0;
2700221084;258.274;-71.98;987.712;136.396;-764.696;1071.4041;0;
2700228891;228.262;-58.438;995.52;136.396;-764.696;1071.4041;0;
2700234162;228.262;-58.438;995.52;138.226;-721.996;1048.9561;0;
2700241145;198.25;-61.732;996.374;128.954;-655.75;1032.8521;0;
2700248577;172.508;-65.88;994.666;128.954;-655.75;1032.8521;0;
2700253885;172.508;-65.88;994.666;116.388;-576.206;1010.77;0;
2700259952;147.742;-74.542;997.96;116.388;-576.206;1010.77;0;
2700266033;147.742;-74.542;997.96;101.87;-492.514;991.128;0;
2700272924;110.166;-70.394;998.326;94.428;-411.506;969.412;0;
2700278863;57.584;-54.778;998.936;94.428;-411.506;969.412;0;
2700283870;57.584;-54.778;998.936;95.16;-330.62;959.164;0;
2700289677;19.154;-60.024;1005.89;95.16;-330.62;959.164;0;
2700296909;19.154;-60.024;1005.89;95.77;-258.64;947.818;0;
2700302945;5.856;-68.442;1005.28;92.11;-191.906;933.422;0;
2700308795;-3.538;-58.194;1004.06;92.11;-191.906;933.422;0;
2700313890;-3.538;-58.194;1004.06;81.374;-125.538;927.932;0;
2700319788;-9.15;-54.9;1006.256;81.374;-125.538;927.932;0;
2700325696;-9.15;-54.9;1006.256;69.662;-64.416;928.908;0;
2700332421;-10.614;-65.392;1006.866;56.12;-10.004;930.982;0;
2700338820;-14.03;-62.708;1006.988;56.12;-10.004;930.982;0;
2700343944;-14.03;-62.708;1006.988;33.184;39.65;935.862;0;
2700349748;-16.104;-57.096;1008.33;33.184;39.65;935.862;0;
2700355572;-16.104;-57.096;1008.33;10.004;86.132;941.962;0;
2700362292;-18.91;-70.516;1007.598;-6.954;131.76;950.746;0;
2700368227;-20.984;-57.218;1008.94;-6.954;131.76;950.746;0;
2700373320;-20.984;-57.218;1008.94;-22.204;175.314;965.142;0;
2700379305;-42.09;-69.54;1008.94;-22.204;175.314;965.142;0;
2700386617;-42.09;-69.54;1008.94;-31.476;219.6;968.192;0;
2700392740;-87.108;-86.986;1013.698;-38.43;256.322;965.508;0;
2700398773;-133.956;-48.8;1016.992;-38.43;256.322;965.508;0;
2700404049;-133.956;-48.8;1016.992;-47.458;281.698;958.432;0;
2700410110;-155.306;-25.986;1016.504;-47.458;281.698;958.432;0;
2700416197;-155.306;-25.986;1016.504;-53.68;313.052;966.85;0;
2700423180;-126.88;-40.26;1017.968;-55.51;346.846;999.18;0;
2700429757;-70.272;-63.318;1015.406;-55.51;346.846;999.18;0;
2700434976;-70.272;-63.318;1015.406;-63.928;380.03;1030.168;0;
2700441036;-42.578;-71.248;1013.942;-63.928;380.03;1030.168;0;
2700447122;-42.578;-71.248;1013.942;-82.594;415.898;1050.176;0;
2700454105;-57.462;-69.54;1014.552;-92.964;445.422;1045.418;0;
2700459369;-93.208;-49.288;1016.992;-92.964;445.422;1045.418;0;
2700465452;-93.208;-49.288;1016.992;-99.674;478.362;1045.418;0;
2700472438;-125.416;-29.89;1021.628;-108.702;511.79;1057.8621;0;
2700479203;-121.878;-34.892;1020.652;-108.702;511.79;1057.8621;0;
2700484690;-121.878;-34.892;1020.652;-116.388;545.828;1071.4041;0;
2700490923;-84.79;-52.826;1016.992;-116.388;545.828;1071.4041;0;
2700497091;-84.79;-52.826;1016.992;-124.074;583.648;1092.632;0;
2700504162;-40.26;-60.756;1015.894;-130.784;618.54;1103.6121;0;
2700509517;-14.03;-59.536;1015.04;-130.784;618.54;1103.6121;0;
2700515687;-14.03;-59.536;1015.04;-136.03;655.14;1102.1481;0;
2700524068;-15.982;-57.34;1015.894;-135.176;687.836;1092.266;0;
2700529457;-33.672;-54.778;1012.234;-135.176;687.836;1092.266;0;
2700535621;-33.672;-54.778;1012.234;-130.418;714.676;1072.99;0;
2700541775;-40.748;-49.776;1007.842;-130.418;714.676;1072.99;0;
2700548852;-27.816;-41.358;1010.77;-129.808;733.952;1055.5441;0;
2700554214;-27.816;-41.358;1010.77;-132.004;741.882;1034.682;0;
2700560373;-18.544;-46.604;1006.5;-132.004;741.882;1034.682;0;
2700568760;7.442;-57.95;1000.522;-128.954;737.978;1013.21;0;
2700573977;7.442;-57.95;1000.522;-122.122;698.206;964.166;0;
2700579864;49.166;-64.904;1008.696;-122.122;698.206;964.166;0;
2700585859;49.166;-64.904;1008.696;-103.7;633.18;923.906;0;
2700591844;83.57;-53.802;1011.624;-103.7;633.18;923.906;0;
2700598751;132.37;-47.702;1011.624;-72.468;562.664;906.582;0;
2700603932;132.37;-47.702;1011.624;-31.354;470.188;877.912;0;
2700609916;151.402;-67.222;1009.428;-31.354;470.188;877.912;0;
2700617222;151.402;-67.222;1009.428;10.98;360.876;859.734;0;
2700622347;144.204;-57.218;1006.744;10.98;360.876;859.734;0;
2700629158;143.716;-50.386;1007.476;49.532;250.71;864.492;0;
2700634249;143.716;-50.386;1007.476;81.984;142.252;878.4;0;
2700640150;146.156;-53.436;1006.378;81.984;142.252;878.4;0;
2700646059;146.156;-53.436;1006.378;93.086;41.602;894.138;0;
2700651865;165.554;-48.922;1005.646;93.086;41.602;894.138;0;
2700658595;194.224;-73.688;1003.938;91.5;-55.876;905.484;0;
2700665002;194.224;-73.688;1003.938;77.47;-140.544;917.806;0;
2700670204;223.138;-75.64;1001.132;77.47;-140.544;917.806;0;
2700676200;223.138;-75.64;1001.132;55.388;-216.184;936.716;0;
2700682178;234.484;-64.904;1003.206;55.388;-216.184;936.716;0;
2700689083;222.406;-72.956;1007.11;44.408;-294.874;966.85;0;
2700694259;222.406;-72.956;1007.11;52.46;-363.194;1005.402;0;
2700700332;209.596;-66.856;1006.744;52.46;-363.194;1005.402;0;
2700708637;203.984;-67.832;1005.89;77.348;-424.194;1034.316;0;
2700714792;203.984;-67.832;1005.89;95.16;-483.486;1081.042;0;
2700720065;168.97;-77.47;994.91;95.16;-483.486;1081.042;0;
2700726059;168.97;-77.47;994.91;122.61;-542.168;1108.4921;0;
2700732129;141.642;-52.826;981.002;122.61;-542.168;1108.4921;0;
2700739121;142.13;-70.516;976.122;140.91;-582.184;1129.11;0;
2700744393;142.13;-70.516;976.122;142.862;-614.27;1162.2941;0;
2700750467;142.008;-89.67;974.536;142.862;-614.27;1162.2941;0;
2700758645;176.656;-56.486;976.488;157.624;-665.51;1162.2941;0;
2700764805;176.656;-56.486;976.488;178.608;-714.676;1142.1641;0;
2700770084;200.812;-80.764;977.098;178.608;-714.676;1142.1641;0;
2700776161;200.812;-80.764;977.098;213.5;-742.98;1137.406;0;
2700782225;185.196;-87.596;975.512;213.5;-742.98;1137.406;0;
2700789219;197.762;-44.652;977.586;228.262;-767.746;1143.994;0;
2700795339;197.762;-44.652;977.586;231.068;-795.196;1116.3;0;
2700806950;232.898;-61.976;980.026;234.728;-805.566;1087.5081;0;
2700812251;248.026;-95.16;978.318;234.728;-805.566;1087.5081;0;
2700819237;242.78;-81.984;981.612;227.652;-800.93;1062.986;0;
2700825356;242.78;-81.984;981.612;216.184;-782.142;1026.5081;0;
2700830622;213.378;-56.73;985.882;216.184;-782.142;1026.5081;0;
2700836702;213.378;-56.73;985.882;198.86;-732.976;1004.304;0;
2700842771;179.462;-45.506;987.956;198.86;-732.976;1004.304;0;
2700851085;157.99;-60.512;991.86;182.268;-664.412;982.344;0;
2700856308;157.99;-60.512;991.86;178.364;-593.042;954.162;0;
2700862285;130.052;-80.032;994.056;178.364;-593.042;954.162;0;
2700869184;83.448;-60.512;994.91;169.336;-514.108;915.976;0;
2700875975;83.448;-60.512;994.91;152.5;-421.266;893.772;0;
2700881064;38.796;-49.776;998.936;152.5;-421.266;893.772;0;
2700887876;18.544;-69.784;1001.132;142.618;-324.154;878.4;0;
2700895602;18.544;-69.784;1001.132;132.248;-227.286;868.274;0;
2700902089;0.488;-56.608;1000.278;132.248;-227.286;868.274;0;
2700908120;-16.348;-48.19;1002.23;122.244;-128.588;875.96;0;
2700915943;-16.348;-48.19;1002.23;114.07;-35.746;880.23;0;
2700921117;-17.202;-63.562;1003.45;114.07;-35.746;880.23;0;
2700928023;-15.616;-58.56;1004.914;102.114;52.826;892.796;0;
2700936507;-15.616;-58.56;1004.914;84.79;126.514;924.272;0;
2700941627;-10.126;-58.072;1006.256;84.79;126.514;924.272;0;
2700948443;-9.516;-69.784;1005.768;65.148;193.37;946.476;0;
2700956470;-9.516;-69.784;1005.768;42.7;263.764;956.114;0;
2700961501;-18.544;-56.852;1007.11;42.7;263.764;956.114;0;
2700968312;-28.914;-75.884;1011.014;23.424;331.596;984.296;0;
2700977700;-28.67;-50.508;1009.306;-1.586;391.01;1015.284;0;
2700986278;-28.67;-50.508;1009.306;0.854;449.326;1028.948;0;
2700991364;-24.888;-18.422;1005.646;0.854;449.326;1028.948;0;
2700998179;-30.378;-51.24;1001.01;2.928;513.132;1066.28;0;
2701006293;-30.378;-51.24;1001.01;-40.626;565.592;1100.318;0;
2701011593;-41.968;-61.366;1006.988;-40.626;565.592;1100.318;0;
2701018577;-77.47;-45.14;1016.626;-64.416;617.808;1098.976;0;
2701026394;-77.47;-45.14;1016.626;-70.516;675.636;1121.4241;0;
2701031663;-82.594;-25.498;1019.432;-70.516;675.636;1121.4241;0;
2701038647;-62.342;-67.71;1016.87;-83.57;729.56;1135.942;0;
2701048217;-76.006;-52.826;1015.284;-81.008;774.09;1121.4241;0;
2701057787;-106.018;-17.446;1020.53;-79.788;810.08;1112.396;0;
2701067913;-126.026;-46.604;1020.896;-91.134;838.018;1102.392;0;
2701077612;-127.246;-34.648;1019.554;-90.768;841.434;1086.0441;0;
2701088126;-119.56;-16.714;1020.408;-84.18;816.424;1059.692;0;
2701097795;-107.238;-27.694;1021.75;-71.126;770.186;1038.708;0;
2701107455;-91.622;-49.654;1019.554;-45.018;703.086;1019.432;0;
2701117879;-82.472;-62.098;1012.478;-20.008;619.516;1003.084;0;
2701127451;-67.1;-55.998;1011.99;-1.22;522.77;977.586;0;
2701137310;-50.02;-58.072;1015.894;14.03;432.002;953.43;0;
2701147577;-30.134;-54.778;1015.162;25.254;354.41;959.53;0;
2701157826;5.612;-36.234;1015.894;21.472;279.258;955.992;0;
2701167888;28.67;-36.478;1015.284;10.004;210.45;952.698;0;
2701176278;46.97;-52.216;1011.746;10.004;210.45;952.698;0;
2701181282;46.97;-52.216;1011.746;-1.098;147.742;952.088;0;
2701188004;71.736;-58.56;1010.526;-12.444;96.502;952.576;0;
2701196392;97.112;-57.096;1009.794;-12.444;96.502;952.576;0;
2701202710;97.112;-57.096;1009.794;-20.496;51.85;954.284;0;
2701208653;116.266;-56.73;1008.33;-22.814;7.808;954.528;0;
2701216204;129.808;-60.634;1007.11;-22.814;7.808;954.528;0;
2701221209;129.808;-60.634;1007.11;-20.008;-29.89;960.018;0;
2701228107;142.618;-59.414;1007.842;-8.418;-67.71;961.238;0;
2701236587;144.448;-59.292;1008.696;-8.418;-67.71;961.238;0;
2701241724;144.448;-59.292;1008.696;16.592;-100.406;967.704;0;
2701249952;141.154;-50.874;1006.866;47.702;-128.222;981.734;0;
2701256868;141.886;-32.086;1008.086;47.702;-128.222;981.734;0;
2701262062;141.886;-32.086;1008.086;70.272;-161.65;989.176;0;
2701268960;144.57;-27.816;1009.794;71.858;-180.316;991.738;0;
2701276687;152.134;-43.432;1007.72;71.858;-180.316;991.738;0;
2701281874;152.134;-43.432;1007.72;59.78;-195.566;994.91;0;
2701288768;180.316;-63.196;1005.768;53.558;-223.26;997.35;0;
2701296487;223.748;-71.492;1004.182;53.558;-223.26;997.35;0;
2701302986;223.748;-71.492;1004.182;49.41;-248.88;999.668;0;
2701309110;249.246;-76.372;1001.498;54.29;-276.452;1001.01;0;
2701316077;244.122;-76.006;1002.596;54.29;-276.452;1001.01;0;
2701321346;244.122;-76.006;1002.596;64.416;-304.634;1014.43;0;
2701327415;225.212;-66.49;1005.28;64.416;-304.634;1014.43;0;
2701333500;225.212;-66.49;1005.28;50.996;-335.134;1031.51;0;
2701340485;210.328;-65.636;1003.816;46.726;-364.78;1044.686;0;
2701347063;214.72;-68.93;1004.182;46.726;-364.78;1044.686;0;
2701352371;214.72;-68.93;1004.182;54.534;-396.012;1053.714;0;
2701359344;232.898;-66.368;1003.938;55.266;-432.856;1056.276;0;
2701366308;242.048;-71.37;1001.62;55.266;-432.856;1056.276;0;
2701371579;242.048;-71.37;1001.62;63.074;-468.114;1066.524;0;
2701377652;230.824;-71.98;1000.522;63.074;-468.114;1066.524;0;
2701383733;230.824;-71.98;1000.522;76.25;-506.91;1078.48;0;
2701390718;207.644;-64.538;1002.718;93.94;-552.416;1088.972;0;
2701397303;182.024;-65.392;1004.548;93.94;-552.416;1088.972;0;
2701402611;182.024;-65.392;1004.548;112.606;-595.238;1096.048;0;
2701409676;162.87;-67.71;1003.816;125.66;-630.008;1089.338;0;
2701415879;156.648;-63.928;1005.036;125.66;-630.008;1089.338;0;
2701421238;156.648;-63.928;1005.036;129.198;-652.944;1073.9661;0;
2701427393;155.306;-66.49;1005.402;129.198;-652.944;1073.9661;0;
2701433562;155.306;-66.49;1005.402;125.416;-667.218;1057.984;0;
2701441944;156.404;-73.078;1004.182;116.266;-669.048;1027.972;0;
2701447332;144.814;-68.686;1004.182;116.266;-669.048;1027.972;0;
2701453494;144.814;-68.686;1004.182;106.872;-628.91;1021.872;0;
2701460566;112.728;-64.538;1006.134;123.098;-571.326;1006.012;0;
2701465921;87.352;-69.662;1007.72;123.098;-571.326;1006.012;0;
2701472005;87.352;-69.662;1007.72;125.294;-505.08;959.164;0;
2701477985;69.784;-64.05;1009.184;125.294;-505.08;959.164;0;
2701483979;69.784;-64.05;1009.184;100.162;-414.068;945.622;0;
2701492193;36.234;-56.608;1011.014;78.69;-314.028;931.592;0;
2701497316;-1.586;-60.268;1013.454;78.69;-314.028;931.592;0;
2701503218;-1.586;-60.268;1013.454;52.948;-202.886;927.81;0;
2701510026;-22.204;-63.928;1011.746;57.096;-125.904;919.514;0;
2701516046;-24.4;-57.828;1011.014;57.096;-125.904;919.514;0;
2701521226;-24.4;-57.828;1011.014;60.512;-57.462;921.1;0;
2701527122;-20.74;-65.758;1015.406;60.512;-57.462;921.1;0;
2701534345;-20.74;-65.758;1015.406;45.018;23.18;937.082;0;
2701540289;-22.204;-67.466;1013.698;30.988;91.622;943.914;0;
2701546137;-37.942;-67.71;1013.332;30.988;91.622;943.914;0;
2701551147;-37.942;-67.71;1013.332;17.69;155.916;951.6;0;
2701557033;-76.25;-72.346;1016.504;17.69;155.916;951.6;0;
2701562948;-76.25;-72.346;1016.504;4.026;209.84;953.552;0;
2701568758;-112.728;-59.658;1018.334;4.026;209.84;953.552;0;
2701574664;-112.728;-59.658;1018.334;-14.762;264.74;963.312;0;
2701582849;-125.294;-43.432;1019.188;-25.986;312.076;974.78;0;
2701588154;-113.46;-25.376;1019.798;-25.986;312.076;974.78;0;
2701594233;-113.46;-25.376;1019.798;-23.18;353.678;994.91;0;
2701601215;-93.086;-56.73;1019.066;-17.568;395.89;1024.922;0;
2701606477;-79.788;-75.274;1019.188;-17.568;395.89;1024.922;0;
2701612559;-79.788;-75.274;1019.188;-15.86;430.904;1043.1;0;
2701618634;-77.836;-52.704;1018.944;-15.86;430.904;1043.1;0;
2701627056;-91.256;-50.996;1019.554;-11.956;462.746;1050.542;0;
2701632371;-91.256;-50.996;1019.554;-13.664;496.54;1061.278;0;
2701638428;-109.068;-58.56;1019.432;-13.664;496.54;1061.278;0;
2701644601;-109.068;-58.56;1019.432;-22.814;527.406;1072.136;0;
2701651667;-114.314;-53.924;1018.456;-31.476;553.148;1079.4561;0;
2701657024;-102.602;-40.626;1022.482;-31.476;553.148;1079.4561;0;
2701663193;-102.602;-40.626;1022.482;-36.356;579.134;1091.412;0;
2701669350;-78.446;-46.116;1021.018;-36.356;579.134;1091.412;0;
2701677662;-53.436;-63.684;1015.284;-42.334;605.364;1104.588;0;
2701682968;-53.436;-63.684;1015.284;-50.142;630.862;1109.3461;0;
2701689034;-35.99;-62.22;1013.088;-50.142;630.862;1109.3461;0;
2701696024;-30.866;-53.802;1016.138;-52.948;651.602;1104.954;0;
2701701294;-30.866;-53.802;1016.138;-50.996;670.878;1095.438;0;
2701707364;-35.746;-53.07;1018.212;-50.996;670.878;1095.438;0;
2701713450;-35.746;-53.07;1018.212;-51.362;692.594;1082.262;0;
2701721751;-38.43;-55.876;1006.866;-54.534;710.772;1063.3521;0;
2701727051;-30.5;-58.194;1005.89;-54.534;710.772;1063.3521;0;
2701733122;-30.5;-58.194;1005.89;-59.414;716.384;1041.514;0;
2701739193;-19.398;-54.656;1013.088;-59.414;716.384;1041.514;0;
2701746185;-15.006;-50.874;1000.766;-66.002;711.504;1013.698;0;
2701752301;-15.006;-50.874;1000.766;-73.2;697.474;986.492;0;
2701757472;7.442;-52.704;1002.474;-73.2;697.474;986.492;0;
2701764620;7.442;-52.704;1002.474;-65.514;662.826;958.066;0;
2701769655;42.944;-59.17;1013.576;-65.514;662.826;958.066;0;
2701776464;108.946;-52.948;1007.964;-61.732;607.316;914.878;0;
2701782494;108.946;-52.948;1007.964;-55.144;534.726;865.956;0;
2701787668;153.964;-57.096;1006.134;-55.144;534.726;865.956;0;
2701793665;153.964;-57.096;1006.134;-15.128;448.716;853.146;0;
2701799645;150.304;-71.37;1010.16;-15.128;448.716;853.146;0;
2701806551;148.23;-56.608;1010.282;36.112;347.09;848.632;0;
2701812955;148.23;-56.608;1010.282;82.35;238.022;852.536;0;
2701818083;144.57;-49.41;1009.184;82.35;238.022;852.536;0;
2701823984;144.57;-49.41;1009.184;122.732;125.416;862.052;0;
2701829965;155.916;-55.998;1008.818;122.732;125.416;862.052;0;
2701836870;183.122;-64.66;1006.134;153.842;18.544;876.57;0;
2701842809;183.122;-64.66;1006.134;172.508;-89.182;902.19;0;
2701847985;202.886;-86.254;1006.378;172.508;-89.182;902.19;0;
2701853982;202.886;-86.254;1006.378;175.558;-185.684;947.94;0;
2701862287;181.17;-69.052;1004.67;164.09;-280.234;973.194;0;
2701867586;154.086;-38.43;1003.816;164.09;-280.234;973.194;0;
2701873660;154.086;-38.43;1003.816;133.956;-363.804;996.74;0;
2701879733;138.958;-81.13;1000.278;133.956;-363.804;996.74;0;
2701886720;139.568;-78.69;1002.352;106.384;-425.536;1064.694;0;
2701892928;139.568;-78.69;1002.352;94.916;-513.864;1089.826;0;
2701898197;152.5;-57.706;1007.476;94.916;-513.864;1089.826;0;
2701906511;153.964;-81.496;1004.67;112.118;-591.334;1114.47;0;
2701912755;153.964;-81.496;1004.67;134.81;-655.262;1149.85;0;
2701918125;179.95;-80.52;1008.452;134.81;-655.262;1149.85;0;
2701924286;179.95;-80.52;1008.452;148.108;-721.508;1152.9;0;
2701930447;184.464;-71.37;1000.034;148.108;-721.508;1152.9;0;
2701937520;195.078;-71.98;990.64;158.112;-778.726;1157.048;0;
2701943642;195.078;-71.98;990.64;158.356;-822.036;1145.458;0;
2701950214;218.136;-97.966;994.3;158.356;-822.036;1145.458;0;
2701956431;197.274;-92.842;989.298;176.534;-829.478;1140.578;0;
2701963402;197.274;-92.842;989.298;169.946;-816.79;1138.9921;0;
2701968670;197.152;-44.042;984.296;169.946;-816.79;1138.9921;0;
2701975659;221.064;-48.556;986.858;143.594;-795.318;1084.3361;0;
2701983469;221.064;-48.556;986.858;124.074;-743.346;1047.004;0;
2701988734;242.17;-93.33;984.906;124.074;-743.346;1047.004;0;
2701995722;256.566;-81.008;984.174;99.552;-669.048;1032.974;0;
2702003907;256.566;-81.008;984.174;86.132;-596.946;993.934;0;
2702009033;247.294;-56.364;988.81;86.132;-596.946;993.934;0;
2702015841;211.792;-54.656;991.128;82.228;-508.862;987.59;0;
2702023478;211.792;-54.656;991.128;77.348;-424.926;986.004;0;
2702028559;183.0;-59.658;989.786;77.348;-424.926;986.004;0;
2702035377;167.018;-67.222;991.494;72.346;-355.996;974.536;0;
2702043863;167.018;-67.222;991.494;68.93;-293.41;967.948;0;
2702050353;147.742;-70.394;995.276;68.93;-293.41;967.948;0;
2702056396;109.434;-64.782;996.374;71.98;-238.388;959.896;0;
2702064036;109.434;-64.782;996.374;74.664;-187.148;957.09;0;
2702069125;61.488;-55.998;997.716;74.664;-187.148;957.09;0;
2702075854;27.45;-49.898;1003.084;68.93;-143.35;946.964;0;
2702085246;9.638;-59.292;1003.328;62.708;-99.064;943.304;0;
2702095310;0.244;-65.27;1001.132;53.68;-60.878;940.864;0;
2702105368;-12.078;-52.094;1005.158;30.988;-30.256;939.766;0;
2702115224;-16.836;-58.316;1005.036;3.05;3.294;936.838;0;
2702125237;-17.08;-64.782;1005.524;-9.272;36.478;941.718;0;
2702135390;-16.104;-55.998;1006.5;-15.86;67.71;950.502;0;
2702145632;-9.516;-56.486;1007.598;-25.498;100.162;953.43;0;
2702155021;-8.906;-59.17;1010.16;-34.404;125.66;955.504;0;
2702165264;-15.982;-66.002;1010.892;-45.018;152.5;967.216;0;
2702174745;-45.14;-77.47;1010.282;-53.192;183.854;970.998;0;
2702185070;-99.186;-55.022;1013.332;-61.854;214.11;963.068;0;
2702195023;-143.96;-37.82;1017.236;-73.444;244.976;961.36;0;
2702205478;-142.862;-34.404;1016.992;-86.864;277.428;972.218;0;
2702215063;-99.918;-49.166;1016.138;-98.576;311.344;997.106;0;
2702225395;-65.88;-78.812;1012.722;-105.652;343.918;1021.872;0;
2702235055;-64.416;-68.808;1011.38;-112.118;376.98;1035.658;0;
2702243802;-92.11;-55.876;1013.82;-112.118;376.98;1035.658;0;
2702249163;-92.11;-55.876;1013.82;-120.292;415.166;1037.0;0;
2702257553;-122.854;-50.142;1016.748;-130.296;454.45;1041.1481;0;
2702263879;-126.514;-38.064;1020.896;-130.296;454.45;1041.1481;0;
2702269340;-126.514;-38.064;1020.896;-140.666;493.612;1055.666;0;
2702276492;-97.6;-43.432;1017.602;-153.476;538.63;1073.1121;0;
2702285306;-53.802;-59.17;1013.698;-167.018;589.382;1092.51;0;
2702294051;-25.01;-61.854;1013.454;-167.018;589.382;1092.51;0;
2702299413;-25.01;-61.854;1013.454;-175.68;637.206;1100.196;0;
2702307790;-24.522;-64.904;1010.648;-179.218;678.442;1093.486;0;
2702314035;-37.576;-56.852;1006.866;-179.218;678.442;1093.486;0;
2702319408;-37.576;-56.852;1006.866;-177.51;714.798;1077.87;0;
2702326474;-39.284;-42.212;1009.306;-178.608;739.686;1063.108;0;
2702333524;-33.306;-41.968;1012.356;-178.608;739.686;1063.108;0;
2702338886;-33.306;-41.968;1012.356;-178.608;740.54;1041.7581;0;
2702345953;-32.94;-46.238;1000.644;-164.09;716.994;1023.824;0;
2702353858;0.244;-56.486;1004.67;-164.09;716.994;1023.824;0;
2702360368;0.244;-56.486;1004.67;-142.13;654.408;979.172;0;
2702366404;30.378;-75.518;1010.526;-107.36;570.35;946.354;0;
2702374128;47.336;-77.714;1006.5;-107.36;570.35;946.354;0;
2702379310;47.336;-77.714;1006.5;-65.27;483.242;942.206;0;
2702386119;103.334;-45.018;1011.38;-30.378;381.982;907.68;0;
2702393839;137.86;-33.428;1007.11;-30.378;381.982;907.68;0;
2702399026;137.86;-33.428;1007.11;7.442;283.772;905.484;0;
2702406981;144.448;-64.904;1005.158;40.138;186.904;911.34;0;
2702413818;146.156;-63.318;1007.964;40.138;186.904;911.34;0;
2702418918;146.156;-63.318;1007.964;54.412;95.648;912.682;0;
2702424724;145.302;-46.36;1007.11;54.412;95.648;912.682;0;
2702430546;145.302;-46.36;1007.11;39.284;11.346;929.884;0;
2702437267;146.644;-55.388;1004.792;15.128;-66.734;938.546;0;
2702443204;163.968;-53.68;1004.914;15.128;-66.734;938.546;0;
2702448301;163.968;-53.68;1004.914;5.734;-129.808;950.746;0;
2702456556;198.86;-66.978;1004.426;3.782;-188.002;959.652;0;
2702463366;230.946;-79.178;1000.522;3.782;-188.002;959.652;0;
2702468463;230.946;-79.178;1000.522;8.784;-238.754;961.116;0;
2702474357;244.366;-66.368;999.912;8.784;-238.754;961.116;0;
2702480177;244.366;-66.368;999.912;25.254;-277.428;972.828;0;
2702486993;225.822;-74.786;1001.986;64.66;-314.028;998.936;0;
2702493865;205.204;-70.882;1003.938;64.66;-314.028;998.936;0;
2702499050;205.204;-70.882;1003.938;106.384;-349.774;1021.994;0;
2702507443;206.424;-52.704;1005.524;137.738;-383.812;1033.828;0;
2702513679;224.724;-75.518;1002.23;137.738;-383.812;1033.828;0;
2702519048;224.724;-75.518;1002.23;154.818;-414.678;1045.1741;0;
2702525199;248.148;-81.984;1000.034;154.818;-414.678;1045.1741;0;
2702531372;248.148;-81.984;1000.034;124.44;-445.3;1047.98;0;
2702538438;254.736;-60.634;1002.474;106.384;-472.384;1055.056;0;
2702543806;231.922;-71.126;1003.328;106.384;-472.384;1055.056;0;
2702551300;231.922;-71.126;1003.328;140.544;-487.39;1077.87;0;
2702557611;196.42;-73.566;1004.426;159.088;-500.2;1094.9501;0;
2702562965;169.458;-53.558;1005.402;159.088;-500.2;1094.9501;0;
2702569138;169.458;-53.558;1005.402;175.558;-513.864;1102.026;0;
2702575293;160.186;-63.806;1005.28;175.558;-513.864;1102.026;0;
2702581463;160.186;-63.806;1005.28;193.37;-523.258;1104.344;0;
2702588530;165.432;-73.81;1004.06;191.052;-533.628;1097.512;0;
2702595202;168.238;-61.976;1004.304;191.052;-533.628;1097.512;0;
2702600597;168.238;-61.976;1004.304;197.03;-543.632;1089.2161;0;
2702607665;150.182;-68.076;1004.914;205.692;-546.804;1088.972;0;
2702613011;123.098;-76.616;1005.646;205.692;-546.804;1088.972;0;
2702619185;123.098;-76.616;1005.646;210.816;-549.366;1083.604;0;
2702625339;106.262;-64.538;1009.062;210.816;-549.366;1083.604;0;
2702631513;106.262;-64.538;1009.062;214.72;-558.516;1066.036;0;
2702638579;90.524;-61.0;1010.892;216.306;-564.494;1047.126;0;
2702645161;73.2;-72.59;1007.598;216.306;-564.494;1047.126;0;
2702650474;73.2;-72.59;1007.598;214.964;-565.836;1023.458;0;
2702656535;58.682;-69.662;1006.866;214.964;-565.836;1023.458;0;
2702662614;58.682;-69.662;1006.866;206.79;-562.298;998.57;0;
2702669513;44.408;-54.412;1010.16;195.322;-550.098;973.804;0;
2702674694;31.964;-57.34;1011.014;195.322;-550.098;973.804;0;
2702680690;31.964;-57.34;1011.014;187.27;-535.824;936.472;0;
2702688900;9.638;-67.588;1012.966;175.924;-511.79;901.458;0;
2702694028;-16.47;-63.684;1014.674;175.924;-511.79;901.458;0;
2702700105;-16.47;-63.684;1014.674;164.456;-479.216;863.15;0;
2702706172;-23.912;-61.244;1015.162;164.456;-479.216;863.15;0;
2702712258;-23.912;-61.244;1015.162;161.894;-426.878;828.99;0;
2702719234;-21.106;-58.316;1008.33;219.6;-349.652;805.2;0;
2702724502;-34.648;-78.202;1010.526;219.6;-349.652;805.2;0;
2702730581;-34.648;-78.202;1010.526;270.23;-248.88;796.172;0;
2702738887;-63.44;-78.446;1018.212;232.044;-133.346;789.706;0;
2702744180;-87.474;-36.722;1015.772;232.044;-133.346;789.706;0;
2702750262;-87.474;-36.722;1015.772;164.334;-21.228;808.494;0;
2702756242;-72.102;-39.406;1017.846;164.334;-21.228;808.494;0;
2702762239;-72.102;-39.406;1017.846;132.492;93.696;845.948;0;
2702769046;-47.214;-76.86;1018.456;109.434;219.112;890.6;0;
2702774227;-51.606;-49.898;1019.066;109.434;219.112;890.6;0;
2702781530;-51.606;-49.898;1019.066;55.998;343.308;966.24;0;
2702786651;-57.34;-36.722;1014.552;55.998;343.308;966.24;0;
2702793459;-63.684;-67.222;1013.942;46.97;452.986;1015.162;0;
2702799489;-63.684;-67.222;1013.942;52.948;561.566;1057.74;0;
2702804664;-83.204;-4.514;1019.31;52.948;561.566;1057.74;0;
2702810576;-83.204;-4.514;1019.31;22.692;650.016;1130.574;0;
2702816468;-85.522;2.806;1018.212;22.692;650.016;1130.574;0;
2702823197;-74.908;-57.218;1012.356;16.47;710.894;1165.954;0;
2702829694;-74.908;-57.218;1012.356;15.86;759.694;1170.712;0;
2702834904;-93.818;-2.44;1018.456;15.86;759.694;1170.712;0;
2702840806;-93.818;-2.44;1018.456;3.782;796.782;1185.474;0;
2702846612;-132.126;22.936;1022.116;3.782;796.782;1185.474;0;
2702853426;-152.744;-12.322;1012.112;-3.416;822.28;1180.7161;0;
2702859550;-152.744;-12.322;1012.112;-36.844;819.84;1173.64;0;
2702864906;-137.128;9.638;1017.968;-36.844;819.84;1173.64;0;
2702873126;-98.454;7.93;1027.24;-71.248;799.222;1170.59;0;
2702879954;-98.454;7.93;1027.24;-88.572;771.894;1156.072;0;
2702885043;-55.022;-21.106;1019.92;-88.572;771.894;1156.072;0;
2702891123;-55.022;-21.106;1019.92;-107.848;731.39;1144.4821;0;
2702897284;-23.18;-19.886;1014.186;-107.848;731.39;1144.4821;0;
2702904363;-18.666;-25.742;1013.454;-114.802;681.614;1121.1801;0;
2702909723;-18.666;-25.742;1013.454;-83.326;640.378;1091.5341;0;
2702915792;-26.718;-25.376;1008.94;-83.326;640.378;1091.5341;0;
2702924087;-22.326;-12.322;1011.624;-38.064;598.776;1068.11;0;
2702930241;-22.326;-12.322;1011.624;-26.84;549.488;1048.59;0;
2702935514;-12.322;-16.958;1016.626;-26.84;549.488;1048.59;0;
2702941590;-12.322;-16.958;1016.626;-43.432;507.032;1034.438;0;
2702947659;-0.854;-30.378;1013.21;-43.432;507.032;1034.438;0;
2702954565;8.784;-43.676;1010.77;-41.114;465.43;1021.262;0;
2702960506;8.784;-43.676;1010.77;-10.614;425.536;1005.524;0;
2702966909;16.226;-41.846;1005.28;-10.614;425.536;1005.524;0;
2702973037;43.92;-23.546;1002.596;6.71;400.282;998.814;0;
2702980502;43.92;-23.546;1002.596;0.0;353.922;981.124;0;
2702985409;90.89;-5.734;1013.088;0.0;353.922;981.124;0;
2702991056;90.89;-5.734;1013.088;-18.422;309.27;957.822;0;
2702996870;120.292;-23.912;1008.086;-18.422;309.27;957.822;0;
2703003776;139.202;-46.726;1005.524;-25.01;285.114;946.11;0;
2703010654;139.202;-46.726;1005.524;-18.544;253.272;932.324;0;
2703017149;153.11;-38.674;1010.892;-18.544;253.272;932.324;0;
2703023278;154.94;-42.822;1006.866;-14.03;222.162;921.466;0;
2703031014;154.94;-42.822;1006.866;-6.344;183.488;908.9;0;
2703036104;173.972;-46.116;1005.89;-6.344;183.488;908.9;0;
2703042918;204.35;-49.532;1004.06;5.49;139.934;898.774;0;
2703051313;204.35;-49.532;1004.06;25.498;90.768;891.21;0;
2703056317;218.624;-57.95;1003.938;25.498;90.768;891.21;0;
2703063043;218.624;-50.63;1005.402;43.798;46.726;888.404;0;
2703071056;218.624;-50.63;1005.402;59.292;13.054;890.6;0;
2703076096;204.228;-55.754;1004.06;59.292;13.054;890.6;0;
2703082816;193.736;-56.12;1003.694;64.782;-30.988;900.604;0;
2703091300;193.736;-56.12;1003.694;30.866;-92.354;906.704;0;
2703096381;203.374;-45.628;1005.646;30.866;-92.354;906.704;0;
2703103201;214.964;-62.464;1002.474;-4.514;-148.23;918.66;0;
2703112682;226.432;-68.32;1002.23;12.322;-210.084;934.398;0;
2703122625;231.678;-54.168;1005.28;29.89;-277.672;955.504;0;
2703132991;218.99;-59.414;1003.45;21.96;-337.94;992.104;0;
2703142478;201.178;-65.758;1003.816;36.6;-410.774;1025.8981;0;
2703152900;186.416;-57.34;1005.402;64.05;-483.73;1068.72;0;
2703162470;175.314;-57.096;1005.524;85.888;-558.272;1109.468;0;
2703172885;172.752;-65.514;1006.012;108.946;-642.208;1139.236;0;
2703182548;169.702;-63.806;1005.28;127.368;-728.218;1167.418;0;
2703193055;155.184;-64.294;1002.962;137.494;-808.128;1182.668;0;
2703203064;138.714;-70.15;1004.182;134.078;-861.076;1184.254;0;
2703212761;122.976;-62.342;1007.598;120.902;-885.232;1171.8101;0;
2703222424;105.408;-56.364;1004.548;110.898;-870.836;1140.334;0;
2703232935;90.646;-65.392;1004.792;112.728;-815.814;1087.02;0;
2703242504;61.976;-55.876;1011.014;95.892;-727.364;1054.202;0;
2703252837;38.918;-47.458;1016.26;88.816;-596.946;1025.532;0;
2703262319;28.67;-61.244;1008.208;88.328;-471.53;987.346;0;
2703272299;1.22;-66.49;1007.354;92.598;-393.328;975.634;0;
2703282487;-23.912;-59.902;1015.528;87.596;-317.81;945.988;0;
2703292824;-27.694;-55.632;1017.236;45.506;-211.914;936.472;0;
2703301396;-25.376;-54.29;1017.358;45.506;-211.914;936.472;0;
2703306578;-25.376;-54.29;1017.358;21.716;-120.17;941.84;0;
2703313472;-40.26;-64.05;1014.796;9.394;-48.8;931.226;0;
2703322778;-76.738;-59.414;1019.798;2.806;13.908;929.884;0;
2703331077;-116.998;-44.286;1021.994;2.806;13.908;929.884;0;
2703337404;-116.998;-44.286;1021.994;2.928;69.418;926.102;0;
2703343361;-135.542;-39.406;1021.628;4.636;124.196;926.224;0;
2703350998;-110.532;-38.796;1025.532;4.636;124.196;926.224;0;
2703356094;-110.532;-38.796;1025.532;-1.83;179.95;960.262;0;
2703362988;-57.828;-69.052;984.784;-14.396;266.448;962.702;0;
2703371467;-62.952;-74.054;974.292;-14.396;266.448;962.702;0;
2703376565;-62.952;-74.054;974.292;-1.098;271.084;923.418;0;
2703384606;-116.876;-38.186;1005.402;11.59;275.964;904.02;0;
2703391518;-152.256;-38.552;1014.43;11.59;275.964;904.02;0;
2703396708;-152.256;-38.552;1014.43;12.444;305.366;909.51;0;
2703403604;-144.814;-38.674;1008.452;12.81;331.108;937.448;0;
2703411324;-99.186;-37.332;1001.62;12.81;331.108;937.448;0;
2703416419;-99.186;-37.332;1001.62;10.614;378.078;957.944;0;
2703422318;-47.214;-59.658;1006.866;10.614;378.078;957.944;0;
2703428227;-47.214;-59.658;1006.866;6.222;410.53;987.59;0;
2703436263;-13.542;-68.198;1006.378;-3.782;466.528;1026.02;0;
2703441479;-12.932;-59.78;1006.622;-3.782;466.528;1026.02;0;
2703447470;-12.932;-59.78;1006.622;-14.762;521.062;1047.614;0;
2703454455;-32.574;-51.606;1006.134;-28.182;583.892;1061.278;0;
2703461413;-50.996;-40.748;1012.356;-28.182;583.892;1061.278;0;
2703466683;-50.996;-40.748;1012.356;-45.994;646.234;1079.822;0;
2703472757;-51.118;-35.258;1010.038;-45.994;646.234;1079.822;0;
2703480145;-51.118;-35.258;1010.038;-66.124;713.822;1097.8781;0;
2703486359;-31.354;-47.946;1006.256;-82.716;780.068;1115.08;0;
2703491630;-0.122;-58.926;1005.402;-82.716;780.068;1115.08;0;
2703497621;-0.122;-58.926;1005.402;-100.406;840.092;1122.278;0;
2703504610;23.18;-53.558;999.424;-118.096;878.278;1110.8101;0;
2703510638;35.136;-42.09;1001.986;-118.096;878.278;1110.8101;0;
2703515912;35.136;-42.09;1001.986;-120.414;868.884;1081.652;0;
2703521976;41.358;-45.628;1004.06;-120.414;868.884;1081.652;0;
2703529372;41.358;-45.628;1004.06;-105.408;821.06;1049.8101;0;
2703535589;50.142;-59.902;991.494;-71.248;745.298;1021.14;0;
2703540687;73.078;-71.614;994.666;-71.248;745.298;1021.14;0;
2703546593;73.078;-71.614;994.666;-2.928;626.348;995.276;0;
2703552311;108.824;-63.44;1008.94;-2.928;626.348;995.276;0;
2703558226;108.824;-63.44;1008.94;52.338;0;1024.1901;0;
