5803374067;18.544;-24.278;1009.794;-11.712;17.446;1024.1901;0;
5803380878;18.422;-24.278;1009.794;-11.712;17.568;1024.1901;0;
5803387152;18.3;-24.4;1009.794;-11.712;17.568;1024.1901;0;
5803392282;18.3;-24.4;1009.794;-11.712;17.568;1024.1901;0;
5803398168;18.3;-24.4;1009.794;-11.712;17.568;1024.1901;0;
5803404079;18.3;-24.4;1009.794;-11.712;17.568;1024.1901;0;
5803410883;18.3;-24.4;1009.794;-11.834;17.568;1024.1901;0;
5803416823;18.422;-24.644;1009.794;-11.834;17.568;1024.1901;0;
5803421913;18.422;-24.644;1009.794;-11.834;17.69;1024.1901;0;
5803427807;18.422;-24.644;1009.794;-11.834;17.69;1024.1901;0;
5803435229;18.422;-24.644;1009.794;-11.834;17.69;1024.1901;0;
5803441269;18.422;-24.766;1009.794;-11.956;17.812;1024.1901;0;
5803446372;18.544;-24.766;1009.794;-11.956;17.812;1024.1901;0;
5803452283;18.544;-24.766;1009.794;-11.956;17.812;1024.1901;0;
5803458173;18.422;-24.766;1009.794;-11.956;17.812;1024.1901;0;
5803464088;18.422;-24.766;1009.794;-11.956;17.812;1024.1901;0;
5803470895;18.544;-24.644;1009.794;-11.956;17.934;1024.1901;0;
5803476831;0.732;-36.356;1009.672;-11.956;17.934;1024.1901;0;
5803483172;0.732;-36.356;1009.672;-11.712;15.25;1021.384;0;
5803488206;-65.392;-34.77;1011.014;-11.712;15.25;1021.384;0;
5803494193;-65.392;-34.77;1011.014;-11.712;6.832;1012.6;0;
5803500089;-174.704;3.294;1014.064;-11.712;6.832;1012.6;0;
5803505913;-174.704;3.294;1014.064;-14.396;4.27;1007.598;0;
5803512634;-253.882;29.158;1016.87;-9.882;17.934;1010.526;0;
5803517724;-248.514;-7.442;1016.504;-9.882;17.934;1010.526;0;
5803524949;-248.514;-7.442;1016.504;-5.246;30.012;1002.474;0;
5803530075;-191.052;-47.58;1016.382;-5.246;30.012;1002.474;0;
5803536062;-191.052;-47.58;1016.382;-13.908;46.116;1000.4;0;
5803543045;-118.218;-6.466;1015.528;-28.914;65.514;1013.942;0;
5803548220;-27.328;22.936;1016.87;-28.914;65.514;1013.942;0;
5803554127;-27.328;22.936;1016.87;-36.478;86.986;1028.338;0;
5803560022;71.248;-35.868;1015.894;-36.478;86.986;1028.338;0;
5803565938;71.248;-35.868;1015.894;-38.918;105.652;1037.854;0;
5803574144;132.248;-51.362;1013.088;-49.41;115.168;1040.782;0;
5803579449;144.692;-3.294;1011.136;-49.41;115.168;1040.782;0;
5803585438;144.692;-3.294;1011.136;-52.948;127.856;1041.1481;0;
5803592332;148.108;-1.952;1009.55;-49.41;134.444;1042.49;0;
5803597509;180.804;-20.984;1005.402;-49.41;134.444;1042.49;0;
5803603592;180.804;-20.984;1005.402;-50.508;138.226;1046.394;0;
5803609656;241.438;-27.572;1004.548;-50.508;138.226;1046.394;0;
5803617965;295.85;-35.136;1006.988;-47.58;137.25;1042.124;0;
5803623270;295.85;-35.136;1006.988;-39.772;130.052;1036.2681;0;
5803629336;309.88;-43.432;1007.232;-39.772;130.052;1036.2681;0;
5803635412;309.88;-43.432;1007.232;-29.28;118.462;1030.9;0;
5803642397;287.798;-47.214;1008.574;-19.886;102.602;1025.41;0;
5803647663;260.226;-33.306;1010.892;-19.886;102.602;1025.41;0;
5803653747;260.226;-33.306;1010.892;-8.662;81.008;1015.284;0;
5803659635;230.336;-10.858;1011.868;-8.662;81.008;1015.284;0;
5803667772;207.156;-7.93;1010.648;2.562;56.486;1005.89;0;
5803672724;207.156;-7.93;1010.648;8.784;31.842;1004.914;0;
5803678436;190.93;-23.79;1011.258;8.784;31.842;1004.914;0;
5803684254;190.93;-23.79;1011.258;14.03;3.294;1004.67;0;
5803690066;165.066;-32.086;1011.014;14.03;3.294;1004.67;0;
5803696796;104.92;-17.08;1010.77;11.59;-30.012;1006.012;0;
5803702824;104.92;-17.08;1010.77;12.2;-63.806;1016.748;0;
5803709305;9.76;-5.002;1012.356;12.2;-63.806;1016.748;0;
5803714263;9.76;-5.002;1012.356;21.594;-87.84;1043.954;0;
5803719970;-64.172;-20.496;1014.186;21.594;-87.84;1043.954;0;
5803726876;-91.012;-19.398;1014.064;23.79;-112.606;1047.614;0;
5803732992;-91.012;-19.398;1014.064;17.69;-138.104;1036.8781;0;
5803738255;-112.85;-9.394;1015.528;17.69;-138.104;1036.8781;0;
5803744338;-112.85;-9.394;1015.528;11.712;-151.524;1042.49;0;
5803750407;-150.792;-11.59;1016.626;11.712;-151.524;1042.49;0;
5803758810;-180.194;0.732;1016.992;11.102;-161.406;1037.0;0;
5803764026;-180.194;0.732;1016.992;11.834;-162.87;1035.78;0;
5803770002;-198.86;5.978;1016.138;11.834;-162.87;1035.78;0;
5803776912;-210.938;-9.272;1016.992;13.908;-156.892;1033.34;0;
5803783882;-210.938;-9.272;1016.992;19.764;-147.498;1023.702;0;
5803789145;-215.208;-25.498;1018.09;19.764;-147.498;1023.702;0;
5803795312;-215.208;-25.498;1018.09;18.91;-134.688;1013.088;0;
5803803688;-212.646;-24.034;1017.358;13.542;-116.876;1002.84;0;
5803809081;-202.642;-11.59;1014.552;13.542;-116.876;1002.84;0;
5803815242;-202.642;-11.59;1014.552;7.93;-94.794;995.032;0;
5803821131;-170.434;-9.638;1018.334;7.93;-94.794;995.032;0;
5803827857;-108.58;-8.418;1016.26;7.93;-65.514;996.13;0;
5803833710;-108.58;-8.418;1016.26;4.636;-31.964;1006.378;0;
5803838798;-9.394;-15.86;1011.746;4.636;-31.964;1006.378;0;
5803844619;-9.394;-15.86;1011.746;-6.954;-3.66;1013.088;0;
5803851746;85.644;-29.646;1018.944;-6.954;-3.66;1013.088;0;
5803857685;113.338;-32.696;1018.578;-12.444;26.718;1024.434;0;
5803863722;113.338;-32.696;1018.578;-12.688;55.754;1031.632;0;
5803868896;117.364;-16.348;1007.11;-12.688;55.754;1031.632;0;
5803874895;117.364;-16.348;1007.11;-17.202;78.446;1033.95;0;
5803880874;142.252;2.196;1005.402;-17.202;78.446;1033.95;0;
5803887606;188.978;-18.178;1009.184;-25.62;99.43;1040.66;0;
5803894488;188.978;-18.178;1009.184;-33.306;120.78;1049.8101;0;
5803901068;249.49;-41.236;1008.208;-33.306;120.78;1049.8101;0;
5803907286;293.776;-29.524;1008.086;-41.602;137.006;1051.64;0;
5803914258;293.776;-29.524;1008.086;-44.896;143.106;1047.736;0;
5803919524;298.046;-27.084;1008.574;-44.896;143.106;1047.736;0;
5803926515;275.842;-43.066;1009.672;-43.31;141.642;1038.22;0;
5803934334;275.842;-43.066;1009.672;-41.846;136.03;1030.5341;0;
5803939600;249.734;-38.064;1008.818;-41.846;136.03;1030.5341;0;
5803947899;225.456;-11.102;1010.526;-41.358;122.61;1022.848;0;
5803954902;225.456;-11.102;1010.526;-37.698;105.652;1012.844;0;
5803960172;205.814;-1.708;1010.77;-37.698;105.652;1012.844;0;
5803967067;174.826;-23.424;1010.77;-33.55;84.79;1007.11;0;
5803974791;174.826;-23.424;1010.77;-26.596;62.464;1010.038;0;
5803979967;100.894;-33.55;1013.088;-26.596;62.464;1010.038;0;
5803986866;1.098;-6.466;1014.796;-13.786;38.796;1018.822;0;
5803996076;-53.802;2.074;1014.918;-6.588;13.054;1025.288;0;
5804004843;-53.802;2.074;1014.918;-8.052;-8.174;1028.094;0;
5804009786;-65.27;-23.18;1013.82;-8.052;-8.174;1028.094;0;
5804016597;-75.518;-27.328;1013.698;-9.638;-29.646;1020.774;0;
5804026080;-106.994;-21.716;1013.82;-11.346;-48.8;1016.382;0;
5804036584;-169.214;-20.496;1014.552;-8.662;-61.244;1028.948;0;
5804046151;-221.308;1.464;1017.48;3.172;-74.908;1021.506;0;
5804056303;-239.12;15.25;1019.554;4.148;-77.836;1016.26;0;
5804066157;-231.434;-10.98;1018.212;-3.05;-71.492;1023.092;0;
5804075761;-213.988;-32.574;1020.042;-6.954;-70.882;1009.428;0;
5804086183;-202.154;-18.3;1019.92;-11.59;-62.22;1001.132;0;
5804095837;-191.784;0.244;1017.358;-14.03;-48.8;998.814;0;
5804106076;-165.31;-0.244;1016.504;-16.714;-32.208;997.96;0;
5804116405;-88.45;-9.272;1012.234;-26.84;-8.662;1001.62;0;
5804125796;31.964;-23.058;1013.698;-35.624;13.054;1016.138;0;
5804136031;101.87;-37.088;1016.382;-36.112;35.014;1030.778;0;
5804145977;105.774;-31.354;1013.942;-35.99;53.802;1032.608;0;
5804156337;112.118;-4.026;1008.94;-39.894;71.736;1033.34;0;
5804164827;140.91;2.806;1008.452;-39.894;71.736;1033.34;0;
5804169835;140.91;2.806;1008.452;-41.358;89.06;1042.49;0;
5804176552;199.226;-25.986;1007.598;-39.772;106.506;1050.42;0;
5804186121;264.984;-41.114;1005.646;-39.772;120.048;1055.178;0;
5804194783;301.096;-28.426;1007.842;-39.772;120.048;1055.178;0;
5804201247;301.096;-28.426;1007.842;-40.26;122.732;1048.834;0;
5804207456;294.508;-30.988;1006.988;-34.892;122.61;1039.318;0;
5804216179;264.862;-46.604;1006.622;-27.694;119.194;1037.976;0;
5804224837;237.656;-31.598;1006.744;-27.694;119.194;1037.976;0;
5804230105;237.656;-31.598;1006.744;-25.62;109.434;1029.558;0;
5804237090;217.16;-6.832;1008.452;-23.668;96.99;1022.726;0;
5804244723;200.08;-7.32;1010.038;-23.668;96.99;1022.726;0;
5804249834;200.08;-7.32;1010.038;-21.472;83.57;1014.43;0;
5804258164;161.406;-25.376;1010.282;-17.446;64.66;1004.792;0;
5804265067;70.638;-26.962;1013.088;-17.446;64.66;1004.792;0;
5804270163;70.638;-26.962;1013.088;-11.346;40.992;1010.404;0;
5804276976;-21.594;-8.784;1013.576;-10.004;20.74;1023.336;0;
5804284602;-56.974;-4.392;1011.746;-10.004;20.74;1023.336;0;
5804289692;-56.974;-4.392;1011.746;-8.052;5.856;1027.85;0;
5804295417;-66.978;-14.884;1012.478;-8.052;5.856;1027.85;0;
5804302559;-66.978;-14.884;1012.478;-2.318;-9.15;1025.776;0;
5804308603;-81.13;-17.324;1012.966;1.83;-25.132;1021.14;0;
5804314540;-125.538;-23.424;1012.722;1.83;-25.132;1021.14;0;
5804319726;-125.538;-23.424;1012.722;12.322;-36.6;1026.63;0;
5804325796;-192.272;-18.544;1014.308;12.322;-36.6;1026.63;0;
5804331881;-192.272;-18.544;1014.308;20.984;-44.652;1032.486;0;
5804338862;-234.85;12.688;1016.504;20.008;-49.898;1030.168;0;
5804344888;-244.0;11.712;1016.016;20.008;-49.898;1030.168;0;
5804351389;-244.0;11.712;1016.016;17.202;-48.8;1025.0441;0;
5804357517;-231.312;-26.474;1015.406;18.178;-44.042;1016.87;0;
5804364483;-215.33;-33.184;1015.65;18.178;-44.042;1016.87;0;
5804369754;-215.33;-33.184;1015.65;16.47;-35.624;1009.062;0;
5804375826;-207.278;-10.126;1014.674;16.47;-35.624;1009.062;0;
5804381908;-207.278;-10.126;1014.674;10.492;-25.132;1006.134;0;
5804388892;-194.102;-0.61;1015.894;6.344;-10.98;1002.718;0;
5804395289;-145.668;5.734;1012.844;6.344;-10.98;1002.718;0;
5804400334;-145.668;5.734;1012.844;-2.562;8.418;1003.45;0;
5804406045;-35.014;-8.662;1011.136;-2.562;8.418;1003.45;0;
5804411776;-35.014;-8.662;1011.136;-13.42;30.134;1015.528;0;
5804418591;69.784;-37.332;1016.626;-20.496;49.532;1025.0441;0;
5804424526;98.576;-32.452;1011.746;-20.496;49.532;1025.0441;0;
5804429621;98.576;-32.452;1011.746;-23.79;67.1;1028.704;0;
5804435518;95.648;-8.296;1006.5;-23.79;67.1;1028.704;0;
5804442649;95.648;-8.296;1006.5;-22.326;82.472;1031.144;0;
5804448594;111.386;4.514;1008.574;-21.594;93.086;1035.658;0;
5804454440;156.526;-9.15;1007.354;-21.594;93.086;1035.658;0;
5804459534;156.526;-9.15;1007.354;-26.84;101.382;1037.976;0;
5804465513;228.628;-34.404;1007.232;-26.84;101.382;1037.976;0;
5804471595;228.628;-34.404;1007.232;-30.988;107.238;1039.318;0;
5804478582;291.092;-40.138;1007.11;-30.988;108.092;1036.634;0;
5804483843;305.732;-32.452;1006.256;-30.988;108.092;1036.634;0;
5804491239;305.732;-32.452;1006.256;-28.06;100.65;1030.168;0;
5804496546;288.164;-33.672;1006.378;-28.06;100.65;1030.168;0;
5804502623;288.164;-33.672;1006.378;-22.936;86.986;1022.604;0;
5804509512;258.884;-37.82;1005.402;-17.69;73.566;1022.36;0;
5804514690;228.018;-25.62;1007.842;-17.69;73.566;1022.36;0;
5804520687;228.018;-25.62;1007.842;-14.396;49.166;1010.892;0;
5804526667;201.91;-9.15;1009.306;-14.396;49.166;1010.892;0;
5804534798;172.996;-8.418;1009.428;-13.786;26.23;1007.842;0;
5804539923;172.996;-8.418;1009.428;-9.272;1.952;1006.5;0;
5804545636;130.54;-25.01;1009.916;-9.272;1.952;1006.5;0;
5804551461;130.54;-25.01;1009.916;-3.294;-26.84;1001.864;0;
5804557445;65.758;-20.252;1010.892;-3.294;-26.84;1001.864;0;
5804563351;65.758;-20.252;1010.892;-3.172;-50.02;1021.75;0;
5804570160;-11.224;-3.294;1011.624;-5.368;-75.518;1038.22;0;
5804575247;-69.296;-17.202;1011.868;-5.368;-75.518;1038.22;0;
5804582568;-69.296;-17.202;1011.868;-8.662;-98.454;1040.782;0;
5804587783;-91.622;-21.96;1014.796;-8.662;-98.454;1040.782;0;
5804594679;-107.726;-11.468;1015.04;-9.394;-116.754;1034.926;0;
5804600039;-107.726;-11.468;1015.04;-10.492;-129.076;1033.95;0;
5804606284;-139.568;-13.298;1016.87;-10.492;-129.076;1033.95;0;
5804612542;-139.568;-13.298;1016.87;-6.954;-139.08;1035.4141;0;
5804619605;-177.632;-12.566;1018.212;-6.588;-145.912;1029.0701;0;
5804626286;-213.256;3.66;1016.138;-6.588;-145.912;1029.0701;0;
5804631497;-213.256;3.66;1016.138;-14.03;-141.52;1021.75;0;
5804637562;-233.386;10.37;1016.504;-14.03;-141.52;1021.75;0;
5804644640;-231.556;-15.25;1016.016;-11.346;-130.784;1018.212;0;
5804650093;-231.556;-15.25;1016.016;-7.32;-119.804;1004.304;0;
5804656245;-215.33;-32.94;1016.26;-7.32;-119.804;1004.304;0;
5804662412;-215.33;-32.94;1016.26;-8.906;-101.87;991.616;0;
5804669395;-200.446;-19.276;1016.748;-14.396;-76.616;988.932;0;
5804675975;-177.876;-0.854;1014.064;-14.396;-76.616;988.932;0;
5804681190;-177.876;-0.854;1014.064;-20.618;-47.702;987.712;0;
5804687163;-117.852;6.466;1011.624;-20.618;-47.702;987.712;0;
5804693072;-117.852;6.466;1011.624;-28.182;-12.81;995.52;0;
5804699884;-10.614;-16.836;1011.136;-34.282;23.79;1016.504;0;
5804705058;82.472;-37.698;1017.48;-34.282;23.79;1016.504;0;
5804710969;82.472;-37.698;1017.48;-36.844;55.876;1034.072;0;
5804718177;113.582;-31.354;1020.408;-36.844;55.876;1034.072;0;
5804724295;109.434;-18.544;1007.72;-36.966;85.766;1036.146;0;
5804730331;109.434;-18.544;1007.72;-39.406;115.29;1036.024;0;
5804735594;122.61;4.514;1000.278;-39.406;115.29;1036.024;0;
5804741502;122.61;4.514;1000.278;-43.676;136.64;1048.3461;0;
5804747394;172.264;-4.392;1007.964;-43.676;136.64;1048.3461;0;
5804754304;239.73;-43.066;1008.086;-48.19;158.6;1057.13;0;
5804760427;239.73;-43.066;1008.086;-52.948;175.924;1062.376;0;
5804767000;294.752;-40.138;1006.256;-52.948;175.924;1062.376;0;
5804772310;294.752;-40.138;1006.256;-56.364;181.17;1059.448;0;
5804778373;306.83;-23.18;1006.012;-56.364;181.17;1059.448;0;
5804785362;285.114;-30.988;1005.036;-53.802;180.316;1044.198;0;
5804790634;285.114;-30.988;1005.036;-45.384;174.338;1038.342;0;
5804796706;256.566;-38.918;1007.11;-45.384;174.338;1038.342;0;
5804802790;256.566;-38.918;1007.11;-40.138;163.114;1029.9241;0;
5804811088;229.36;-26.474;1007.476;-36.6;143.96;1015.65;0;
5804816387;201.544;-11.956;1011.014;-36.6;143.96;1015.65;0;
5804822465;201.544;-11.956;1011.014;-33.306;124.196;1007.11;0;
5804828534;163.968;-14.64;1012.234;-33.306;124.196;1007.11;0;
5804835523;88.084;-14.64;1011.014;-25.498;101.748;1008.208;0;
5804840702;88.084;-14.64;1011.014;-10.736;75.03;1014.43;0;
5804846601;0.732;-11.102;1011.258;-10.736;75.03;1014.43;0;
5804852422;0.732;-11.102;1011.258;-4.514;48.922;1020.042;0;
5804859459;-46.97;-10.126;1011.014;-4.514;48.922;1020.042;0;
5804865500;-59.414;-17.69;1011.746;-5.124;26.718;1025.532;0;
5804871449;-59.414;-17.69;1011.746;-2.196;4.148;1020.286;0;
5804876451;-66.246;-22.326;1012.356;-2.196;4.148;1020.286;0;
5804882275;-66.246;-22.326;1012.356;2.074;-17.568;1017.358;0;
5804888168;-98.454;-21.96;1014.796;2.074;-17.568;1017.358;0;
5804894983;-161.284;-21.35;1017.236;15.25;-35.014;1026.752;0;
5804901567;-161.284;-21.35;1017.236;26.84;-52.216;1028.094;0;
5804906868;-221.918;-0.61;1017.358;26.84;-52.216;1028.094;0;
5804913759;-246.44;13.176;1015.772;23.424;-61.854;1029.9241;0;
5804921483;-246.44;13.176;1015.772;18.422;-61.854;1029.558;0;
5804926655;-239.486;-10.492;1014.186;18.422;-61.854;1029.558;0;
5804933647;-222.04;-31.232;1018.212;18.3;-61.366;1019.92;0;
5804941461;-222.04;-31.232;1018.212;17.08;-56.486;1012.722;0;
5804946727;-209.718;-21.35;1018.7;17.08;-56.486;1012.722;0;
5804954910;-196.054;-8.906;1017.724;13.298;-49.776;1002.962;0;
5804961820;-196.054;-8.906;1017.724;6.466;-35.624;1002.352;0;
5804966910;-162.016;3.294;1013.82;6.466;-35.624;1002.352;0;
5804973643;-81.862;0.61;1010.526;-2.318;-15.86;1009.55;0;
5804982035;-81.862;0.61;1010.526;-8.906;2.928;1013.088;0;
5804986855;29.646;-33.184;1013.698;-8.906;2.928;1013.088;0;
5804993496;91.012;-39.894;1014.186;-14.03;21.838;1022.238;0;
5805001977;91.012;-39.894;1014.186;-17.812;38.796;1027.972;0;
5805008573;96.624;-15.494;1012.234;-17.812;38.796;1027.972;0;
5805014609;101.87;-3.538;1009.428;-15.86;55.998;1029.436;0;
5805022253;101.87;-3.538;1009.428;-15.494;69.784;1036.512;0;
5805027341;134.078;-1.22;1006.622;-15.494;69.784;1036.512;0;
5805034157;198.006;-20.13;1006.012;-22.082;79.788;1039.318;0;
5805043634;267.058;-42.334;1006.988;-27.694;87.962;1039.4401;0;
5805052227;267.058;-42.334;1006.988;-28.426;92.354;1038.098;0;
5805058733;301.218;-37.942;1007.964;-28.426;92.354;1038.098;0;
5805064854;294.264;-30.134;1007.72;-26.352;90.28;1031.266;0;
5805073485;270.596;-32.452;1006.866;-22.448;81.252;1025.166;0;
5805083813;241.56;-31.232;1007.11;-17.08;69.662;1020.896;0;
5805093295;213.744;-20.374;1005.89;-13.42;57.828;1023.824;0;
5805103624;192.394;-11.834;1006.866;-13.542;38.552;1012.844;0;
5805113947;161.04;-25.498;1010.404;-15.25;13.664;998.57;0;
5805123340;92.72;-21.472;1011.624;-14.274;-6.832;1011.136;0;
5805133194;-2.196;-6.344;1010.892;-3.782;-26.596;1025.166;0;
5805143373;-59.414;-10.858;1012.112;-3.294;-45.018;1036.756;0;
5805153706;-71.492;-13.42;1012.478;-9.516;-63.684;1033.0961;0;
5805163186;-80.032;-13.298;1011.502;-9.272;-79.788;1023.58;0;
5805173514;-116.754;-24.4;1011.258;-10.004;-89.548;1031.266;0;
5805183179;-177.632;-23.18;1012.722;-14.03;-97.722;1036.8781;0;
5805193684;-226.432;9.394;1016.26;-12.932;-103.578;1028.826;0;
5805203718;-244.854;17.446;1017.114;-5.368;-101.138;1018.456;0;
5805213328;-233.02;-19.276;1015.65;-4.758;-90.402;1013.21;0;
5805223747;-216.306;-39.406;1017.114;-8.784;-81.496;1004.426;0;
5805232409;-208.254;-15.128;1016.87;-8.784;-81.496;1004.426;0;
5805237680;-208.254;-15.128;1016.87;-13.786;-67.222;998.814;0;
5805244661;-195.322;4.026;1014.308;-16.348;-44.53;993.812;0;
5805252288;-152.866;0.244;1013.088;-16.348;-44.53;993.812;0;
5805257382;-152.866;0.244;1013.088;-21.228;-17.324;996.008;0;
5805265510;-57.218;-10.858;1012.6;-29.768;12.078;1010.282;0;
5805272417;53.68;-26.23;1015.284;-29.768;12.078;1010.282;0;
5805277520;53.68;-26.23;1015.284;-34.16;37.454;1021.506;0;
5805284323;102.114;-34.038;1015.162;-34.892;62.708;1029.0701;0;
5805292042;100.284;-23.546;1012.966;-34.892;62.708;1029.0701;0;
5805297228;100.284;-23.546;1012.966;-35.014;84.668;1035.292;0;
5805304125;109.556;-1.952;1007.11;-40.504;101.87;1036.39;0;
5805312308;147.986;0.244;1007.354;-40.504;101.87;1036.39;0;
5805317442;147.986;0.244;1007.354;-44.896;117.242;1042.49;0;
5805324246;214.598;-30.988;1006.988;-47.092;133.834;1052.3721;0;
5805332058;278.526;-43.92;1005.646;-47.092;133.834;1052.3721;0;
5805337332;278.526;-43.92;1005.646;-50.508;143.106;1052.25;0;
5805344319;302.926;-26.718;1009.428;-49.776;140.422;1044.442;0;
5805352140;289.262;-28.792;1007.354;-49.776;140.422;1044.442;0;
5805357413;289.262;-28.792;1007.354;-44.408;134.322;1034.438;0;
5805365724;261.202;-41.114;1007.354;-35.746;123.586;1028.826;0;
5805371875;235.826;-31.72;1006.622;-35.746;123.586;1028.826;0;
5805377148;235.826;-31.72;1006.622;-31.842;110.41;1025.166;0;
5805383219;212.036;-11.224;1007.964;-31.842;110.41;1025.166;0;
5805389299;212.036;-11.224;1007.964;-28.67;93.94;1019.066;0;
5805396195;186.416;-9.638;1013.332;-22.814;69.052;1003.816;0;
5805402129;137.738;-22.204;1012.6;-22.814;69.052;1003.816;0;
5805408626;137.738;-22.204;1012.6;-15.982;47.336;1006.744;0;
5805414752;52.46;-16.104;1011.258;-6.954;22.326;1017.968;0;
5805422303;-23.302;-7.564;1012.844;-6.954;22.326;1017.968;0;
5805427308;-23.302;-7.564;1012.844;-4.026;-5.368;1023.824;0;
5805433119;-58.926;-11.346;1012.234;-4.026;-5.368;1023.824;0;
5805439027;-58.926;-11.346;1012.234;-3.294;-23.79;1033.462;0;
5805445925;-72.712;-15.25;1013.698;-3.05;-44.53;1025.0441;0;
5805451948;-87.718;-18.178;1015.284;-3.05;-44.53;1025.0441;0;
5805458451;-87.718;-18.178;1015.284;-4.27;-63.562;1021.384;0;
5805463667;-134.2;-28.548;1015.894;-4.27;-63.562;1021.384;0;
5805469749;-134.2;-28.548;1015.894;5.49;-75.03;1032.364;0;
5805476641;-198.982;-16.104;1015.772;20.252;-86.376;1026.874;0;
5805481903;-238.388;14.518;1016.382;20.252;-86.376;1026.874;0;
5805487902;-238.388;14.518;1016.382;23.668;-88.938;1023.824;0;
5805493881;-240.828;6.222;1019.066;23.668;-88.938;1023.824;0;
5805501111;-240.828;6.222;1019.066;17.568;-84.912;1019.798;0;
5805507138;-225.822;-29.768;1017.48;15.494;-79.056;1010.526;0;
5805512413;-210.572;-31.598;1015.04;15.494;-79.056;1010.526;0;
5805518493;-210.572;-31.598;1015.04;14.03;-66.124;1004.182;0;
5805525477;-200.812;-4.148;1016.26;11.224;-53.802;994.056;0;
5805531406;-187.392;4.148;1015.162;11.224;-53.802;994.056;0;
5805536410;-187.392;4.148;1015.162;6.344;-33.184;995.154;0;
5805542133;-134.2;-2.44;1013.454;6.344;-33.184;995.154;0;
5805549270;-134.2;-2.44;1013.454;-3.538;-5.612;1001.132;0;
5805554388;-19.764;-17.324;1012.844;-3.538;-5.612;1001.132;0;
5805560293;-19.764;-17.324;1012.844;-14.762;23.302;1015.65;0;
5805567183;77.226;-32.574;1015.528;-21.35;49.898;1028.46;0;
5805572271;100.406;-30.622;1015.284;-21.35;49.898;1028.46;0;
5805578267;100.406;-30.622;1015.284;-23.302;70.028;1029.314;0;
5805584251;101.87;-12.322;1007.842;-23.302;70.028;1029.314;0;
5805590247;101.87;-12.322;1007.842;-26.108;92.842;1031.144;0;
5805598456;119.926;5.002;1005.402;-27.938;112.484;1042.246;0;
5805603576;166.652;-8.54;1008.086;-27.938;112.484;1042.246;0;
5805609565;166.652;-8.54;1008.086;-30.744;128.954;1047.37;0;
5805616462;235.948;-40.992;1006.744;-34.038;141.886;1051.396;0;
5805621731;291.336;-39.528;1004.304;-34.038;141.886;1051.396;0;
5805627814;291.336;-39.528;1004.304;-36.234;145.058;1047.736;0;
5805633878;301.218;-25.986;1006.866;-36.234;145.058;1047.736;0;
5805642185;276.94;-33.672;1006.012;-32.33;143.472;1038.708;0;
5805647492;276.94;-33.672;1006.012;-26.84;135.42;1033.462;0;
5805653558;251.076;-39.162;1004.426;-26.84;135.42;1033.462;0;
5805659638;251.076;-39.162;1004.426;-25.498;123.098;1023.214;0;
5805666622;229.116;-24.278;1007.11;-24.278;108.702;1019.432;0;
5805671890;204.228;-7.686;1007.964;-24.278;108.702;1019.432;0;
5805677884;204.228;-7.686;1007.964;-21.96;88.084;1008.208;0;
5805685091;173.362;-17.568;1008.94;-21.96;88.084;1008.208;0;
5805690312;173.362;-17.568;1008.94;-20.618;61.732;994.422;0;
5805697111;115.29;-24.4;1010.282;-19.886;35.868;1005.524;0;
5805702291;32.574;-11.59;1010.892;-19.886;35.868;1005.524;0;
5805708198;32.574;-11.59;1010.892;-11.59;11.224;1019.798;0;
5805714087;-34.282;-8.906;1011.624;-11.59;11.224;1019.798;0;
5805720000;-34.282;-8.906;1011.624;-6.588;-9.394;1032.974;0;
5805725809;-65.88;-16.104;1011.136;-6.588;-9.394;1032.974;0;
5805733941;-77.958;-16.348;1013.332;-5.124;-33.184;1029.0701;0;
5805739156;-77.958;-16.348;1013.332;-1.952;-55.022;1023.336;0;
5805745132;-102.48;-15.006;1016.382;-1.952;-55.022;1023.336;0;
5805752125;-153.598;-20.496;1015.772;2.562;-68.442;1035.78;0;
5805757303;-153.598;-20.496;1015.772;2.196;-84.668;1032.974;0;
5805763290;-206.79;-6.344;1014.43;2.196;-84.668;1032.974;0;
5805769194;-206.79;-6.344;1014.43;-2.684;-93.818;1033.462;0;
5805775179;-236.558;13.786;1015.406;-2.684;-93.818;1033.462;0;
5805783326;-236.802;-5.368;1017.48;1.098;-93.94;1031.998;0;
5805788472;-236.802;-5.368;1017.48;4.88;-90.28;1020.652;0;
5805794363;-221.796;-33.062;1019.676;4.88;-90.28;1020.652;0;
5805800357;-221.796;-33.062;1019.676;-0.122;-84.424;1010.77;0;
5805806428;-210.572;-27.206;1019.554;-0.122;-84.424;1010.77;0;
5805813416;-201.422;-8.784;1016.87;-8.418;-75.884;1001.986;0;
5805818601;-201.422;-8.784;1016.87;-13.908;-59.048;1000.4;0;
5805826183;-169.702;8.662;1014.918;-13.908;-59.048;1000.4;0;
5805832305;-88.328;3.05;1012.966;-22.326;-37.698;1001.376;0;
5805838246;-88.328;3.05;1012.966;-28.914;-12.566;1007.72;0;
5805843339;25.01;-34.648;1012.722;-28.914;-12.566;1007.72;0;
5805849336;25.01;-34.648;1012.722;-30.988;10.614;1020.286;0;
5805855231;92.476;-39.406;1014.674;-30.988;10.614;1020.286;0;
5805862043;97.356;-15.372;1012.112;-31.354;30.988;1027.3621;0;
5805867989;97.356;-15.372;1012.112;-29.402;50.386;1030.29;0;
5805874408;100.406;-7.198;1008.086;-29.402;50.386;1030.29;0;
5805879545;100.406;-7.198;1008.086;-31.598;64.416;1032.2421;0;
5805885433;132.37;-1.098;1007.232;-31.598;64.416;1032.2421;0;
5805892247;191.784;-19.52;1005.28;-35.014;78.812;1038.098;0;
5805898280;191.784;-19.52;1005.28;-36.6;92.232;1042.49;0;
5805903459;263.154;-44.652;1006.622;-36.6;92.232;1042.49;0;
5805909457;263.154;-44.652;1006.622;-36.6;100.772;1044.3201;0;
5805916835;302.804;-37.088;1008.086;-36.6;100.772;1044.3201;0;
5805923051;296.338;-30.744;1008.208;-33.672;101.26;1042.124;0;
5805928329;296.338;-30.744;1008.208;-30.134;93.818;1029.436;0;
5805934309;273.646;-33.428;1008.086;-30.134;93.818;1029.436;0;
5805941214;248.026;-30.744;1006.744;-26.352;84.18;1024.312;0;
5805948939;248.026;-30.744;1006.744;-22.57;72.834;1024.556;0;
5805954114;220.21;-18.3;1006.988;-22.57;72.834;1024.556;0;
5805960114;220.21;-18.3;1006.988;-20.496;58.682;1021.872;0;
5805967409;198.616;-12.81;1008.086;-20.496;58.682;1021.872;0;
5805973534;171.776;-26.352;1008.33;-20.008;35.624;1005.89;0;
5805978718;171.776;-26.352;1008.33;-18.178;16.47;1013.21;0;
5805984701;99.674;-17.568;1011.014;-18.178;16.47;1013.21;0;
5805991518;1.342;-7.442;1012.966;-8.906;-1.83;1026.996;0;
5805998887;1.342;-7.442;1012.966;-3.782;-25.742;1026.264;0;
5806003799;-51.606;-14.03;1012.966;-3.782;-25.742;1026.264;0;
5806012020;-63.806;-13.054;1012.478;-6.344;-42.578;1031.998;0;
5806019784;-63.806;-13.054;1012.478;-6.71;-59.048;1023.092;0;
5806024969;-74.298;-12.322;1012.356;-6.71;-59.048;104.434;0;
5799343663;18.544;-24.644;1009.794;-12.2;17.08;1024.434;0;
5799351992;18.544;-24.522;1009.916;-12.2;17.08;1024.434;0;
5799357115;18.666;-24.4;1009.916;-12.2;17.08;1024.434;0;
5799363018;18.666;-24.4;1009.916;-12.322;17.08;1024.434;0;
5799368907;18.544;-24.4;1009.794;-12.322;17.08;1024.434;0;
5799374819;18.544;-24.4;1009.794;-12.322;17.202;1024.434;0;
5799380714;18.544;-24.278;1009.916;-12.322;17.202;1024.434;0;
5799387531;18.422;-24.278;1009.794;-12.322;17.202;1024.434;0;
5799393943;18.422;-24.278;1009.794;-12.322;17.202;1024.434;0;
5799399069;18.544;-24.4;1009.794;-12.322;17.202;1024.434;0;
5799404967;18.544;-24.4;1009.794;-12.322;17.202;1024.434;0;
5799410866;18.544;-24.522;1009.794;-12.322;17.202;1024.434;0;
5799417676;18.422;-24.522;1009.794;-12.322;17.202;1024.434;0;
5799422771;18.422;-24.522;1009.794;-12.2;17.202;1024.434;0;
5799428668;18.422;-24.766;1009.672;-12.2;17.202;1024.434;0;
5799434575;18.422;-24.766;1009.672;-12.2;17.324;1024.434;0;
5799442698;18.422;-24.766;1009.794;-12.078;17.324;1024.434;0;
5799447825;18.544;-24.888;1009.794;-12.078;17.324;1024.434;0;
5799453730;18.544;-24.888;1009.794;-11.956;17.446;1024.434;0;
5799459625;18.666;-24.888;1009.794;-11.956;17.446;1024.434;0;
5799465528;18.666;-24.888;1009.794;-11.956;17.446;1024.434;0;
5799471427;18.788;-24.766;1009.794;-11.956;17.446;1024.434;0;
5799478243;18.788;-24.766;1009.672;-11.956;17.568;1024.434;0;
5799483337;18.788;-24.766;1009.672;-11.834;17.568;1024.434;0;
5799490547;18.666;-24.766;1009.672;-11.834;17.568;1024.434;0;
5799495683;18.666;-24.766;1009.672;-11.834;17.568;1024.434;0;
5799501570;18.544;-24.644;1009.672;-11.834;17.568;1024.434;0;
5799508387;18.544;-24.522;1009.794;-11.834;17.69;1024.434;0;
5799513478;18.544;-24.522;1009.794;-11.834;17.69;1024.434;0;
5799519375;18.666;-24.522;1009.794;-11.834;17.69;1024.434;0;
5799525284;18.666;-24.522;1009.794;-11.834;17.69;1024.312;0;
5799533408;18.788;-24.522;1009.794;-11.712;17.69;1024.312;0;
5799538534;18.788;-24.522;1009.794;-11.712;17.69;1024.312;0;
5799544434;18.788;-24.522;1009.794;-11.712;17.69;1024.312;0;
5799550329;18.788;-24.644;1009.794;-11.712;17.69;1024.312;0;
5799557146;18.788;-24.644;1009.794;-11.712;17.69;1024.434;0;
5799563932;18.788;-24.644;1009.794;-11.59;17.69;1024.434;0;
5799569019;18.666;-24.766;1009.794;-11.59;17.69;1024.434;0;
5799574930;18.666;-24.766;1009.794;-11.59;17.69;1024.434;0;
5799582142;18.666;-24.766;1009.794;-11.59;17.69;1024.434;0;
5799588172;18.666;-24.766;1009.794;-11.59;17.69;1024.434;0;
5799594116;18.666;-24.766;1009.794;-11.59;17.69;1024.434;0;
5799599203;18.666;-24.766;1009.794;-11.59;17.69;1024.434;0;
5799605114;18.666;-24.766;1009.794;-11.59;17.69;1024.434;0;
5799611007;18.788;-24.766;1009.794;-11.59;17.69;1024.434;0;
5799617825;18.788;-24.766;1009.794;-11.468;17.69;1024.434;0;
5799624235;18.788;-24.766;1009.794;-11.468;17.69;1024.312;0;
5799629356;18.788;-24.766;1009.794;-11.468;17.69;1024.312;0;
5799635250;18.788;-24.766;1009.794;-11.468;17.69;1024.312;0;
5799641149;18.788;-24.644;1009.794;-11.468;17.69;1024.312;0;
5799647966;18.788;-24.644;1009.916;-11.468;17.568;1024.434;0;
5799653907;18.788;-24.644;1009.916;-11.468;17.568;1024.434;0;
5799658986;18.788;-24.644;1009.916;-11.468;17.568;1024.434;0;
5799664897;18.788;-24.644;1009.916;-11.468;17.568;1024.434;0;
5799672113;18.666;-24.644;1009.794;-11.468;17.568;1024.434;0;
5799678151;18.666;-24.522;1009.916;-11.468;17.446;1024.434;0;
5799684093;18.666;-24.522;1009.916;-11.468;17.446;1024.434;0;
5799689180;18.666;-24.522;1009.794;-11.468;17.446;1024.434;0;
5799695087;18.666;-24.522;1009.794;-11.59;17.446;1024.312;0;
5799700987;18.544;-24.522;1009.794;-11.59;17.446;1024.312;0;
5799707799;18.422;-24.522;1009.794;-11.59;17.446;1024.312;0;
5799714589;18.422;-24.522;1009.794;-11.59;17.324;1024.312;0;
5799720996;18.422;-24.522;1009.794;-11.59;17.324;1024.312;0;
5799727031;18.544;-24.522;1009.794;-11.712;17.324;1024.312;0;
5799734667;18.544;-24.522;1009.794;-11.712;17.324;1024.312;0;
5799739763;18.666;-24.522;1009.794;-11.712;17.324;1024.312;0;
5799746569;18.788;-24.644;1009.794;-11.712;17.324;1024.312;0;
5799755058;18.788;-24.644;1009.794;-11.834;17.324;1024.312;0;
5799760140;18.788;-24.766;1009.794;-11.834;17.324;1024.312;0;
5799768284;18.666;-24.766;1009.794;-11.834;17.324;1024.312;0;
5799775117;18.666;-24.766;1009.794;-11.834;17.324;1024.312;0;
5799780208;18.544;-24.766;1009.794;-11.834;17.324;1024.312;0;
5799787020;18.544;-24.644;1009.794;-11.834;17.202;1024.434;0;
5799796410;18.544;-24.644;1009.794;-11.956;17.202;1024.434;0;
5799806649;18.666;-24.644;1009.672;-11.956;17.202;1024.312;0;
5799815133;18.666;-24.644;1009.672;-11.956;17.202;1024.312;0;
5799820217;18.666;-24.522;1009.672;-11.956;17.202;1024.312;0;
5799828354;18.666;-24.522;1009.672;-12.078;17.202;1024.434;0;
5799836094;18.666;-24.522;1009.794;-12.078;17.08;1024.434;0;
5799846343;18.666;-24.522;1009.794;-12.2;17.08;1024.434;0;
5799856585;18.666;-24.4;1009.794;-12.2;17.08;1024.434;0;
5799866827;18.544;-24.4;1009.794;-12.2;17.08;1024.434;0;
5799876219;18.544;-24.278;1009.794;-12.2;17.08;1024.434;0;
5799886459;18.666;-24.278;1009.916;-12.2;17.08;1024.434;0;
5799896695;18.666;-24.278;1009.916;-12.2;17.08;1024.434;0;
5799906556;18.788;-24.278;1009.916;-12.2;17.08;1024.434;0;
5799915981;18.788;-24.278;1009.916;-12.2;17.202;1024.434;0;
5799926224;18.666;-24.4;1009.916;-12.2;17.202;1024.434;0;
5799936459;18.666;-24.522;1010.038;-12.2;17.202;1024.434;0;
5799944936;18.666;-24.522;1010.038;-12.2;17.202;1024.434;0;
5799950028;18.666;-24.522;1010.038;-12.2;17.202;1024.434;0;
5799956838;18.666;-24.644;1009.916;-12.078;17.324;1024.312;0;
5799964935;18.544;-24.644;1009.916;-12.078;17.324;1024.312;0;
5799970070;18.544;-24.644;1009.916;-12.078;17.324;1024.312;0;
5799976873;18.544;-24.644;1009.916;-11.956;17.324;1024.312;0;
5799986265;18.666;-24.644;1009.916;-11.956;17.324;1024.312;0;
5799996499;18.666;-24.522;1009.916;-11.956;17.446;1024.312;0;
5800004978;18.788;-24.522;1009.794;-11.956;17.446;1024.312;0;
5800010070;18.788;-24.522;1009.794;-11.834;17.446;1024.312;0;
5800016880;18.666;-24.4;1009.794;-11.834;17.446;1024.312;0;
5800024974;18.666;-24.4;1009.794;-11.834;17.446;1024.312;0;
5800030110;18.666;-24.4;1009.794;-11.712;17.446;1024.312;0;
5800036912;18.544;-24.278;1009.794;-11.712;17.446;1024.312;0;
5800045392;18.544;-24.278;1009.794;-11.712;17.446;1024.312;0;
5800050482;18.544;-24.278;1009.794;-11.712;17.446;1024.312;0;
5800057299;18.544;-24.4;1009.794;-11.59;17.568;1024.312;0;
5800064932;18.544;-24.4;1009.794;-11.59;17.568;1024.312;0;
5800070027;18.544;-24.4;1009.794;-11.59;17.568;1024.312;0;
5800078148;18.544;-24.4;1009.794;-11.59;17.568;1024.312;0;
5800084964;18.666;-24.4;1009.916;-11.59;17.568;1024.312;0;
5800090066;18.666;-24.4;1009.916;-11.59;17.568;1024.312;0;
5800095964;18.666;-24.4;1009.916;-11.59;17.568;1024.312;0;
5800101871;18.666;-24.4;1009.916;-11.59;17.568;1024.312;0;
5800108677;18.788;-24.522;1009.916;-11.468;17.568;1024.312;0;
5800114613;18.788;-24.522;1009.916;-11.468;17.568;1024.312;0;
5800120899;18.788;-24.522;1009.916;-11.468;17.568;1024.434;0;
5800126026;18.788;-24.522;1009.916;-11.468;17.568;1024.434;0;
5800131928;18.788;-24.522;1009.916;-11.468;17.568;1024.312;0;
5800138735;18.788;-24.522;1009.794;-11.468;17.568;1024.312;0;
5800144671;18.666;-24.522;1009.794;-11.468;17.568;1024.312;0;
5800149758;18.666;-24.522;1009.794;-11.468;17.446;1024.312;0;
5800155660;18.666;-24.4;1009.794;-11.468;17.446;1024.312;0;
5800161568;18.666;-24.4;1009.794;-11.468;17.446;1024.312;0;
5800174161;18.544;-24.4;1009.916;-11.468;17.446;1024.312;0;
5800180199;18.544;-24.278;1009.916;-11.468;17.446;1024.434;0;
5800185285;18.666;-24.278;1009.916;-11.468;17.446;1024.434;0;
5800191197;18.666;-24.278;1009.916;-11.59;17.446;1024.434;0;
5800198004;18.666;-24.278;1009.916;-11.59;17.446;1024.434;0;
5800204784;18.666;-24.278;1009.794;-11.59;17.446;1024.434;0;
5800209881;18.666;-24.278;1009.794;-11.59;17.324;1024.312;0;
5800218001;18.666;-24.278;1009.794;-11.712;17.324;1024.312;0;
5800224827;18.666;-24.4;1009.916;-11.712;17.324;1024.312;0;
5800229928;18.666;-24.4;1009.916;-11.712;17.324;1024.312;0;
5800235822;18.666;-24.4;1009.916;-11.712;17.324;1024.312;0;
5800241734;18.666;-24.4;1009.916;-11.712;17.324;1024.434;0;
5800248544;18.544;-24.4;1009.916;-11.834;17.324;1024.434;0;
5800254476;18.544;-24.522;1009.916;-11.834;17.324;1024.434;0;
5800259571;18.544;-24.522;1009.916;-11.834;17.324;1024.312;0;
5800266793;18.422;-24.4;1009.916;-11.834;17.324;1024.312;0;
5800271925;18.422;-24.4;1009.916;-11.834;17.202;1024.312;0;
5800278727;18.544;-24.522;1009.916;-11.834;17.202;1024.312;0;
5800284662;18.544;-24.522;1009.916;-11.834;17.202;1024.312;0;
5800289752;18.544;-24.522;1009.916;-11.834;17.202;1024.1901;0;
5800295649;18.666;-24.4;1009.916;-11.834;17.202;1024.1901;0;
5800301558;18.666;-24.4;1009.916;-11.956;17.202;1024.1901;0;
5800307457;18.666;-24.4;1009.916;-11.956;17.202;1024.1901;0;
5800315589;18.666;-24.278;1009.916;-11.956;17.202;1024.1901;0;
5800320722;18.666;-24.278;1009.916;-11.956;17.202;1024.1901;0;
5800326605;18.666;-24.278;1009.916;-11.956;17.202;1024.1901;0;
5800332513;18.666;-24.278;1009.916;-11.956;17.08;1024.1901;0;
5800339325;18.544;-24.278;1009.916;-12.078;17.202;1024.312;0;
5800344412;18.422;-24.156;1009.916;-12.078;17.202;1024.312;0;
5800350318;18.422;-24.156;1009.916;-12.078;17.202;1024.434;0;
5800357526;18.422;-24.156;1010.038;-12.078;17.202;1024.434;0;
5800362660;18.422;-24.156;1010.038;-12.078;17.202;1024.434;0;
5800369459;18.422;-24.156;1010.038;-12.078;17.202;1024.434;0;
5800374548;18.544;-24.156;1010.038;-12.078;17.202;1024.434;0;
5800380460;18.544;-24.156;1010.038;-12.2;17.202;1024.556;0;
5800386356;18.666;-24.278;1010.038;-12.2;17.202;1024.556;0;
5800392266;18.666;-24.278;1010.038;-12.2;17.202;1024.556;0;
5800398155;18.666;-24.278;1010.038;-12.2;17.202;1024.556;0;
5800406291;18.788;-24.4;1010.038;-12.2;17.202;1024.556;0;
5800411418;18.788;-24.4;1010.038;-12.2;17.202;1024.556;0;
5800417301;18.788;-24.522;1009.916;-12.2;17.202;1024.556;0;
5800423211;18.788;-24.522;1009.916;-12.2;17.202;1024.556;0;
5800430024;18.788;-24.522;1009.916;-12.2;17.202;1024.556;0;
5800435106;18.91;-24.4;1009.916;-12.2;17.202;1024.556;0;
5800441016;18.91;-24.4;1009.916;-12.2;17.324;1024.556;0;
5800446909;18.91;-24.278;1009.916;-12.2;17.324;1024.556;0;
5800455048;18.91;-24.156;1009.916;-12.2;17.324;1024.556;0;
5800460171;18.91;-24.156;1009.916;-12.078;17.324;1024.556;0;
5800466062;18.788;-23.912;1009.916;-12.078;17.324;1024.556;0;
5800471968;18.788;-23.912;1009.916;-12.078;17.324;1024.556;0;
5800477868;18.91;-23.79;1009.916;-12.078;17.324;1024.556;0;
5800484684;19.032;-23.668;1009.916;-12.078;17.202;1024.556;0;
5800489777;19.032;-23.668;1009.916;-12.078;17.202;1024.434;0;
5800496985;19.032;-23.668;1009.916;-12.078;17.202;1024.434;0;
5800502115;19.032;-23.668;1009.916;-11.956;17.202;1024.556;0;
5800508002;19.032;-23.79;1009.916;-11.956;17.202;1024.556;0;
5800514822;18.91;-23.912;1009.916;-11.956;17.202;1024.556;0;
5800520762;18.91;-23.912;1009.916;-11.834;17.202;1024.434;0;
5800525853;18.666;-24.156;1009.916;-11.834;17.202;1024.434;0;
5800531762;18.666;-24.156;1009.916;-11.712;17.202;1024.434;0;
5800537658;18.666;-24.4;1009.916;-11.712;17.202;1024.434;0;
5800545788;18.666;-24.522;1009.916;-11.59;17.202;1024.434;0;
5800550927;18.666;-24.522;1009.916;-11.468;17.202;1024.434;0;
5800556818;18.666;-24.766;1009.916;-11.468;17.202;1024.434;0;
5800562725;18.666;-24.766;1009.916;-11.468;17.202;1024.434;0;
5800568621;18.666;-24.766;1009.916;-11.468;17.202;1024.434;0;
5800575437;18.666;-24.766;1009.916;-11.468;17.202;1024.434;0;
5800580529;18.666;-24.766;1009.916;-11.346;17.202;1024.434;0;
5800586422;18.544;-24.766;1010.038;-11.346;17.202;1024.434;0;
5800594552;18.544;-24.522;1010.038;-11.346;17.202;1024.434;0;
5800601384;18.544;-24.522;1010.038;-11.346;17.202;1024.434;0;
5800606473;18.422;-24.4;1010.038;-11.346;17.202;1024.434;0;
5800612381;18.422;-24.4;1010.038;-11.468;17.202;1024.312;0;
5800618278;18.422;-24.156;1010.038;-11.468;17.202;1024.312;0;
5800625092;18.422;-24.034;1010.038;-11.468;17.08;1024.312;0;
5800631036;18.422;-24.034;1010.038;-11.468;17.08;1024.312;0;
5800637432;18.422;-24.034;1009.916;-11.468;17.08;1024.312;0;
5800642564;18.422;-24.034;1009.916;-11.468;17.08;1024.312;0;
5800648453;18.544;-24.034;1009.916;-11.468;17.08;1024.312;0;
5800655270;18.544;-24.156;1009.916;-11.59;17.08;1024.312;0;
5800661212;18.544;-24.156;1009.916;-11.59;17.08;1024.312;0;
5800666296;18.544;-24.278;1009.916;-11.59;17.08;1024.312;0;
5800672205;18.544;-24.278;1009.916;-11.59;17.08;1024.312;0;
5800678100;18.544;-24.522;1009.916;-11.59;17.08;1024.312;0;
5800686235;18.666;-24.644;1009.916;-11.59;17.08;1024.312;0;
5800691358;18.666;-24.644;1009.916;-11.59;17.08;1024.1901;0;
5800697251;18.666;-24.766;1009.916;-11.59;17.08;1024.1901;0;
5800704066;18.788;-24.766;1009.916;-11.59;17.08;1024.1901;0;
5800711707;18.788;-24.766;1009.916;-11.59;17.08;1024.1901;0;
5800716795;18.666;-24.766;1009.916;-11.59;17.08;1024.1901;0;
5800722705;18.666;-24.766;1009.916;-11.59;17.08;1024.1901;0;
5800728599;18.544;-24.766;1009.794;-11.59;17.08;1024.1901;0;
5800736731;18.544;-24.644;1009.794;-11.59;17.202;1024.1901;0;
5800741855;18.544;-24.644;1009.794;-11.59;17.202;1024.1901;0;
5800747747;18.544;-24.522;1009.794;-11.59;17.202;1024.1901;0;
5800754562;18.544;-24.4;1009.794;-11.712;17.202;1024.1901;0;
5800762205;18.544;-24.4;1009.794;-11.834;17.202;1024.312;0;
5800767287;18.666;-24.4;1009.794;-11.834;17.202;1024.312;0;
5800774108;18.544;-24.278;1009.794;-11.834;17.324;1024.312;0;
5800782215;18.544;-24.278;1009.794;-11.956;17.324;1024.1901;0;
5800787336;18.666;-24.278;1009.794;-11.956;17.324;1024.1901;0;
5800794148;18.666;-24.278;1009.794;-11.956;17.324;1024.1901;0;
5800802641;18.666;-24.278;1009.794;-12.078;17.324;1024.312;0;
5800807730;18.666;-24.4;1009.916;-12.078;17.324;1024.312;0;
5800814543;18.666;-24.522;1009.916;-12.078;17.324;1024.312;0;
5800822175;18.666;-24.522;1009.916;-12.078;17.324;1024.312;0;
5800827264;18.666;-24.522;1009.916;-12.078;17.324;1024.312;0;
5800835394;18.666;-24.644;1009.916;-12.078;17.324;1024.312;0;
5800843975;18.788;-24.766;1009.916;-12.078;17.324;1024.312;0;
5800852467;18.788;-24.766;1009.916;-12.078;17.324;1024.312;0;
5800857556;18.666;-24.766;1009.916;-12.078;17.324;1024.312;0;
5800864372;18.544;-24.766;1009.916;-12.078;17.324;1024.434;0;
5800873765;18.422;-24.766;1010.038;-12.078;17.324;1024.434;0;
5800883998;18.422;-24.766;1009.794;-12.078;17.324;1024.434;0;
5800893735;18.666;-24.766;1009.794;-12.078;17.324;1024.434;0;
5800904014;18.666;-24.644;1009.916;-12.078;17.202;1024.312;0;
5800914262;18.666;-24.522;1009.916;-12.078;17.202;1024.312;0;
5800923652;18.544;-24.4;1009.916;-12.078;17.202;1024.312;0;
5800933892;18.422;-24.278;1009.916;-12.2;17.202;1024.1901;0;
5800944131;18.422;-24.156;1009.916;-12.2;17.202;1024.312;0;
5800953521;18.544;-24.156;1009.916;-12.2;17.202;1024.312;0;
5800963758;18.544;-24.156;1009.916;-12.2;17.08;1024.312;0;
5800973808;18.666;-24.156;1009.916;-12.078;17.08;1024.312;0;
5800984084;18.666;-24.278;1009.916;-12.078;17.08;1024.312;0;
5800993476;18.788;-24.4;1010.038;-12.078;17.08;1024.312;0;
5801003710;18.91;-24.4;1009.916;-11.956;17.08;1024.312;0;
5801013950;18.788;-24.522;1009.916;-11.834;17.08;1024.312;0;
5801022434;18.788;-24.522;1009.916;-11.834;17.08;1024.312;0;
5801027527;18.788;-24.522;1009.916;-11.834;17.08;1024.312;0;
5801034332;18.788;-24.644;1009.916;-11.834;17.08;1024.312;0;
5801042438;18.666;-24.644;1009.916;-11.834;17.08;1024.312;0;
5801047581;18.666;-24.644;1009.916;-11.712;17.08;1024.312;0;
5801054382;18.544;-24.644;1010.038;-11.712;17.08;1024.312;0;
5801062859;18.544;-24.644;1010.038;-11.712;17.08;1024.312;0;
5801067946;18.544;-24.644;1010.038;-11.712;17.08;1024.312;0;
5801074754;18.544;-24.644;1010.038;-11.712;17.08;1024.312;0;
5801082384;18.666;-24.644;1010.038;-11.712;17.08;1024.312;0;
5801088795;18.666;-24.644;1010.038;-11.712;17.202;1024.312;0;
5801094836;18.788;-24.644;1010.038;-11.712;17.202;1024.312;0;
5801102466;18.788;-24.644;1009.916;-11.712;17.202;1024.312;0;
5801107558;18.788;-24.644;1009.916;-11.712;17.202;1024.434;0;
5801114366;18.91;-24.522;1009.916;-11.712;17.202;1024.312;0;
5801122843;19.032;-24.522;1009.916;-11.712;17.202;1024.312;0;
5801127936;19.032;-24.522;1009.916;-11.712;17.202;1024.312;0;
5801134745;19.032;-24.4;1009.916;-11.712;17.202;1024.312;0;
5801141998;18.91;-24.278;1009.916;-11.712;17.202;1024.312;0;
5801147128;18.91;-24.278;1009.916;-11.712;17.202;1024.312;0;
5801153018;18.788;-24.278;1009.916;-11.712;17.202;1024.312;0;
5801158927;18.788;-24.278;1009.916;-11.712;17.202;1024.434;0;
5801165737;18.666;-24.278;1009.794;-11.712;17.202;1024.434;0;
5801172522;18.666;-24.278;1009.794;-11.712;17.202;1024.434;0;
5801177620;18.666;-24.278;1009.794;-11.712;17.202;1024.434;0;
5801183516;18.666;-24.278;1009.794;-11.712;17.202;1024.434;0;
5801190739;18.666;-24.278;1009.794;-11.712;17.202;1024.434;0;
5801196784;18.788;-24.278;1009.794;-11.834;17.202;1024.434;0;
5801201875;18.788;-24.4;1009.916;-11.834;17.202;1024.434;0;
5801207783;18.788;-24.4;1009.916;-11.834;17.202;1024.434;0;
5801213675;18.91;-24.4;1009.916;-11.834;17.202;1024.434;0;
5801219588;18.91;-24.4;1009.916;-11.834;17.324;1024.434;0;
5801226396;18.91;-24.4;1009.794;-11.834;17.324;1024.434;0;
5801232801;19.032;-24.278;1009.794;-11.834;17.324;1024.434;0;
5801237925;19.032;-24.278;1009.794;-11.834;17.324;1024.434;0;
5801243815;18.91;-24.4;1009.794;-11.834;17.324;1024.434;0;
5801249721;18.91;-24.4;1009.794;-11.834;17.324;1024.434;0;
5801256532;18.788;-24.4;1009.794;-11.834;17.324;1024.434;0;
5801262462;18.788;-24.4;1009.794;-11.834;17.324;1024.434;0;
5801267556;18.788;-24.4;1009.794;-11.834;17.324;1024.434;0;
5801273452;18.788;-24.4;1009.794;-11.834;17.324;1024.434;0;
5801280675;18.788;-24.4;1009.794;-11.834;17.324;1024.312;0;
5801286709;18.91;-24.4;1009.794;-11.712;17.446;1024.312;0;
5801291802;18.91;-24.4;1009.794;-11.712;17.446;1024.312;0;
5801297711;18.91;-24.4;1009.794;-11.834;17.446;1024.312;0;
5801303605;18.788;-24.522;1009.794;-11.834;17.446;1024.312;0;
5801309510;18.788;-24.522;1009.794;-11.834;17.446;1024.312;0;
5801316323;18.666;-24.522;1009.794;-11.834;17.446;1024.312;0;
5801322258;18.666;-24.644;1009.794;-11.834;17.446;1024.312;0;
5801328665;18.666;-24.644;1009.794;-11.834;17.446;1024.1901;0;
5801333781;18.666;-24.644;1009.794;-11.834;17.446;1024.1901;0;
5801339688;18.666;-24.644;1009.794;-11.956;17.446;1024.1901;0;
5801346495;18.666;-24.644;1009.916;-11.956;17.568;1024.312;0;
5801351581;18.666;-24.644;1009.916;-11.956;17.568;1024.312;0;
5801357488;18.666;-24.644;1009.916;-11.956;17.568;1024.312;0;
5801363387;18.788;-24.644;1009.916;-11.956;17.568;1024.312;0;
5801370622;18.788;-24.644;1009.916;-11.956;17.568;1024.312;0;
5801376665;18.788;-24.644;1009.916;-12.078;17.568;1024.1901;0;
5801381754;18.91;-24.522;1009.916;-12.078;17.568;1024.1901;0;
5801387666;18.91;-24.522;1009.916;-12.078;17.568;1024.1901;0;
5801393560;18.91;-24.4;1010.038;-12.078;17.568;1024.1901;0;
5801399469;18.91;-24.4;1010.038;-12.078;17.69;1024.1901;0;
5801406275;18.788;-24.278;1010.038;-12.078;17.69;1024.1901;0;
5801411361;18.788;-24.278;1010.038;-12.078;17.69;1024.1901;0;
5801418587;18.788;-24.278;1010.038;-12.078;17.568;1024.312;0;
5801423705;18.666;-24.278;1009.916;-12.078;17.568;1024.312;0;
5801429604;18.666;-24.278;1009.916;-12.078;17.568;1024.1901;0;
5801435504;18.788;-24.278;1009.916;-12.078;17.568;1024.1901;0;
5801442320;18.788;-24.278;1009.916;-12.078;17.568;1024.1901;0;
5801447417;18.788;-24.278;1009.916;-12.078;17.568;1024.312;0;
5801453307;18.788;-24.4;1009.916;-12.078;17.568;1024.312;0;
5801459218;18.788;-24.4;1009.916;-12.078;17.568;1024.312;0;
5801467339;18.666;-24.4;1009.794;-11.956;17.568;1024.312;0;
5801472467;18.544;-24.4;1009.794;-11.956;17.568;1024.312;0;
5801478367;18.544;-24.4;1009.794;-11.956;17.568;1024.312;0;
5801484261;18.544;-24.522;1009.794;-11.956;17.568;1024.312;0;
5801490170;18.544;-24.522;1009.794;-11.956;17.446;1024.312;0;
5801496980;18.544;-24.522;1009.794;-11.956;17.446;1024.312;0;
5801502062;18.544;-24.644;1009.672;-11.956;17.446;1024.312;0;
5801509292;18.544;-24.644;1009.672;-11.956;17.324;1024.434;0;
5801514409;18.544;-24.644;1009.672;-11.956;17.324;1024.434;0;
5801520312;18.544;-24.644;1009.672;-11.834;17.324;1024.312;0;
5801527117;18.422;-24.644;1009.794;-11.834;17.324;1024.434;0;
5801532204;18.422;-24.522;1009.794;-11.834;17.324;1024.434;0;
5801538113;18.422;-24.522;1009.794;-11.834;17.324;1024.312;0;
5801544010;18.422;-24.522;1009.794;-11.834;17.324;1024.312;0;
5801549914;18.422;-24.522;1009.794;-11.712;17.202;1024.312;0;
5801558040;18.544;-24.4;1009.794;-11.712;17.202;1024.312;0;
5801563164;18.544;-24.4;1009.794;-11.712;17.202;1024.312;0;
5801569068;18.544;-24.4;1009.794;-11.712;17.202;1024.312;0;
5801574960;18.544;-24.4;1009.794;-11.712;17.202;1024.312;0;
5801580871;18.544;-24.4;1009.794;-11.712;17.202;1024.312;0;
5801587679;18.544;-24.4;1009.794;-11.712;17.202;1024.434;0;
5801592766;18.544;-24.4;1009.916;-11.712;17.202;1024.434;0;
5801599980;18.544;-24.4;1009.916;-11.59;17.202;1024.312;0;
5801605104;18.422;-24.4;1009.794;-11.59;17.202;1024.312;0;
5801611916;18.422;-24.4;1009.794;-11.59;17.08;1024.068;0;
5801617859;18.422;-24.4;1009.794;-11.712;17.08;1024.312;0;
5801622943;18.422;-24.278;1009.794;-11.712;17.08;1024.312;0;
5801628856;18.422;-24.278;1009.794;-11.59;17.08;1024.312;0;
5801634754;18.422;-24.4;1009.916;-11.59;17.08;1024.312;0;
5801640661;18.422;-24.4;1009.916;-11.468;17.08;1024.1901;0;
5801648785;18.544;-24.4;1009.916;-11.468;17.202;1024.1901;0;
5801653911;18.666;-24.4;1009.916;-11.468;17.202;1024.1901;0;
5801659815;18.666;-24.4;1009.916;-11.468;17.08;1024.1901;0;
5801665709;18.788;-24.4;1010.038;-11.468;17.08;1024.1901;0;
5801672520;18.788;-24.4;1010.038;-11.346;17.08;1024.312;0;
5801678462;18.788;-24.4;1010.038;-11.346;17.08;1024.312;0;
5801683551;18.788;-24.4;1010.038;-11.346;17.08;1024.312;0;
5801689460;18.788;-24.4;1010.038;-11.346;17.202;1024.312;0;
5801696547;18.666;-24.4;1010.038;-11.346;17.202;1024.312;0;
5801702584;18.666;-24.4;1010.038;-11.346;17.202;1024.312;0;
5801708526;18.666;-24.4;1010.038;-11.346;17.202;1024.312;0;
5801713610;18.666;-24.4;1010.038;-11.346;17.202;1024.312;0;
5801719518;18.666;-24.4;1010.038;-11.346;17.202;1024.312;0;
5801725415;18.666;-24.278;1010.038;-11.346;17.202;1024.312;0;
5801732232;18.666;-24.156;1009.916;-11.224;17.202;1024.312;0;
5801738836;18.666;-24.156;1009.916;-11.346;17.202;1024.312;0;
5801743953;18.666;-24.156;1010.038;-11.346;17.202;1024.312;0;
5801749858;18.666;-24.156;1010.038;-11.346;17.324;1024.312;0;
5801755750;18.666;-24.156;1009.916;-11.346;17.324;1024.312;0;
5801762564;18.666;-24.156;1009.916;-11.346;17.324;1024.312;0;
5801769354;18.666;-24.156;1009.916;-11.346;17.324;1024.312;0;
5801774441;18.666;-24.278;1009.916;-11.346;17.324;1024.312;0;
5801780346;18.666;-24.278;1009.916;-11.346;17.446;1024.312;0;
5801787567;18.544;-24.4;1010.038;-11.346;17.446;1024.312;0;
5801793596;18.544;-24.522;1010.038;-11.346;17.446;1024.312;0;
5801799542;18.544;-24.522;1010.038;-11.468;17.446;1024.312;0;
5801804634;18.544;-24.644;1010.038;-11.468;17.446;1024.312;0;
5801811449;18.544;-24.766;1010.038;-11.468;17.568;1024.312;0;
5801819935;18.544;-24.766;1010.038;-11.468;17.568;1024.434;0;
5801825018;18.544;-24.766;1010.038;-11.468;17.568;1024.434;0;
5801831835;18.544;-24.888;1009.916;-11.468;17.568;1024.434;0;
5801839941;18.544;-24.888;1009.916;-11.468;17.568;1024.434;0;
5801845072;18.666;-24.766;1009.916;-11.468;17.568;1024.434;0;
5801851882;18.788;-24.766;1009.916;-11.59;17.568;1024.434;0;
5801859525;18.788;-24.766;1009.916;-11.712;17.568;1024.434;0;
5801864611;18.788;-24.644;1010.038;-11.712;17.568;1024.434;0;
5801871423;18.666;-24.522;1010.038;-11.712;17.568;1024.434;0;
5801879910;18.666;-24.522;1010.038;-11.834;17.568;1024.434;0;
5801886313;18.666;-24.4;1010.038;-11.834;17.568;1024.434;0;
5801892348;18.666;-24.4;1009.916;-11.956;17.568;1024.556;0;
5801899988;18.666;-24.4;1009.916;-11.956;17.568;1024.556;0;
5801905074;18.666;-24.4;1009.916;-11.956;17.568;1024.556;0;
5801911887;18.666;-24.522;1009.916;-12.078;17.568;1024.434;0;
5801921279;18.788;-24.522;1009.916;-12.078;17.568;1024.434;0;
5801931516;18.91;-24.522;1010.038;-12.078;17.568;1024.434;0;
5801941752;18.91;-24.522;1010.038;-12.2;17.446;1024.312;0;
5801951611;18.91;-24.644;1009.916;-12.2;17.568;1024.312;0;
5801961045;18.788;-24.644;1009.794;-12.2;17.446;1024.678;0;
5801971293;18.544;-24.644;1009.794;-12.2;17.324;1024.556;0;
5801981537;18.422;-24.766;1009.916;-12.2;17.324;1024.434;0;
5801990932;18.3;-24.766;1009.916;-12.2;17.324;1024.434;0;
5802001171;18.178;-24.766;1009.916;-12.2;17.202;1024.434;0;
5802011405;18.3;-24.888;1009.916;-12.2;17.324;1024.434;0;
5802020796;18.544;-24.644;1009.794;-12.2;17.324;1024.556;0;
5802031494;18.788;-24.644;1009.794;-12.2;17.202;1024.434;0;
5802040920;18.788;-24.522;1009.916;-12.2;17.202;1024.556;0;
5802051160;18.788;-24.156;1009.916;-12.2;17.202;1024.434;0;
5802061399;18.666;-24.156;1009.794;-12.2;17.202;1024.434;0;
5802069879;18.666;-24.034;1009.794;-12.2;17.202;1024.434;0;
5802074974;18.666;-24.034;1009.794;-12.078;17.202;1024.434;0;
5802081783;18.544;-23.912;1009.794;-12.078;17.202;1024.434;0;
5802089879;18.544;-24.034;1009.794;-12.078;17.202;1024.434;0;
5802095005;18.544;-24.034;1009.794;-11.956;17.08;1024.434;0;
5802101807;18.422;-24.156;1009.794;-11.956;17.08;1024.434;0;
5802110285;18.422;-24.278;1009.672;-11.956;17.08;1024.434;0;
5802115382;18.422;-24.278;1009.672;-11.834;17.08;1024.434;0;
5802122185;18.544;-24.522;1009.672;-11.712;17.08;1024.434;0;
5802129817;18.544;-24.644;1009.55;-11.712;17.08;1024.434;0;
5802134908;18.544;-24.644;1009.55;-11.59;17.08;1024.434;0;
5802143031;18.544;-24.766;1009.672;-11.468;17.08;1024.556;0;
5802149863;18.544;-24.888;1009.672;-11.468;17.08;1024.556;0;
5802154961;18.544;-24.888;1009.672;-11.468;17.202;1024.678;0;
5802161763;18.544;-24.888;1009.672;-11.346;17.202;1024.678;0;
5802170242;18.544;-24.888;1009.672;-11.346;17.202;1024.678;0;
5802175335;18.544;-24.888;1009.672;-11.346;17.202;1024.678;0;
5802182143;18.544;-24.766;1009.672;-11.346;17.324;1024.678;0;
5802189772;18.544;-24.522;1009.672;-11.346;17.324;1024.678;0;
5802196186;18.544;-24.522;1009.672;-11.346;17.324;1024.678;0;
5802202223;18.544;-24.522;1009.794;-11.346;17.324;1024.556;0;
5802209860;18.544;-24.278;1009.794;-11.346;17.324;1024.556;0;
5802214951;18.544;-24.278;1009.794;-11.346;17.324;1024.556;0;
5802220847;18.544;-24.156;1009.794;-11.346;17.324;1024.556;0;
5802226756;18.544;-24.156;1009.794;-11.346;17.324;1024.556;0;
5802233570;18.788;-24.034;1009.672;-11.346;17.446;1024.434;0;
5802239968;18.91;-23.912;1009.672;-11.346;17.446;1024.434;0;
5802245105;18.91;-23.912;1009.672;-11.346;17.446;1024.556;0;
5802250988;18.91;-23.912;1009.672;-11.346;17.446;1024.556;0;
5802256898;18.91;-23.912;1009.672;-11.224;17.446;1024.434;0;
5802263705;18.666;-23.912;1009.672;-11.224;17.446;1024.434;0;
5802269638;18.422;-24.034;1009.672;-11.224;17.446;1024.434;0;
5802274735;18.422;-24.034;1009.672;-11.346;17.446;1024.556;0;
5802280627;18.422;-24.156;1009.672;-11.346;17.446;1024.556;0;
5802287852;18.422;-24.156;1009.672;-11.346;17.446;1024.556;0;
5802293891;18.544;-24.4;1009.672;-11.346;17.446;1024.556;0;
5802299831;18.788;-24.522;1009.672;-11.346;17.446;1024.556;0;
5802304927;18.788;-24.522;1009.672;-11.346;17.446;1024.556;0;
5802310817;18.788;-24.766;1009.672;-11.346;17.446;1024.556;0;
5802316729;18.788;-24.766;1009.672;-11.468;17.568;1024.556;0;
5802323539;18.788;-24.766;1009.672;-11.468;17.568;1024.556;0;
5802329944;18.666;-24.644;1009.55;-11.468;17.568;1024.556;0;
5802335072;18.666;-24.644;1009.55;-11.468;17.568;1024.434;0;
5802340964;18.544;-24.644;1009.55;-11.468;17.568;1024.434;0;
5802346866;18.544;-24.644;1009.55;-11.468;17.568;1024.434;0;
5802353680;18.422;-24.4;1009.55;-11.468;17.568;1024.434;0;
5802359612;18.422;-24.4;1009.55;-11.468;17.568;1024.434;0;
5802364706;18.422;-24.4;1009.55;-11.59;17.568;1024.434;0;
5802370601;18.544;-24.4;1009.55;-11.59;17.568;1024.434;0;
5802377823;18.544;-24.4;1009.55;-11.59;17.568;1024.434;0;
5802383863;18.544;-24.278;1009.55;-11.712;17.568;1024.556;0;
5802388967;18.544;-24.4;1009.55;-11.712;17.568;1024.556;0;
5802394872;18.544;-24.4;1009.55;-11.712;17.69;1024.556;0;
5802400765;18.422;-24.4;1009.55;-11.712;17.69;1024.556;0;
5802406673;18.422;-24.4;1009.55;-11.834;17.568;1024.556;0;
5802413482;18.422;-24.4;1009.55;-11.834;17.69;1024.556;0;
5802419418;18.544;-24.522;1009.55;-11.834;17.69;1024.556;0;
5802425823;18.544;-24.522;1009.55;-11.956;17.568;1024.678;0;
5802430945;18.666;-24.522;1009.55;-11.956;17.568;1024.678;0;
5802436847;18.666;-24.522;1009.55;-11.956;17.568;1024.678;0;
5802443656;18.788;-24.644;1009.55;-12.078;17.568;1024.8;0;
5802449595;18.788;-24.766;1009.55;-12.078;17.568;1024.8;0;
5802454684;18.788;-24.766;1009.55;-12.2;17.568;1024.8;0;
5802460581;18.666;-24.766;1009.55;-12.2;17.568;1024.8;0;
5802467800;18.666;-24.766;1009.55;-12.2;17.568;1024.8;0;
5802473840;18.544;-24.644;1009.672;-12.2;17.568;1024.678;0;
5802478939;18.544;-24.644;1009.55;-12.2;17.568;1024.678;0;
5802484848;18.544;-24.644;1009.55;-12.322;17.568;1024.678;0;
5802490741;18.544;-24.4;1009.55;-12.322;17.568;1024.678;0;
5802496650;18.544;-24.4;1009.55;-12.322;17.568;1024.678;0;
5802502543;18.666;-24.4;1009.55;-12.322;17.568;1024.678;0;
5802508454;18.666;-24.4;1009.55;-12.444;17.568;1024.678;0;
5802516501;18.788;-24.278;1009.55;-12.444;17.446;1024.678;0;
5802521639;18.91;-24.156;1009.55;-12.444;17.446;1024.678;0;
5802527536;18.91;-24.156;1009.55;-12.444;17.446;1024.678;0;
5802534345;18.788;-24.156;1009.55;-12.444;17.324;1024.678;0;
5802539434;18.666;-24.156;1009.672;-12.444;17.324;1024.678;0;
5802545343;18.666;-24.156;1009.672;-12.444;17.324;1024.678;0;
5802551233;18.544;-24.034;1009.672;-12.444;17.324;1024.678;0;
5802557146;18.544;-24.034;1009.672;-12.444;17.324;1024.556;0;
5802565474;18.666;-24.156;1009.672;-12.322;17.202;1024.556;0;
5802570602;18.666;-24.156;1009.672;-12.322;17.202;1024.556;0;
5802576498;18.666;-24.156;1009.672;-12.322;17.202;1024.556;0;
5802582394;18.788;-24.156;1009.794;-12.322;17.202;1024.556;0;
5802588306;18.788;-24.156;1009.794;-12.2;17.202;1024.556;0;
5802595117;18.788;-24.278;1009.794;-12.2;17.202;1024.556;0;
5802656442;18.666;-24.278;1009.672;-11.712;17.08;1024.556;0;
5802661583;18.666;-24.156;1009.672;-11.712;17.08;1024.556;0;
5802667488;18.666;-24.156;1009.672;-11.59;17.08;1024.434;0;
5802673374;18.666;-24.156;1009.672;-11.59;17.08;1024.434;0;
5802680194;18.666;-24.278;1009.672;-11.59;17.08;1024.434;0;
5802686137;18.666;-24.278;1009.672;-11.468;17.08;1024.434;0;
5802691224;18.544;-24.278;1009.794;-11.468;17.08;1024.434;0;
5802697129;18.544;-24.278;1009.794;-11.468;17.08;1024.556;0;
5802704353;18.666;-24.522;1009.794;-11.468;17.08;1024.556;0;
5802710395;18.666;-24.644;1009.672;-11.346;17.08;1024.556;0;
5802716343;18.666;-24.644;1009.672;-11.346;17.202;1024.556;0;
5802721428;18.666;-24.644;1009.672;-11.346;17.202;1024.556;0;
5802727343;18.666;-24.644;1009.672;-11.346;17.202;1024.556;0;
5802733236;18.544;-24.766;1009.672;-11.346;17.202;1024.556;0;
5802740052;18.544;-24.644;1009.672;-11.346;17.202;1024.556;0;
5802745987;18.544;-24.644;1009.672;-11.346;17.324;1024.556;0;
5802752388;18.544;-24.644;1009.672;-11.346;17.324;1024.556;0;
5802757519;18.544;-24.644;1009.672;-11.346;17.446;1024.556;0;
5802763408;18.544;-24.644;1009.672;-11.346;17.446;1024.556;0;
5802770221;18.666;-24.522;1009.672;-11.346;17.446;1024.556;0;
5802776166;18.666;-24.522;1009.672;-11.468;17.446;1024.434;0;
5802781256;18.666;-24.644;1009.672;-11.468;17.446;1024.434;0;
5802787165;18.666;-24.644;1009.672;-11.468;17.446;1024.434;0;
5802794387;18.788;-24.644;1009.672;-11.468;17.446;1024.434;0;
5802800430;18.666;-24.644;1009.672;-11.59;17.568;1024.434;0;
5802806382;18.666;-24.644;1009.672;-11.712;17.568;1024.556;0;
5802811474;18.666;-24.522;1009.672;-11.712;17.568;1024.556;0;
5802817380;18.666;-24.522;1009.672;-11.712;17.568;1024.434;0;
5802823277;18.788;-24.522;1009.672;-11.712;17.568;1024.434;0;
5802830093;18.788;-24.4;1009.672;-11.834;17.69;1024.434;0;
5802836885;18.788;-24.4;1009.672;-11.834;17.69;1024.434;0;
5802843281;18.788;-24.4;1009.672;-11.834;17.69;1024.434;0;
5802849322;18.91;-24.278;1009.672;-11.956;17.69;1024.434;0;
5802856964;18.91;-24.278;1009.672;-11.956;17.69;1024.434;0;
5802862057;18.91;-24.278;1009.672;-11.956;17.69;1024.434;0;
5802868870;18.91;-24.278;1009.672;-12.078;17.69;1024.434;0;
5802877358;18.91;-24.278;1009.672;-12.078;17.69;1024.434;0;
5802882442;18.91;-24.278;1009.672;-12.078;17.69;1024.434;0;
5802889256;18.91;-24.278;1009.672;-12.2;17.69;1024.434;0;
5802897367;18.91;-24.278;1009.672;-12.2;17.69;1024.434;0;
5802902481;18.788;-24.278;1009.672;-12.2;17.69;1024.434;0;
5802909293;18.788;-24.278;1009.672;-12.322;17.69;1024.434;0;
5802918691;18.666;-24.278;1009.672;-12.322;17.69;1024.434;0;
5802927177;18.666;-24.278;1009.672;-12.322;17.69;1024.434;0;
5802932263;18.666;-24.278;1009.672;-12.322;17.69;1024.434;0;
5802939086;18.666;-24.278;1009.672;-12.322;17.69;1024.312;0;
5802947253;18.666;-24.278;1009.672;-12.322;17.69;1024.312;0;
5802952387;18.788;-24.278;1009.672;-12.322;17.69;1024.312;0;
5802959195;18.788;-24.278;1009.672;-12.322;17.69;1024.312;0;
5802968583;18.788;-24.278;1009.672;-12.2;17.568;1024.1901;0;
5802978823;18.666;-24.4;1009.672;-12.2;17.568;1024.1901;0;
5802989059;18.544;-24.278;1009.672;-12.2;17.568;1024.1901;0;
5802998450;18.422;-24.278;1009.672;-12.2;17.568;1024.1901;0;
5803008686;18.422;-24.4;1009.794;-12.078;17.446;1024.1901;0;
5803018551;18.422;-24.522;1009.794;-12.078;17.446;1024.1901;0;
5803028823;18.3;-24.522;1009.794;-12.078;17.446;1024.312;0;
5803039063;18.422;-24.522;1009.794;-11.956;17.446;1024.312;0;
5803048453;18.422;-24.522;1009.672;-11.956;17.446;1024.312;0;
5803058690;18.544;-24.644;1009.672;-11.956;17.446;1024.312;0;
5803068926;18.544;-24.644;1009.672;-11.956;17.446;1024.312;0;
5803078315;18.544;-24.644;1009.672;-11.834;17.446;1024.312;0;
5803087255;18.544;-24.644;1009.672;-11.834;17.446;1024.312;0;
5803092392;18.544;-24.644;1009.672;-11.834;17.324;1024.312;0;
5803099190;18.544;-24.644;1009.794;-11.834;17.324;1024.312;0;
5803108578;18.666;-24.522;1009.794;-11.712;17.202;1024.312;0;
5803118818;18.666;-24.522;1009.794;-11.712;17.202;1024.1901;0;
5803127298;18.666;-24.522;1009.794;-11.712;17.202;1024.1901;0;
5803132392;18.666;-24.522;1009.794;-11.59;17.08;1024.1901;0;
5803139205;18.788;-24.4;1009.916;-11.59;17.08;1024.312;0;
5803147300;18.788;-24.278;1009.794;-11.59;17.08;1024.312;0;
5803152431;18.788;-24.278;1009.794;-11.59;17.08;1024.312;0;
5803159229;18.788;-24.156;1009.794;-11.468;17.08;1024.434;0;
5803167711;18.788;-24.156;1009.916;-11.468;17.08;1024.434;0;
5803172808;18.788;-24.156;1009.916;-11.468;17.08;1024.434;0;
5803179616;18.788;-24.278;1009.916;-11.468;17.08;1024.434;0;
5803187242;18.788;-24.4;1009.794;-11.468;17.08;1024.434;0;
5803192336;18.788;-24.4;1009.794;-11.468;17.08;1024.434;0;
5803200456;18.788;-24.644;1009.794;-11.468;17.08;1024.434;0;
5803207274;18.788;-24.644;1009.794;-11.468;17.08;1024.434;0;
5803212373;18.788;-24.644;1009.794;-11.468;17.08;1024.434;0;
5803219181;18.666;-24.766;1009.794;-11.346;17.08;1024.434;0;
5803227660;18.666;-24.888;1009.794;-11.346;17.08;1024.434;0;
5803232753;18.666;-24.888;1009.794;-11.346;17.08;1024.434;0;
5803239566;18.666;-24.766;1009.794;-11.346;17.08;1024.434;0;
5803247661;18.544;-24.766;1009.794;-11.346;17.08;1024.434;0;
5803252790;18.544;-24.766;1009.794;-11.224;17.08;1024.434;0;
5803259591;18.544;-24.644;1009.794;-11.346;17.08;1024.434;0;
5803267215;18.666;-24.522;1009.794;-11.346;17.08;1024.434;0;
5803272313;18.666;-24.522;1009.794;-11.346;17.202;1024.434;0;
5803278206;18.666;-24.522;1009.794;-11.346;17.202;1024.434;0;
5803284115;18.666;-24.522;1009.794;-11.346;17.202;1024.434;0;
5803290923;18.666;-24.4;1009.794;-11.468;17.202;1024.434;0;
5803297326;18.666;-24.4;1009.794;-11.468;17.202;1024.434;0;
5803302451;18.666;-24.4;1009.794;-11.468;17.202;1024.312;0;
5803308339;18.544;-24.4;1009.794;-11.468;17.202;1024.312;0;
5803314241;18.544;-24.4;1009.794;-11.468;17.324;1024.312;0;
5803321055;18.544;-24.278;1009.794;-11.468;17.324;1024.312;0;
5803326989;18.544;-24.278;1009.916;-11.468;17.324;1024.312;0;
5803332083;18.544;-24.278;1009.916;-11.59;17.324;1024.312;0;
5803337976;18.544;-24.278;1009.916;-11.59;17.324;1024.312;0;
5803345198;18.544;-24.278;1009.916;-11.59;17.324;1024.312;0;
5803351230;18.544;-24.156;1009.916;-11.712;17.324;1024.312;0;
5803357170;18.544;-24.278;1009.916;-11.712;17.324;1024.312;0;
5803362263;18.544;-24.278;1009.916;-11.712;17.446;1024.1901;0;
5803368159;18.544;-24.278;1009.794;-11.712;17.446;1024.1901;0;
5803374067;18.544;-24.278;1009.794;-11.712;17.446;1024.1901;0;
5803380878;18.422;-24.278;1009.794;-11.712;17.568;1024.1901;0;
5803387152;18.3;-24.4;1009.794;-11.712;17.568;1024.1901;0;
5803392282;18.3;-24.4;1009.794;-11.712;17.568;1024.1901;0;
5803398168;18.3;-24.4;1009.794;-11.712;17.568;1024.1901;0;
5803404079;18.3;-24.4;1009.794;-11.712;17.568;1024.1901;0;
5803410883;18.3;-24.4;1009.794;-11.834;17.568;1024.1901;0;
5803416823;18.422;-24.644;1009.794;-11.834;17.568;1024.1901;0;
5803421913;18.422;-24.644;1009.794;-11.834;17.69;1024.1901;0;
5803427807;18.422;-24.644;1009.794;-11.834;17.69;1024.1901;0;
5803435229;18.422;-24.644;1009.794;-11.834;17.69;1024.1901;0;
5803441269;18.422;-24.766;1009.794;-11.956;17.812;1024.1901;0;
5803446372;18.544;-24.766;1009.794;-11.956;17.812;1024.1901;0;
5803452283;18.544;-24.766;1009.794;-11.956;17.812;1024.1901;0;
5803458173;18.422;-24.766;1009.794;-11.956;17.812;1024.1901;0;
5803464088;18.422;-24.766;1009.794;-11.956;17.812;1024.1901;0;
5803470895;18.544;-24.644;1009.794;-11.956;17.934;1024.1901;0;
5803476831;0.732;-36.356;1009.672;-11.956;17.934;1024.1901;0;
5803483172;0.732;-36.356;1009.672;-11.712;15.25;1021.384;0;
5803488206;-65.392;-34.77;1011.014;-11.712;15.25;1021.384;0;
5803494193;-65.392;-34.77;1011.014;-11.712;6.832;1012.6;0;
5803500089;-174.704;3.294;1014.064;-11.712;6.832;1012.6;0;
5803505913;-174.704;3.294;1014.064;-14.396;4.27;1007.598;0;
5803512634;-253.882;29.158;1016.87;-9.882;17.934;1010.526;0;
5803517724;-248.514;-7.442;1016.504;-9.882;17.934;1010.526;0;
5803524949;-248.514;-7.442;1016.504;-5.246;30.012;1002.474;0;
5803530075;-191.052;-47.58;1016.382;-5.246;30.012;1002.474;0;
5803536062;-191.052;-47.58;1016.382;-13.908;46.116;1000.4;0;
5803543045;-118.218;-6.466;1015.528;-28.914;65.514;1013.942;0;
5803548220;-27.328;22.936;1016.87;-28.914;65.514;1013.942;0;
5803554127;-27.328;22.936;1016.87;-36.478;86.986;1028.338;0;
5803560022;71.248;-35.868;1015.894;-36.478;86.986;1028.338;0;
5803565938;71.248;-35.868;1015.894;-38.918;105.652;1037.854;0;
5803574144;132.248;-51.362;1013.088;-49.41;115.168;1040.782;0;
5803579449;144.692;-3.294;1011.136;-49.41;115.168;1040.782;0;
5803585438;144.692;-3.294;1011.136;-52.948;127.856;1041.1481;0;
5803592332;148.108;-1.952;1009.55;-49.41;134.444;1042.49;0;
5803597509;180.804;-20.984;1005.402;-49.41;134.444;1042.49;0;
5803603592;180.804;-20.984;1005.402;-50.508;138.226;1046.394;0;
5803609656;241.438;-27.572;1004.548;-50.508;138.226;1046.394;0;
5803617965;295.85;-35.136;1006.988;-47.58;137.25;1042.124;0;
5803623270;295.85;-35.136;1006.988;-39.772;130.052;1036.2681;0;
5803629336;309.88;-43.432;1007.232;-39.772;130.052;1036.2681;0;
5803635412;309.88;-43.432;1007.232;-29.28;118.462;1030.9;0;
5803642397;287.798;-47.214;1008.574;-19.886;102.602;1025.41;0;
5803647663;260.226;-33.306;1010.892;-19.886;102.602;1025.41;0;
5803653747;260.226;-33.306;1010.892;-8.662;81.008;1015.284;0;
5803659635;230.336;-10.858;1011.868;-8.662;81.008;1015.284;0;
5803667772;207.156;-7.93;1010.648;2.562;56.486;1005.89;0;
5803672724;207.156;-7.93;1010.648;8.784;31.842;1004.914;0;
5803678436;190.93;-23.79;1011.258;8.784;31.842;1004.914;0;
5803684254;190.93;-23.79;1011.258;14.03;3.294;1004.67;0;
5803690066;165.066;-32.086;1011.014;14.03;3.294;1004.67;0;
5803696796;104.92;-17.08;1010.77;11.59;-30.012;1006.012;0;
5803702824;104.92;-17.08;1010.77;12.2;-63.806;1016.748;0;
5803709305;9.76;-5.002;1012.356;12.2;-63.806;1016.748;0;
5803714263;9.76;-5.002;1012.356;21.594;-87.84;1043.954;0;
5803719970;-64.172;-20.496;1014.186;21.594;-87.84;1043.954;0;
5803726876;-91.012;-19.398;1014.064;23.79;-112.606;1047.614;0;
5803732992;-91.012;-19.398;1014.064;17.69;-138.104;1036.8781;0;
5803738255;-112.85;-9.394;1015.528;17.69;-138.104;1036.8781;0;
5803744338;-112.85;-9.394;1015.528;11.712;-151.524;1042.49;0;
5803750407;-150.792;-11.59;1016.626;11.712;-151.524;1042.49;0;
5803758810;-180.194;0.732;1016.992;11.102;-161.406;1037.0;0;
5803764026;-180.194;0.732;1016.992;11.834;-162.87;1035.78;0;
5803770002;-198.86;5.978;1016.138;11.834;-162.87;1035.78;0;
5803776912;-210.938;-9.272;1016.992;13.908;-156.892;1033.34;0;
5803783882;-210.938;-9.272;1016.992;19.764;-147.498;1023.702;0;
5803789145;-215.208;-25.498;1018.09;19.764;-147.498;1023.702;0;
5803795312;-215.208;-25.498;1018.09;18.91;-134.688;1013.088;0;
5803803688;-212.646;-24.034;1017.358;13.542;-116.876;1002.84;0;
5803809081;-202.642;-11.59;1014.552;13.542;-116.876;1002.84;0;
5803815242;-202.642;-11.59;1014.552;7.93;-94.794;995.032;0;
5803821131;-170.434;-9.638;1018.334;7.93;-94.794;995.032;0;
5803827857;-108.58;-8.418;1016.26;7.93;-65.514;996.13;0;
5803833710;-108.58;-8.418;1016.26;4.636;-31.964;1006.378;0;
5803838798;-9.394;-15.86;1011.746;4.636;-31.964;1006.378;0;
5803844619;-9.394;-15.86;1011.746;-6.954;-3.66;1013.088;0;
5803851746;85.644;-29.646;1018.944;-6.954;-3.66;1013.088;0;
5803857685;113.338;-32.696;1018.578;-12.444;26.718;1024.434;0;
5803863722;113.338;-32.696;1018.578;-12.688;55.754;1031.632;0;
5803868896;117.364;-16.348;1007.11;-12.688;55.754;1031.632;0;
5803874895;117.364;-16.348;1007.11;-17.202;78.446;1033.95;0;
5803880874;142.252;2.196;1005.402;-17.202;78.446;1033.95;0;
5803887606;188.978;-18.178;1009.184;-25.62;99.43;1040.66;0;
5803894488;188.978;-18.178;1009.184;-33.306;120.78;1049.8101;0;
5803901068;249.49;-41.236;1008.208;-33.306;120.78;1049.8101;0;
5803907286;293.776;-29.524;1008.086;-41.602;137.006;1051.64;0;
5803914258;293.776;-29.524;1008.086;-44.896;143.106;1047.736;0;
5803919524;298.046;-27.084;1008.574;-44.896;143.106;1047.736;0;
5803926515;275.842;-43.066;1009.672;-43.31;141.642;1038.22;0;
5803934334;275.842;-43.066;1009.672;-41.846;136.03;1030.5341;0;
5803939600;249.734;-38.064;1008.818;-41.846;136.03;1030.5341;0;
5803947899;225.456;-11.102;1010.526;-41.358;122.61;1022.848;0;
5803954902;225.456;-11.102;1010.526;-37.698;105.652;1012.844;0;
5803960172;205.814;-1.708;1010.77;-37.698;105.652;1012.844;0;
5803967067;174.826;-23.424;1010.77;-33.55;84.79;1007.11;0;
5803974791;174.826;-23.424;1010.77;-26.596;62.464;1010.038;0;
5803979967;100.894;-33.55;1013.088;-26.596;62.464;1010.038;0;
5803986866;1.098;-6.466;1014.796;-13.786;38.796;1018.822;0;
5803996076;-53.802;2.074;1014.918;-6.588;13.054;1025.288;0;
5804004843;-53.802;2.074;1014.918;-8.052;-8.174;1028.094;0;
5804009786;-65.27;-23.18;1013.82;-8.052;-8.174;1028.094;0;
5804016597;-75.518;-27.328;1013.698;-9.638;-29.646;1020.774;0;
5804026080;-106.994;-21.716;1013.82;-11.346;-48.8;1016.382;0;
5804036584;-169.214;-20.496;1014.552;-8.662;-61.244;1028.948;0;
5804046151;-221.308;1.464;1017.48;3.172;-74.908;1021.506;0;
5804056303;-239.12;15.25;1019.554;4.148;-77.836;1016.26;0;
5804066157;-231.434;-10.98;1018.212;-3.05;-71.492;1023.092;0;
5804075761;-213.988;-32.574;1020.042;-6.954;-70.882;1009.428;0;
5804086183;-202.154;-18.3;1019.92;-11.59;-62.22;1001.132;0;
5804095837;-191.784;0.244;1017.358;-14.03;-48.8;998.814;0;
5804106076;-165.31;-0.244;1016.504;-16.714;-32.208;997.96;0;
5804116405;-88.45;-9.272;1012.234;-26.84;-8.662;1001.62;0;
5804125796;31.964;-23.058;1013.698;-35.624;13.054;1016.138;0;
5804136031;101.87;-37.088;1016.382;-36.112;35.014;1030.778;0;
5804145977;105.774;-31.354;1013.942;-35.99;53.802;1032.608;0;
5804156337;112.118;-4.026;1008.94;-39.894;71.736;1033.34;0;
5804164827;140.91;2.806;1008.452;-39.894;71.736;1033.34;0;
5804169835;140.91;2.806;1008.452;-41.358;89.06;1042.49;0;
5804176552;199.226;-25.986;1007.598;-39.772;106.506;1050.42;0;
5804186121;264.984;-41.114;1005.646;-39.772;120.048;1055.178;0;
5804194783;301.096;-28.426;1007.842;-39.772;120.048;1055.178;0;
5804201247;301.096;-28.426;1007.842;-40.26;122.732;1048.834;0;
5804207456;294.508;-30.988;1006.988;-34.892;122.61;1039.318;0;
5804216179;264.862;-46.604;1006.622;-27.694;119.194;1037.976;0;
5804224837;237.656;-31.598;1006.744;-27.694;119.194;1037.976;0;
5804230105;237.656;-31.598;1006.744;-25.62;109.434;1029.558;0;
5804237090;217.16;-6.832;1008.452;-23.668;96.99;1022.726;0;
5804244723;200.08;-7.32;1010.038;-23.668;96.99;1022.726;0;
5804249834;200.08;-7.32;1010.038;-21.472;83.57;1014.43;0;
5804258164;161.406;-25.376;1010.282;-17.446;64.66;1004.792;0;
5804265067;70.638;-26.962;1013.088;-17.446;64.66;1004.792;0;
5804270163;70.638;-26.962;1013.088;-11.346;40.992;1010.404;0;
5804276976;-21.594;-8.784;1013.576;-10.004;20.74;1023.336;0;
5804284602;-56.974;-4.392;1011.746;-10.004;20.74;1023.336;0;
5804289692;-56.974;-4.392;1011.746;-8.052;5.856;1027.85;0;
5804295417;-66.978;-14.884;1012.478;-8.052;5.856;1027.85;0;
5804302559;-66.978;-14.884;1012.478;-2.318;-9.15;1025.776;0;
5804308603;-81.13;-17.324;1012.966;1.83;-25.132;1021.14;0;
5804314540;-125.538;-23.424;1012.722;1.83;-25.132;1021.14;0;
5804319726;-125.538;-23.424;1012.722;12.322;-36.6;1026.63;0;
5804325796;-192.272;-18.544;1014.308;12.322;-36.6;1026.63;0;
5804331881;-192.272;-18.544;1014.308;20.984;-44.652;1032.486;0;
5804338862;-234.85;12.688;1016.504;20.008;-49.898;1030.168;0;
5804344888;-244.0;11.712;1016.016;20.008;-49.898;1030.168;0;
5804351389;-244.0;11.712;1016.016;17.202;-48.8;1025.0441;0;
5804357517;-231.312;-26.474;1015.406;18.178;-44.042;1016.87;0;
5804364483;-215.33;-33.184;1015.65;18.178;-44.042;1016.87;0;
5804369754;-215.33;-33.184;1015.65;16.47;-35.624;1009.062;0;
5804375826;-207.278;-10.126;1014.674;16.47;-35.624;1009.062;0;
5804381908;-207.278;-10.126;1014.674;10.492;-25.132;1006.134;0;
5804388892;-194.102;-0.61;1015.894;6.344;-10.98;1002.718;0;
5804395289;-145.668;5.734;1012.844;6.344;-10.98;1002.718;0;
5804400334;-145.668;5.734;1012.844;-2.562;8.418;1003.45;0;
5804406045;-35.014;-8.662;1011.136;-2.562;8.418;1003.45;0;
5804411776;-35.014;-8.662;1011.136;-13.42;30.134;1015.528;0;
5804418591;69.784;-37.332;1016.626;-20.496;49.532;1025.0441;0;
5804424526;98.576;-32.452;1011.746;-20.496;49.532;1025.0441;0;
5804429621;98.576;-32.452;1011.746;-23.79;67.1;1028.704;0;
5804435518;95.648;-8.296;1006.5;-23.79;67.1;1028.704;0;
5804442649;95.648;-8.296;1006.5;-22.326;82.472;1031.144;0;
5804448594;111.386;4.514;1008.574;-21.594;93.086;1035.658;0;
5804454440;156.526;-9.15;1007.354;-21.594;93.086;1035.658;0;
5804459534;156.526;-9.15;1007.354;-26.84;101.382;1037.976;0;
5804465513;228.628;-34.404;1007.232;-26.84;101.382;1037.976;0;
5804471595;228.628;-34.404;1007.232;-30.988;107.238;1039.318;0;
5804478582;291.092;-40.138;1007.11;-30.988;108.092;1036.634;0;
5804483843;305.732;-32.452;1006.256;-30.988;108.092;1036.634;0;
5804491239;305.732;-32.452;1006.256;-28.06;100.65;1030.168;0;
5804496546;288.164;-33.672;1006.378;-28.06;100.65;1030.168;0;
5804502623;288.164;-33.672;1006.378;-22.936;86.986;1022.604;0;
5804509512;258.884;-37.82;1005.402;-17.69;73.566;1022.36;0;
5804514690;228.018;-25.62;1007.842;-17.69;73.566;1022.36;0;
5804520687;228.018;-25.62;1007.842;-14.396;49.166;1010.892;0;
5804526667;201.91;-9.15;1009.306;-14.396;49.166;1010.892;0;
5804534798;172.996;-8.418;1009.428;-13.786;26.23;1007.842;0;
5804539923;172.996;-8.418;1009.428;-9.272;1.952;1006.5;0;
5804545636;130.54;-25.01;1009.916;-9.272;1.952;1006.5;0;
5804551461;130.54;-25.01;1009.916;-3.294;-26.84;1001.864;0;
5804557445;65.758;-20.252;1010.892;-3.294;-26.84;1001.864;0;
5804563351;65.758;-20.252;1010.892;-3.172;-50.02;1021.75;0;
5804570160;-11.224;-3.294;1011.624;-5.368;-75.518;1038.22;0;
5804575247;-69.296;-17.202;1011.868;-5.368;-75.518;1038.22;0;
5804582568;-69.296;-17.202;1011.868;-8.662;-98.454;1040.782;0;
5804587783;-91.622;-21.96;1014.796;-8.662;-98.454;1040.782;0;
5804594679;-107.726;-11.468;1015.04;-9.394;-116.754;1034.926;0;
5804600039;-107.726;-11.468;1015.04;-10.492;-129.076;1033.95;0;
5804606284;-139.568;-13.298;1016.87;-10.492;-129.076;1033.95;0;
5804612542;-139.568;-13.298;1016.87;-6.954;-139.08;1035.4141;0;
5804619605;-177.632;-12.566;1018.212;-6.588;-145.912;1029.0701;0;
5804626286;-213.256;3.66;1016.138;-6.588;-145.912;1029.0701;0;
5804631497;-213.256;3.66;1016.138;-14.03;-141.52;1021.75;0;
5804637562;-233.386;10.37;1016.504;-14.03;-141.52;1021.75;0;
5804644640;-231.556;-15.25;1016.016;-11.346;-130.784;1018.212;0;
5804650093;-231.556;-15.25;1016.016;-7.32;-119.804;1004.304;0;
5804656245;-215.33;-32.94;1016.26;-7.32;-119.804;1004.304;0;
5804662412;-215.33;-32.94;1016.26;-8.906;-101.87;991.616;0;
5804669395;-200.446;-19.276;1016.748;-14.396;-76.616;988.932;0;
5804675975;-177.876;-0.854;1014.064;-14.396;-76.616;988.932;0;
5804681190;-177.876;-0.854;1014.064;-20.618;-47.702;987.712;0;
5804687163;-117.852;6.466;1011.624;-20.618;-47.702;987.712;0;
5804693072;-117.852;6.466;1011.624;-28.182;-12.81;995.52;0;
5804699884;-10.614;-16.836;1011.136;-34.282;23.79;1016.504;0;
5804705058;82.472;-37.698;1017.48;-34.282;23.79;1016.504;0;
5804710969;82.472;-37.698;1017.48;-36.844;55.876;1034.072;0;
5804718177;113.582;-31.354;1020.408;-36.844;55.876;1034.072;0;
5804724295;109.434;-18.544;1007.72;-36.966;85.766;1036.146;0;
5804730331;109.434;-18.544;1007.72;-39.406;115.29;1036.024;0;
5804735594;122.61;4.514;1000.278;-39.406;115.29;1036.024;0;
5804741502;122.61;4.514;1000.278;-43.676;136.64;1048.3461;0;
5804747394;172.264;-4.392;1007.964;-43.676;136.64;1048.3461;0;
5804754304;239.73;-43.066;1008.086;-48.19;158.6;1057.13;0;
5804760427;239.73;-43.066;1008.086;-52.948;175.924;1062.376;0;
5804767000;294.752;-40.138;1006.256;-52.948;175.924;1062.376;0;
5804772310;294.752;-40.138;1006.256;-56.364;181.17;1059.448;0;
5804778373;306.83;-23.18;1006.012;-56.364;181.17;1059.448;0;
5804785362;285.114;-30.988;1005.036;-53.802;180.316;1044.198;0;
5804790634;285.114;-30.988;1005.036;-45.384;174.338;1038.342;0;
5804796706;256.566;-38.918;1007.11;-45.384;174.338;1038.342;0;
5804802790;256.566;-38.918;1007.11;-40.138;163.114;1029.9241;0;
5804811088;229.36;-26.474;1007.476;-36.6;143.96;1015.65;0;
5804816387;201.544;-11.956;1011.014;-36.6;143.96;1015.65;0;
5804822465;201.544;-11.956;1011.014;-33.306;124.196;1007.11;0;
5804828534;163.968;-14.64;1012.234;-33.306;124.196;1007.11;0;
5804835523;88.084;-14.64;1011.014;-25.498;101.748;1008.208;0;
5804840702;88.084;-14.64;1011.014;-10.736;75.03;1014.43;0;
5804846601;0.732;-11.102;1011.258;-10.736;75.03;1014.43;0;
5804852422;0.732;-11.102;1011.258;-4.514;48.922;1020.042;0;
5804859459;-46.97;-10.126;1011.014;-4.514;48.922;1020.042;0;
5804865500;-59.414;-17.69;1011.746;-5.124;26.718;1025.532;0;
5804871449;-59.414;-17.69;1011.746;-2.196;4.148;1020.286;0;
5804876451;-66.246;-22.326;1012.356;-2.196;4.148;1020.286;0;
5804882275;-66.246;-22.326;1012.356;2.074;-17.568;1017.358;0;
5804888168;-98.454;-21.96;1014.796;2.074;-17.568;1017.358;0;
5804894983;-161.284;-21.35;1017.236;15.25;-35.014;1026.752;0;
5804901567;-161.284;-21.35;1017.236;26.84;-52.216;1028.094;0;
5804906868;-221.918;-0.61;1017.358;26.84;-52.216;1028.094;0;
5804913759;-246.44;13.176;1015.772;23.424;-61.854;1029.9241;0;
5804921483;-246.44;13.176;1015.772;18.422;-61.854;1029.558;0;
5804926655;-239.486;-10.492;1014.186;18.422;-61.854;1029.558;0;
5804933647;-222.04;-31.232;1018.212;18.3;-61.366;1019.92;0;
5804941461;-222.04;-31.232;1018.212;17.08;-56.486;1012.722;0;
5804946727;-209.718;-21.35;1018.7;17.08;-56.486;1012.722;0;
5804954910;-196.054;-8.906;1017.724;13.298;-49.776;1002.962;0;
5804961820;-196.054;-8.906;1017.724;6.466;-35.624;1002.352;0;
5804966910;-162.016;3.294;1013.82;6.466;-35.624;1002.352;0;
5804973643;-81.862;0.61;1010.526;-2.318;-15.86;1009.55;0;
5804982035;-81.862;0.61;1010.526;-8.906;2.928;1013.088;0;
5804986855;29.646;-33.184;1013.698;-8.906;2.928;1013.088;0;
5804993496;91.012;-39.894;1014.186;-14.03;21.838;1022.238;0;
5805001977;91.012;-39.894;1014.186;-17.812;38.796;1027.972;0;
5805008573;96.624;-15.494;1012.234;-17.812;38.796;1027.972;0;
5805014609;101.87;-3.538;1009.428;-15.86;55.998;1029.436;0;
5805022253;101.87;-3.538;1009.428;-15.494;69.784;1036.512;0;
5805027341;134.078;-1.22;1006.622;-15.494;69.784;1036.512;0;
5805034157;198.006;-20.13;1006.012;-22.082;79.788;1039.318;0;
5805043634;267.058;-42.334;1006.988;-27.694;87.962;1039.4401;0;
5805052227;267.058;-42.334;1006.988;-28.426;92.354;1038.098;0;
5805058733;301.218;-37.942;1007.964;-28.426;92.354;1038.098;0;
5805064854;294.264;-30.134;1007.72;-26.352;90.28;1031.266;0;
5805073485;270.596;-32.452;1006.866;-22.448;81.252;1025.166;0;
5805083813;241.56;-31.232;1007.11;-17.08;69.662;1020.896;0;
5805093295;213.744;-20.374;1005.89;-13.42;57.828;1023.824;0;
5805103624;192.394;-11.834;1006.866;-13.542;38.552;1012.844;0;
5805113947;161.04;-25.498;1010.404;-15.25;13.664;998.57;0;
5805123340;92.72;-21.472;1011.624;-14.274;-6.832;1011.136;0;
5805133194;-2.196;-6.344;1010.892;-3.782;-26.596;1025.166;0;
5805143373;-59.414;-10.858;1012.112;-3.294;-45.018;1036.756;0;
5805153706;-71.492;-13.42;1012.478;-9.516;-63.684;1033.0961;0;
5805163186;-80.032;-13.298;1011.502;-9.272;-79.788;1023.58;0;
5805173514;-116.754;-24.4;1011.258;-10.004;-89.548;1031.266;0;
5805183179;-177.632;-23.18;1012.722;-14.03;-97.722;1036.8781;0;
5805193684;-226.432;9.394;1016.26;-12.932;-103.578;1028.826;0;
5805203718;-244.854;17.446;1017.114;-5.368;-101.138;1018.456;0;
5805213328;-233.02;-19.276;1015.65;-4.758;-90.402;1013.21;0;
5805223747;-216.306;-39.406;1017.114;-8.784;-81.496;1004.426;0;
5805232409;-208.254;-15.128;1016.87;-8.784;-81.496;1004.426;0;
5805237680;-208.254;-15.128;1016.87;-13.786;-67.222;998.814;0;
5805244661;-195.322;4.026;1014.308;-16.348;-44.53;993.812;0;
5805252288;-152.866;0.244;1013.088;-16.348;-44.53;993.812;0;
5805257382;-152.866;0.244;1013.088;-21.228;-17.324;996.008;0;
5805265510;-57.218;-10.858;1012.6;-29.768;12.078;1010.282;0;
5805272417;53.68;-26.23;1015.284;-29.768;12.078;1010.282;0;
5805277520;53.68;-26.23;1015.284;-34.16;37.454;1021.506;0;
5805284323;102.114;-34.038;1015.162;-34.892;62.708;1029.0701;0;
5805292042;100.284;-23.546;1012.966;-34.892;62.708;1029.0701;0;
5805297228;100.284;-23.546;1012.966;-35.014;84.668;1035.292;0;
5805304125;109.556;-1.952;1007.11;-40.504;101.87;1036.39;0;
5805312308;147.986;0.244;1007.354;-40.504;101.87;1036.39;0;
5805317442;147.986;0.244;1007.354;-44.896;117.242;1042.49;0;
5805324246;214.598;-30.988;1006.988;-47.092;133.834;1052.3721;0;
5805332058;278.526;-43.92;1005.646;-47.092;133.834;1052.3721;0;
5805337332;278.526;-43.92;1005.646;-50.508;143.106;1052.25;0;
5805344319;302.926;-26.718;1009.428;-49.776;140.422;1044.442;0;
5805352140;289.262;-28.792;1007.354;-49.776;140.422;1044.442;0;
5805357413;289.262;-28.792;1007.354;-44.408;134.322;1034.438;0;
5805365724;261.202;-41.114;1007.354;-35.746;123.586;1028.826;0;
5805371875;235.826;-31.72;1006.622;-35.746;123.586;1028.826;0;
5805377148;235.826;-31.72;1006.622;-31.842;110.41;1025.166;0;
5805383219;212.036;-11.224;1007.964;-31.842;110.41;1025.166;0;
5805389299;212.036;-11.224;1007.964;-28.67;93.94;1019.066;0;
5805396195;186.416;-9.638;1013.332;-22.814;69.052;1003.816;0;
5805402129;137.738;-22.204;1012.6;-22.814;69.052;1003.816;0;
5805408626;137.738;-22.204;1012.6;-15.982;47.336;1006.744;0;
5805414752;52.46;-16.104;1011.258;-6.954;22.326;1017.968;0;
5805422303;-23.302;-7.564;1012.844;-6.954;22.326;1017.968;0;
5805427308;-23.302;-7.564;1012.844;-4.026;-5.368;1023.824;0;
5805433119;-58.926;-11.346;1012.234;-4.026;-5.368;1023.824;0;
5805439027;-58.926;-11.346;1012.234;-3.294;-23.79;1033.462;0;
5805445925;-72.712;-15.25;1013.698;-3.05;-44.53;1025.0441;0;
5805451948;-87.718;-18.178;1015.284;-3.05;-44.53;1025.0441;0;
5805458451;-87.718;-18.178;1015.284;-4.27;-63.562;1021.384;0;
5805463667;-134.2;-28.548;1015.894;-4.27;-63.562;1021.384;0;
5805469749;-134.2;-28.548;1015.894;5.49;-75.03;1032.364;0;
5805476641;-198.982;-16.104;1015.772;20.252;-86.376;1026.874;0;
5805481903;-238.388;14.518;1016.382;20.252;-86.376;1026.874;0;
5805487902;-238.388;14.518;1016.382;23.668;-88.938;1023.824;0;
5805493881;-240.828;6.222;1019.066;23.668;-88.938;1023.824;0;
5805501111;-240.828;6.222;1019.066;17.568;-84.912;1019.798;0;
5805507138;-225.822;-29.768;1017.48;15.494;-79.056;1010.526;0;
5805512413;-210.572;-31.598;1015.04;15.494;-79.056;1010.526;0;
5805518493;-210.572;-31.598;1015.04;14.03;-66.124;1004.182;0;
5805525477;-200.812;-4.148;1016.26;11.224;-53.802;994.056;0;
5805531406;-187.392;4.148;1015.162;11.224;-53.802;994.056;0;
5805536410;-187.392;4.148;1015.162;6.344;-33.184;995.154;0;
5805542133;-134.2;-2.44;1013.454;6.344;-33.184;995.154;0;
5805549270;-134.2;-2.44;1013.454;-3.538;-5.612;1001.132;0;
5805554388;-19.764;-17.324;1012.844;-3.538;-5.612;1001.132;0;
5805560293;-19.764;-17.324;1012.844;-14.762;23.302;1015.65;0;
5805567183;77.226;-32.574;1015.528;-21.35;49.898;1028.46;0;
5805572271;100.406;-30.622;1015.284;-21.35;49.898;1028.46;0;
5805578267;100.406;-30.622;1015.284;-23.302;70.028;1029.314;0;
5805584251;101.87;-12.322;1007.842;-23.302;70.028;1029.314;0;
5805590247;101.87;-12.322;1007.842;-26.108;92.842;1031.144;0;
5805598456;119.926;5.002;1005.402;-27.938;112.484;1042.246;0;
5805603576;166.652;-8.54;1008.086;-27.938;112.484;1042.246;0;
5805609565;166.652;-8.54;1008.086;-30.744;128.954;1047.37;0;
5805616462;235.948;-40.992;1006.744;-34.038;141.886;1051.396;0;
5805621731;291.336;-39.528;1004.304;-34.038;141.886;1051.396;0;
5805627814;291.336;-39.528;1004.304;-36.234;145.058;1047.736;0;
5805633878;301.218;-25.986;1006.866;-36.234;145.058;1047.736;0;
5805642185;276.94;-33.672;1006.012;-32.33;143.472;1038.708;0;
5805647492;276.94;-33.672;1006.012;-26.84;135.42;1033.462;0;
5805653558;251.076;-39.162;1004.426;-26.84;135.42;1033.462;0;
5805659638;251.076;-39.162;1004.426;-25.498;123.098;1023.214;0;
5805666622;229.116;-24.278;1007.11;-24.278;108.702;1019.432;0;
5805671890;204.228;-7.686;1007.964;-24.278;108.702;1019.432;0;
5805677884;204.228;-7.686;1007.964;-21.96;88.084;1008.208;0;
5805685091;173.362;-17.568;1008.94;-21.96;88.084;1008.208;0;
5805690312;173.362;-17.568;1008.94;-20.618;61.732;994.422;0;
5805697111;115.29;-24.4;1010.282;-19.886;35.868;1005.524;0;
5805702291;32.574;-11.59;1010.892;-19.886;35.868;1005.524;0;
5805708198;32.574;-11.59;1010.892;-11.59;11.224;1019.798;0;
5805714087;-34.282;-8.906;1011.624;-11.59;11.224;1019.798;0;
5805720000;-34.282;-8.906;1011.624;-6.588;-9.394;1032.974;0;
5805725809;-65.88;-16.104;1011.136;-6.588;-9.394;1032.974;0;
5805733941;-77.958;-16.348;1013.332;-5.124;-33.184;1029.0701;0;
5805739156;-77.958;-16.348;1013.332;-1.952;-55.022;1023.336;0;
5805745132;-102.48;-15.006;1016.382;-1.952;-55.022;1023.336;0;
5805752125;-153.598;-20.496;1015.772;2.562;-68.442;1035.78;0;
5805757303;-153.598;-20.496;1015.772;2.196;-84.668;1032.974;0;
5805763290;-206.79;-6.344;1014.43;2.196;-84.668;1032.974;0;
5805769194;-206.79;-6.344;1014.43;-2.684;-93.818;1033.462;0;
5805775179;-236.558;13.786;1015.406;-2.684;-93.818;1033.462;0;
5805783326;-236.802;-5.368;1017.48;1.098;-93.94;1031.998;0;
5805788472;-236.802;-5.368;1017.48;4.88;-90.28;1020.652;0;
5805794363;-221.796;-33.062;1019.676;4.88;-90.28;1020.652;0;
5805800357;-221.796;-33.062;1019.676;-0.122;-84.424;1010.77;0;
5805806428;-210.572;-27.206;1019.554;-0.122;-84.424;1010.77;0;
5805813416;-201.422;-8.784;1016.87;-8.418;-75.884;1001.986;0;
5805818601;-201.422;-8.784;1016.87;-13.908;-59.048;1000.4;0;
5805826183;-169.702;8.662;1014.918;-13.908;-59.048;1000.4;0;
5805832305;-88.328;3.05;1012.966;-22.326;-37.698;1001.376;0;
5805838246;-88.328;3.05;1012.966;-28.914;-12.566;1007.72;0;
5805843339;25.01;-34.648;1012.722;-28.914;-12.566;1007.72;0;
5805849336;25.01;-34.648;1012.722;-30.988;10.614;1020.286;0;
5805855231;92.476;-39.406;1014.674;-30.988;10.614;1020.286;0;
5805862043;97.356;-15.372;1012.112;-31.354;30.988;1027.3621;0;
5805867989;97.356;-15.372;1012.112;-29.402;50.386;1030.29;0;
5805874408;100.406;-7.198;1008.086;-29.402;50.386;1030.29;0;
5805879545;100.406;-7.198;1008.086;-31.598;64.416;1032.2421;0;
5805885433;132.37;-1.098;1007.232;-31.598;64.416;1032.2421;0;
5805892247;191.784;-19.52;1005.28;-35.014;78.812;1038.098;0;
5805898280;191.784;-19.52;1005.28;-36.6;92.232;1042.49;0;
5805903459;263.154;-44.652;1006.622;-36.6;92.232;1042.49;0;
5805909457;263.154;-44.652;1006.622;-36.6;100.772;1044.3201;0;
5805916835;302.804;-37.088;1008.086;-36.6;100.772;1044.3201;0;
5805923051;296.338;-30.744;1008.208;-33.672;101.26;1042.124;0;
5805928329;296.338;-30.744;1008.208;-30.134;93.818;1029.436;0;
5805934309;273.646;-33.428;1008.086;-30.134;93.818;1029.436;0;
5805941214;248.026;-30.744;1006.744;-26.352;84.18;1024.312;0;
5805948939;248.026;-30.744;1006.744;-22.57;72.834;1024.556;0;
5805954114;220.21;-18.3;1006.988;-22.57;72.834;1024.556;0;
5805960114;220.21;-18.3;1006.988;-20.496;58.682;1021.872;0;
5805967409;198.616;-12.81;1008.086;-20.496;58.682;1021.872;0;
5805973534;171.776;-26.352;1008.33;-20.008;35.624;1005.89;0;
5805978718;171.776;-26.352;1008.33;-18.178;16.47;1013.21;0;
5805984701;99.674;-17.568;1011.014;-18.178;16.47;1013.21;0;
5805991518;1.342;-7.442;1012.966;-8.906;-1.83;1026.996;0;
5805998887;1.342;-7.442;1012.966;-3.782;-25.742;1026.264;0;
5806003799;-51.606;-14.03;1012.966;-3.782;-25.742;1026.264;0;
5806012020;-63.806;-13.054;1012.478;-6.344;-42.578;1031.998;0;
5806019784;-63.806;-13.054;1012.478;-6.71;-59.048;1023.092;0;
5806024969;-74.298;-12.322;1012.356;-6.71;-59.048;1023.092;0;
5806031867;-110.41;-24.156;1011.868;-7.198;-71.492;1024.312;0;
5806039680;-110.41;-24.156;1011.868;-5.246;-79.422;1031.632;0;
5806044946;-173.606;-25.62;1014.064;-5.246;-79.422;1031.632;0;
5806051933;-226.31;8.296;1018.578;4.636;-87.718;1019.432;0;
5806059480;-226.31;8.296;1018.578;11.59;-86.254;1011.99;0;
5806065888;-244.854;18.91;1016.87;11.59;-86.254;1011.99;0;
5806072014;-230.458;-17.324;1015.894;8.906;-74.908;1014.186;0;
5806079743;-230.458;-17.324;1015.894;5.978;-66.124;1006.744;0;
5806084923;-211.548;-38.064;1019.066;5.978;-66.124;1006.744;0;
5806091827;-203.374;-15.25;1018.456;3.416;-52.094;997.716;0;
5806101215;-193.736;4.026;1015.162;0.976;-31.842;994.788;0;
5806111272;-158.966;-9.272;1013.21;-5.368;-8.418;996.13;0;
5806121422;-79.91;-12.932;1013.21;-14.762;20.13;1005.89;0;
5806131366;25.254;-13.664;1013.454;-22.57;50.142;1018.09;0;
5806140792;91.134;-29.768;1015.894;-26.84;75.152;1028.094;0;
5806151056;105.286;-29.524;1015.04;-29.28;94.55;1034.316;0;
5806161386;117.364;-7.442;1005.524;-32.696;117.242;1037.488;0;
5806170866;146.888;1.708;1005.89;-34.404;135.176;1047.004;0;
5806181104;200.446;-24.522;1005.524;-37.332;150.182;1052.1281;0;
5806190676;262.178;-39.772;1004.792;-39.65;159.942;1054.08;0;
5806200717;298.046;-28.914;1007.232;-42.212;159.088;1047.126;0;
5806211176;292.556;-32.452;1006.012;-38.918;154.696;1036.8781;0;
5806220750;264.374;-46.726;1005.036;-32.452;145.058;1032.974;0;
5806231171;237.534;-32.33;1005.402;-30.134;131.394;1027.24;0;
5806240745;214.476;-6.832;1008.818;-27.328;112.24;1016.138;0;
5806251078;192.638;-5.612;1010.282;-24.034;90.28;1007.354;0;
5806259558;154.452;-33.306;1008.696;-24.034;90.28;1007.354;0;
5806264744;154.452;-33.306;1008.696;-21.472;63.074;1001.498;0;
5806272952;80.032;-28.06;1010.16;-17.812;31.964;1008.818;0;
5806279774;-10.492;-2.074;1011.258;-17.812;31.964;1008.818;0;
5806284875;-10.492;-2.074;1011.258;-6.466;3.538;1021.018;0;
5806291507;-65.88;-13.298;1011.014;2.44;-18.544;1034.072;0;
5806299985;-79.544;-24.4;1012.6;2.44;-18.544;1034.072;0;
5806305078;-79.544;-24.4;1012.6;4.026;-42.7;1028.948;0;
5806311887;-91.134;-16.958;1013.698;5.002;-65.88;1021.872;0;
5806319986;-127.246;-14.274;1016.138;5.002;-65.88;1021.872;0;
5806325209;-127.246;-14.274;1016.138;4.758;-81.984;1030.046;0;
5806332096;-175.192;-13.298;1018.822;2.074;-95.526;1029.802;0;
5806339816;-215.696;4.514;1016.504;2.074;-95.526;1029.802;0;
5806344822;-215.696;4.514;1016.504;6.344;-101.87;1032.2421;0;
5806351635;-237.046;12.078;1014.674;17.446;-104.432;1026.996;0;
5806359443;-235.948;-15.128;1015.04;17.446;-104.432;1026.996;0;
5806364805;-235.948;-15.128;1015.04;19.886;-99.918;1020.774;0;
5806373103;-223.382;-32.208;1018.944;10.37;-94.916;1008.208;0;
5806379249;-214.11;-18.91;1016.87;10.37;-94.916;1008.208;0;
5806384535;-214.11;-18.91;1016.87;-0.244;-83.692;998.692;0;
5806390506;-195.932;-4.758;1014.796;-0.244;-83.692;998.692;0;
5806396418;-195.932;-4.758;1014.796;-5.368;-63.196;1000.4;0;
5806403314;-131.882;12.932;1016.382;-13.908;-40.748;1000.766;0;
5806409429;-20.374;-12.078;1013.21;-13.908;-40.748;1000.766;0;
5806416013;-20.374;-12.078;1013.21;-21.716;-12.322;1010.282;0;
5806422231;71.004;-43.432;1016.382;-25.254;12.078;1021.872;0;
5806429865;97.844;-21.838;1013.576;-25.254;12.078;1021.872;0;
5806434963;97.844;-21.838;1013.576;-27.084;34.648;1025.0441;0;
5806440851;92.598;-6.832;1008.94;-27.084;34.648;1025.0441;0;
5806446680;92.598;-6.832;1008.94;-23.912;57.706;1031.51;0;
5806453399;106.872;-3.294;1011.38;-24.4;74.176;1036.8781;0;
5806459332;160.552;-9.15;1011.502;-24.4;74.176;1036.8781;0;
5806465746;160.552;-9.15;1011.502;-29.89;88.938;1040.538;0;
5806470876;234.606;-37.576;1008.33;-29.89;88.938;1040.538;0;
5806476865;234.606;-37.576;1008.33;-35.746;104.066;1045.418;0;
5806483842;292.922;-44.286;1006.012;-36.844;114.192;1044.9301;0;
5806489106;304.39;-32.574;1006.256;-36.844;114.192;1044.9301;0;
5806495185;304.39;-32.574;1006.256;-33.428;117.974;1042.49;0;
5806501257;285.846;-32.818;1006.622;-33.428;117.974;1042.49;0;
5806508646;285.846;-32.818;1006.622;-29.89;111.142;1031.754;0;
5806514865;258.152;-30.988;1006.866;-26.352;98.698;1021.506;0;
5806520048;227.53;-20.618;1008.818;-26.352;98.698;1021.506;0;
5806526039;227.53;-20.618;1008.818;-23.668;88.328;1022.726;0;
5806532939;203.74;-14.274;1008.208;-23.79;74.542;1018.7;0;
5806538964;180.926;-21.838;1008.94;-23.79;74.542;1018.7;0;
5806544153;180.926;-21.838;1008.94;-25.376;51.118;1002.962;0;
5806550134;127.246;-17.934;1011.136;-25.376;51.118;1002.962;0;
5806557448;127.246;-17.934;1011.136;-23.912;29.89;1011.258;0;
5806563573;37.332;-12.322;1010.77;-13.664;10.248;1024.312;0;
5806569516;-34.526;-14.64;1013.088;-13.664;10.248;1024.312;0;
5806574701;-34.526;-14.64;1013.088;-7.076;-12.322;1030.046;0;
5806580684;-63.074;-14.396;1012.6;-7.076;-12.322;1030.046;0;
5806586679;-63.074;-14.396;1012.6;-9.516;-33.184;1031.51;0;
5806593575;-72.59;-14.03;1012.6;-9.516;-52.582;1021.262;0;
5806599939;-92.72;-15.372;1016.138;-9.516;-52.582;1021.262;0;
5806605163;-92.72;-15.372;1016.138;-8.296;-67.71;1022.848;0;
5806611141;-141.642;-25.62;1014.674;-8.296;-67.71;1022.848;0;
5806617221;-141.642;-25.62;1014.674;-6.588;-78.202;1031.632;0;
5806624204;-205.326;-10.736;1015.894;1.098;-88.694;1021.384;0;
5806629381;-242.414;19.276;1016.504;1.098;-88.694;1021.384;0;
5806635288;-242.414;19.276;1016.504;7.93;-87.718;1018.578;0;
5806641223;-240.584;3.05;1014.43;7.93;-87.718;1018.578;0;
5806648523;-240.584;3.05;1014.43;7.198;-78.934;1017.358;0;
5806654467;-225.09;-34.526;1016.26;2.318;-73.2;1006.256;0;
5806659641;-209.84;-29.036;1016.504;2.318;-73.2;1006.256;0;
5806665641;-209.84;-29.036;1016.504;-1.952;-61.122;1002.84;0;
5806671708;-198.616;-2.074;1017.846;-1.952;-61.122;1002.84;0;
5806677704;-198.616;-2.074;1017.846;-3.05;-45.384;994.422;0;
5806684511;-183.366;5.246;1015.04;-8.296;-20.618;1000.4;0;
5806689600;-118.462;-2.928;1011.502;-8.296;-20.618;1000.4;0;
5806696915;-118.462;-2.928;1011.502;-17.568;5.612;1008.94;0;
5806702038;4.148;-23.18;1012.6;-17.568;5.612;1008.94;0;
5806707767;4.148;-23.18;1012.6;-25.376;29.036;1016.87;0;
5806714483;88.084;-36.966;1014.308;-30.622;53.192;1028.826;0;
5806719571;101.138;-28.426;1014.064;-30.622;53.192;1028.826;0;
5806725570;101.138;-28.426;1014.064;-31.964;72.224;1033.34;0;
5806731548;100.894;-12.566;1005.768;-31.964;72.224;1033.34;0;
5806739762;122.488;2.074;1006.5;-34.282;89.426;1032.8521;0;
5806744802;122.488;2.074;1006.5;-35.868;105.652;1040.9041;0;
5806750698;177.022;-13.542;1008.086;-35.868;105.652;1040.9041;0;
5806756781;177.022;-13.542;1008.086;-38.064;121.146;1050.054;0;
5806762850;247.904;-45.384;1004.304;-38.064;121.146;1050.054;0;
5806769830;299.388;-37.332;1006.012;-41.968;130.906;1051.396;0;
5806775099;299.388;-37.332;1006.012;-41.602;130.052;1045.662;0;
5806781172;302.804;-25.01;1006.012;-41.602;130.052;1045.662;0;
5806789475;277.672;-34.648;1007.354;-36.6;126.27;1034.438;0;
5806794784;277.672;-34.648;1007.354;-29.89;117.364;1030.046;0;
5806800850;251.32;-36.6;1007.72;-29.89;117.364;1030.046;0;
5806806930;251.32;-36.6;1007.72;-27.084;104.92;1027.118;0;
5806813002;225.7;-21.472;1008.452;-27.084;104.92;1027.118;0;
5806819985;200.568;-8.174;1007.72;-24.034;90.646;1020.774;0;
5806825082;200.568;-8.174;1007.72;-20.862;67.1;1004.426;0;
5806832292;166.408;-21.472;1007.842;-20.862;67.1;1004.426;0;
5806837512;166.408;-21.472;1007.842;-15.738;45.75;1006.012;0;
5806843488;96.624;-20.984;1011.014;-15.738;45.75;1006.012;0;
5806850303;7.93;-9.028;1011.014;-5.612;22.448;1017.358;0;
